
======================================================================
EXPERIMENT : behavioral_superposition — collect_contrast_vectors — layer 14
TIME       : 2026-05-13 15:57:29
======================================================================

--- MCQ | sample 0 | layer 14 ---
  [ICL 1] 'The differential diagnosis of micro-angiopathic anemia includes all Except:' → C
  [ICL 2] 'Aplastic anemia in sickle cell anemia is due to infection of -' → B
  [ICL 3] 'An 80 year old female presents with progressive loss of memory, difficulty in re' → A
  [TEST] 'Coarse tremors of tongue is seen in all except:'

--- MCQ | sample 1 | layer 14 ---
  [ICL 1] 'Floating water lilly sign on chest x-ray is characteristic of-' → A
  [ICL 2] "Which of the following is the established biological therapy for Crohn's disease" → A
  [ICL 3] 'A 64-year-old woman is admitted to the hospital with right lobar pneumonia and s' → C
  [TEST] 'A 55- year old diabetic patient presents with transient obscuration in vision fo'

--- MCQ | sample 2 | layer 14 ---
  [ICL 1] 'Anticipation phenomenon is seen in' → D
  [ICL 2] "Hepatitis B surface antigen in a patient's serum indicates" → B
  [ICL 3] 'Features of restrictive lung disease is-' → D
  [TEST] 'Which heart sound indicates stiffness of ventricular wall'

--- MCQ | sample 3 | layer 14 ---
  [ICL 1] 'All are useful for management of severe Clostridium difficle treatment except -' → B
  [ICL 2] 'Wide fixed splitting of the second hea sound is typical of-' → A
  [ICL 3] 'A cardiac patient must be asked to stop one of the following drugs when he is co' → C
  [TEST] "Which of the following is not true about the salivary gland output in Sjogren's "

--- MCQ | sample 4 | layer 14 ---
  [ICL 1] 'Alkaline phosphatase is found in all organs,except -a) Boneb) Heartc) Placentad)' → B
  [ICL 2] 'A female patient presents with upper respiratory tract infection. Two days after' → A
  [ICL 3] 'Esophageal adenocarcinoma is predisposed by' → B
  [TEST] "Which of the following is not true about the salivary gland output in Sjogren's "

--- MCQ | sample 5 | layer 14 ---
  [ICL 1] 'All the following are used for treatment of chronic Hepatitis B except?' → C
  [ICL 2] 'Patient presents with fasting sugar as 167mg/dl, skin pigmentation and hypogonad' → C
  [ICL 3] 'Sarcodiosis can be associated with' → A
  [TEST] 'First time causative agent of AIDS was discovered in:'

--- MCQ | sample 6 | layer 14 ---
  [ICL 1] "Not seen in cushing's syndrome: March 2009" → D
  [ICL 2] 'Occupational exposure which is yet NOT confirmed on causing a lung problem: Marc' → C
  [ICL 3] "Which of the following is the established biological therapy for Crohn's disease" → A
  [TEST] 'Which of the following disease cause damage of vertebral body & intervertebral s'

--- MCQ | sample 7 | layer 14 ---
  [ICL 1] 'Immume complex mediated gloomerular damage is seen in all except -' → B
  [ICL 2] '50 year old Dharma is admitted for chest discomfo. A right bundle branch block l' → D
  [ICL 3] 'Which of the following is associated with adult polycystic kidney disease -' → A
  [TEST] 'Lead cause following except'

--- MCQ | sample 8 | layer 14 ---
  [ICL 1] 'A 38 year old male presents to OPD with history of progressive sholess of breath' → B
  [ICL 2] '"Setting Sun" sign is seen in' → A
  [ICL 3] 'Most common inherited peripheral neuropathy is?' → B
  [TEST] "Which of the following is not true about the salivary gland output in Sjogren's "

--- MCQ | sample 9 | layer 14 ---
  [ICL 1] 'Peripheral resistance of arteries measures:' → B
  [ICL 2] 'Atherosclerosis is inversely proport- ionnal to:' → D
  [ICL 3] 'In hypokalaemia all ECG changes are seen except' → B
  [TEST] 'Myocardial infarction; signs are all except'

--- MCQ | sample 10 | layer 14 ---
  [ICL 1] 'Indications for use of cyclophosphamide in SLE is' → C
  [ICL 2] 'Most common cause of pleural effusion in AIDS patients' → A
  [ICL 3] 'All the following are manifestations of CMV infection following Lung transplant ' → D
  [TEST] 'Which of the following disease cause damage of vertebral body & intervertebral s'

--- MCQ | sample 11 | layer 14 ---
  [ICL 1] 'Which laboratory determinations would be most helpful in distinguishing iron def' → D
  [ICL 2] 'True about polycythemia rubra vera is all except -' → D
  [ICL 3] 'Pulses paradoxus is seen in:' → C
  [TEST] 'Myocardial infarction; signs are all except'

--- MCQ | sample 12 | layer 14 ---
  [ICL 1] 'In hypokalaemia all ECG changes are seen except' → B
  [ICL 2] 'Drug for management of hypeension in Phaeochromocytoma' → A
  [ICL 3] 'ECG with ST -elevation low BP. Best line of management is -' → C
  [TEST] 'Features of cardiac rest pain are all, except'

--- MCQ | sample 13 | layer 14 ---
  [ICL 1] 'Sentinel surveillance is done for: September 2003' → A
  [ICL 2] 'Regarding medullary sponge kidney-a) Autosomal dominantb) Nephrocalcinosisc) Min' → C
  [ICL 3] 'Generally speaking, the distal, burning, painful dysesthesias with reduced pinpr' → A
  [TEST] 'Which drug is not given in Wilson disease?'

--- MCQ | sample 14 | layer 14 ---
  [ICL 1] '42 yrs old man presented with dizziness on standing,SBP falls by 50 mm Hg and HR' → C
  [ICL 2] 'All are true regarding GB syndrome, Except -' → C
  [ICL 3] 'A 23-year-old male patient presented with a history of back pain, which is more ' → D
  [TEST] 'Staphylococcus aureus and pneumoniae are responsible for:'

--- MCQ | sample 15 | layer 14 ---
  [ICL 1] 'Which of the following is selective myosin activator?' → B
  [ICL 2] 'A 45-year-old woman has developed increasing SOB on exertion and fatigue. She ha' → B
  [ICL 3] 'All of the following are chromosomal breakage syndromes except -' → B
  [TEST] 'Calculate the base deficit in a patient of weight 75 kg with a pH = 6.96, pCO2 ='

--- MCQ | sample 16 | layer 14 ---
  [ICL 1] 'Pancytopenia with cellular marrow is seen in all except -' → D
  [ICL 2] 'All the following are manifestations of CMV infection following Lung transplant ' → D
  [ICL 3] 'A raised serum creatinine phosphokinase level in unusual in -' → C
  [TEST] 'Facial nerve injury during forceps delivery in labour is due to:'

--- MCQ | sample 17 | layer 14 ---
  [ICL 1] 'The following is a marker of acute hepatitis B infection -' → A
  [ICL 2] 'Alkaline phosphatase is found in all organs,except -a) Boneb) Heartc) Placentad)' → B
  [ICL 3] 'Investigation of choice for diagnosing primary hypothyroidism: March 2007, Septe' → C
  [TEST] 'A 29 yrs old woman with a pregnancy of 17 week has a 10 years old boy with down '

--- MCQ | sample 18 | layer 14 ---
  [ICL 1] 'All of the following statements about mitral valve prolapse are true except:' → B
  [ICL 2] 'Kespar Hauser syndrome is due to' → D
  [ICL 3] 'Right axis deviation is seen in all except' → B
  [TEST] 'Valvular lesion most often resulting from myocardial infarction is:'

--- MCQ | sample 19 | layer 14 ---
  [ICL 1] 'A 45-year-old woman has developed increasing SOB on exertion and fatigue. She ha' → B
  [ICL 2] 'Which cranial nerve(s) is/are not involved in "Locked in syndrome"?' → C
  [ICL 3] 'Which of the following is not a cause of cirrhosis?' → C
  [TEST] 'Which heart sound indicates stiffness of ventricular wall'

--- PubMedQA | sample 0 | layer 14 ---
  [ICL 1] 'Can infundibular height predict the clearance of lower pole calyceal stone after' → yes
  [ICL 2] 'The clinical significance of bile duct sludge: is it different from bile duct st' → no
  [ICL 3] 'Is pelvic pain associated with defecatory symptoms in women with pelvic organ pr' → yes
  [TEST] 'Does preoperative anemia adversely affect colon and rectal surgery outcomes?'

--- PubMedQA | sample 1 | layer 14 ---
  [ICL 1] 'Is the atopy patch test with house dust mites specific for atopic dermatitis?' → yes
  [ICL 2] 'Is fetal gender associated with emergency department visits for asthma during pr' → no
  [ICL 3] 'The colour of pain: can patients use colour to describe osteoarthritis pain?' → yes
  [TEST] "Are the GFRUP's recommendations for withholding or withdrawing treatments in cri"

--- PubMedQA | sample 2 | layer 14 ---
  [ICL 1] 'Does gestational age misclassification explain the difference in birthweights fo' → no
  [ICL 2] 'Is double-balloon enteroscopy an accurate method to diagnose small-bowel disorde' → yes
  [ICL 3] 'Can magnetic resonance-ultrasound fusion biopsy improve cancer detection in enla' → yes
  [TEST] 'Does a febrile reaction to platelets predispose recipients to red blood cell all'

--- PubMedQA | sample 3 | layer 14 ---
  [ICL 1] 'Are head and neck specific quality of life measures necessary?' → yes
  [ICL 2] "Can ki-67 play a role in prediction of breast cancer patients' response to neoad" → yes
  [ICL 3] 'Does prior benign prostate biopsy predict outcome for patients treated with radi' → yes
  [TEST] 'Do nontriploid partial hydatidiform moles exist?'

--- PubMedQA | sample 4 | layer 14 ---
  [ICL 1] 'Upstream solutions: does the supplemental security income program reduce disabil' → yes
  [ICL 2] 'Does menopausal transition affect the quality of life?' → no
  [ICL 3] 'Transient tachypnea of the newborn (TTN): a role for polymorphisms in the beta-a' → yes
  [TEST] 'Do nontriploid partial hydatidiform moles exist?'

--- PubMedQA | sample 5 | layer 14 ---
  [ICL 1] 'The colour of pain: can patients use colour to describe osteoarthritis pain?' → yes
  [ICL 2] 'Acute hepatitis C in Israel: a predominantly iatrogenic disease?' → yes
  [ICL 3] 'An HIV1/2 point of care test on sputum for screening TB/HIV co-infection in Cent' → yes
  [TEST] 'Advanced epithelial ovarian carcinoma in Thai women: should we continue to offer'

--- PubMedQA | sample 6 | layer 14 ---
  [ICL 1] 'Is amoxapine an atypical antipsychotic?' → yes
  [ICL 2] 'Has the prevalence of health care services use increased over the last decade (2' → yes
  [ICL 3] 'Does telmisartan prevent hepatic fibrosis in rats with alloxan-induced diabetes?' → yes
  [TEST] 'Does tranexamic acid reduce desmopressin-induced hyperfibrinolysis?'

--- PubMedQA | sample 7 | layer 14 ---
  [ICL 1] 'Do women with ovaries of polycystic morphology without any other features of PCO' → no
  [ICL 2] 'Does cognitive function predict frequency compressed speech recognition in liste' → no
  [ICL 3] 'Is there a relationship between homocysteine and vitiligo?' → yes
  [TEST] 'Xanthogranulomatous cholecystitis: a premalignant condition?'

--- PubMedQA | sample 8 | layer 14 ---
  [ICL 1] 'Do approved doctors and medical referees in the UK agree when assessing a seafar' → no
  [ICL 2] 'Is low birth weight a risk indicator for congenital cytomegalovirus infection?' → no
  [ICL 3] 'Steroids in aminoglycoside-containing ear drops: do they reduce cochlear toxicit' → yes
  [TEST] 'Do nontriploid partial hydatidiform moles exist?'

--- PubMedQA | sample 9 | layer 14 ---
  [ICL 1] 'Cycloplegic autorefraction in young adults: is it mandatory?' → maybe
  [ICL 2] 'Does ethnicity affect where people with cancer die?' → yes
  [ICL 3] 'Does the central venous pressure predict fluid responsiveness?' → no
  [TEST] 'Vaginal dose assessment in image-guided brachytherapy for cervical cancer: Can w'

--- PubMedQA | sample 10 | layer 14 ---
  [ICL 1] 'Mammographic screening in Sami speaking municipalities and a control group. Are ' → yes
  [ICL 2] 'Implementation of epidural analgesia for labor: is the standard of effective ana' → yes
  [ICL 3] 'Does short-term treatment with proton pump inhibitors cause rebound aggravation ' → no
  [TEST] 'Does tranexamic acid reduce desmopressin-induced hyperfibrinolysis?'

--- PubMedQA | sample 11 | layer 14 ---
  [ICL 1] 'Are opioid dependence and methadone maintenance treatment (MMT) documented in th' → maybe
  [ICL 2] 'Does elective re-siting of intravenous cannulae decrease peripheral thrombophleb' → yes
  [ICL 3] 'Scrotal approach to both palpable and impalpable undescended testes: should it b' → yes
  [TEST] 'Vaginal dose assessment in image-guided brachytherapy for cervical cancer: Can w'

--- PubMedQA | sample 12 | layer 14 ---
  [ICL 1] 'Do mitochondria play a role in remodelling lace plant leaves during programmed c' → yes
  [ICL 2] 'Prescriptions as a proxy for asthma in children: a good choice?' → no
  [ICL 3] 'Did the call for boycott by the Catholic bishops affect the polio vaccination co' → no
  [TEST] 'Are performance measurement systems useful?'

--- PubMedQA | sample 13 | layer 14 ---
  [ICL 1] 'Are even impaired fasting blood glucose levels preoperatively associated with in' → yes
  [ICL 2] 'Does multi-modal cervical physical therapy improve tinnitus in patients with cer' → yes
  [ICL 3] 'An HIV1/2 point of care test on sputum for screening TB/HIV co-infection in Cent' → yes
  [TEST] 'Do women residents delay childbearing due to perceived career threats?'

--- PubMedQA | sample 14 | layer 14 ---
  [ICL 1] 'Does maternal obesity have an influence on feeding behavior of obese children?' → no
  [ICL 2] 'An HIV1/2 point of care test on sputum for screening TB/HIV co-infection in Cent' → yes
  [ICL 3] 'Do African American women require fewer calories to maintain weight?' → no
  [TEST] 'PREVALENCE OF THE STREPTOCOCUS AGALACTIAE IN THE PREGNANT WOMAN FROM THE AUTONOM'

--- PubMedQA | sample 15 | layer 14 ---
  [ICL 1] 'Does high-dose radiotherapy benefit palliative lung cancer patients?' → no
  [ICL 2] 'Do some U.S. states have higher/lower injury mortality rates than others?' → yes
  [ICL 3] 'Subclavian steal syndrome: can the blood pressure difference between arms predic' → yes
  [TEST] 'Is portable ultrasonography accurate in the evaluation of Schanz pin placement d'

--- PubMedQA | sample 16 | layer 14 ---
  [ICL 1] 'Traumatic aortic injury: does the anatomy of the aortic arch influence aortic tr' → yes
  [ICL 2] 'Prostatic syndrome and pleural effusion: are they different diseases?' → maybe
  [ICL 3] 'Continuation of pregnancy after antenatal corticosteroid administration: opportu' → maybe
  [TEST] 'Does the lipid-lowering peroxisome proliferator-activated receptors ligand bezaf'

--- PubMedQA | sample 17 | layer 14 ---
  [ICL 1] 'Do microbiological factors account for poor pregnancy outcome among unmarried pr' → yes
  [ICL 2] 'Upstream solutions: does the supplemental security income program reduce disabil' → yes
  [ICL 3] 'Is specialty care associated with improved survival of patients with congestive ' → yes
  [TEST] 'Serum angiotensin-converting enzyme and frequency of severe hypoglycaemia in Typ'

--- PubMedQA | sample 18 | layer 14 ---
  [ICL 1] 'Percutaneous ethanol injection for benign cystic thyroid nodules: is aspiration ' → no
  [ICL 2] 'Is the international normalised ratio (INR) reliable?' → maybe
  [ICL 3] 'Does concomitant anterior/apical repair during midurethral sling improve the ove' → no
  [TEST] 'Household and food shopping environments: do they play a role in socioeconomic i'

--- PubMedQA | sample 19 | layer 14 ---
  [ICL 1] 'Does a family meetings intervention prevent depression and anxiety in family car' → no
  [ICL 2] "Does Paget's disease exist in India?" → yes
  [ICL 3] 'Juvenile osteochondritis dissecans: is it a growth disturbance of the secondary ' → yes
  [TEST] 'Does a febrile reaction to platelets predispose recipients to red blood cell all'

--- Symptom2Disease | sample 0 | layer 14 ---
  [ICL 1] 'I have a rash on my legs that is giving me a lot of pain. There appears to be a ' → 22
  [ICL 2] 'I have been feeling a lot of pain in my legs lately. It feels like a cramp and i' → 22
  [ICL 3] "I have red, itchy bumps all over my body. They're especially bad on my arms and " → 5
  [TEST] 'I have been having a lot of problems with my skin. It is constantly peeling and '

--- Symptom2Disease | sample 1 | layer 14 ---
  [ICL 1] 'I have a rash on my skin that is itchy and uncomfortable. There are also some od' → 10
  [ICL 2] 'I have been experiencing abdominal pain for a few days now. It is really painful' → 20
  [ICL 3] "My skin has been acting up recently, it's been itchy and I've been getting rashe" → 10
  [TEST] "I have red, irritated skin on my arms, face, and back. It's often itchy and unco"

--- Symptom2Disease | sample 2 | layer 14 ---
  [ICL 1] 'I have a lot of nausea and chest pain. My chest has been hurting for a while now' → 9
  [ICL 2] "I've been having trouble breathing, and I've been coughing a lot. I've been coug" → 3
  [ICL 3] "I've been having chills, fatigue, and a cough for a few days. I've also been swe" → 18
  [TEST] "I have to go to the bathroom a lot, but when I get there, I can't seem to empty "

--- Symptom2Disease | sample 3 | layer 14 ---
  [ICL 1] "I have these large, bulging veins on my legs that are really painful. They're re" → 22
  [ICL 2] "I've been having diarrhea and constipation, which is really bothering me. I have" → 20
  [ICL 3] "I've been feeling really sick lately. I've been having a lot of nausea and I fee" → 5
  [TEST] 'I have a hard time concentrating and my emotions are all over the place. I feel '

--- Symptom2Disease | sample 4 | layer 14 ---
  [ICL 1] "I've gained a lot of weight and am currently quite fat. I have many inclinations" → 9
  [ICL 2] "I have rashes that sometimes cause my skin to flake off. I'm more likely to get " → 9
  [ICL 3] "I've been feeling really sick lately. I've been itchy and throwing up, and I've " → 14
  [TEST] 'I have a hard time concentrating and my emotions are all over the place. I feel '

--- Symptom2Disease | sample 5 | layer 14 ---
  [ICL 1] 'I have rashes and skin irritations especially in the folds of my skin. My cuts a' → 8
  [ICL 2] "I have blood in my urine and a low-grade fever. I've also been having headaches " → 21
  [ICL 3] 'I have swelling in my legs and it is causing me to have difficulty fitting into ' → 22
  [TEST] 'I have a pretty irritating itch all over my body, and my skin also has a few red'

--- Symptom2Disease | sample 6 | layer 14 ---
  [ICL 1] "I've been feeling really sick and tired. I've lost weight and have a fever. My u" → 14
  [ICL 2] 'I have been having rashes on my skin for a while now. They are not healing and a' → 19
  [ICL 3] "I have trouble breathing, especially when I'm outside. I start to feel hot and s" → 8
  [TEST] "I've been experiencing stiffness and weakness in my neck muscles recently. I've "

--- Symptom2Disease | sample 7 | layer 14 ---
  [ICL 1] "I've been having trouble concentrating and focusing. I've also been experiencing" → 12
  [ICL 2] "I've been feeling really tired and weak, and I can't seem to get enough sleep. I" → 7
  [ICL 3] 'I have a rash all over my body that is really itchy. I also have some bumps that' → 10
  [TEST] "I have a rash that sometimes causes my skin to peel off. I'm more susceptible to"

--- Symptom2Disease | sample 8 | layer 14 ---
  [ICL 1] "My muscles are weak and I have back pain. I've been feeling lightheaded and dizz" → 4
  [ICL 2] "I've been having a lot of pain in my joints and my neck has been really tight. I" → 2
  [ICL 3] 'I have a sour taste in my mouth. I burp and belch a lot. I have pressure or full' → 17
  [TEST] 'I have a hard time concentrating and my emotions are all over the place. I feel '

--- Symptom2Disease | sample 9 | layer 14 ---
  [ICL 1] 'I have a lot of pain in my legs, especially when I stand or walk for a long time' → 22
  [ICL 2] "I've been feeling really tired lately and have had this cough for a few days. It" → 3
  [ICL 3] "I have a fever and I can't breathe through my nose or mouth. I'm tired and I've " → 3
  [TEST] 'I have been feeling really sick lately. I have been having chills and fever, and'

--- Symptom2Disease | sample 10 | layer 14 ---
  [ICL 1] "I've been having trouble breathing lately. I've been coughing a lot, and my ches" → 3
  [ICL 2] "I've been vomiting and having diarrhea for a few days. I've also been having a f" → 20
  [ICL 3] "I have a lot of pain in my neck and back. I also feel weak and lightheaded. I've" → 4
  [TEST] "I've been experiencing stiffness and weakness in my neck muscles recently. I've "

--- Symptom2Disease | sample 11 | layer 14 ---
  [ICL 1] "I'm having trouble breathing, and I have a really high fever. I'm sweating a lot" → 18
  [ICL 2] "I've been feeling really sick for the past few days. I have a fever, I can't cat" → 18
  [ICL 3] 'I have been experiencing pain and swelling in my legs. The pain is worse when I ' → 22
  [TEST] 'I have been feeling really sick lately. I have been having chills and fever, and'

--- Symptom2Disease | sample 12 | layer 14 ---
  [ICL 1] 'I have a high fever, chills, nausea, and severe itching. I also have a headache ' → 15
  [ICL 2] 'I have a lot of pain in my legs, especially when I stand for long periods of tim' → 22
  [ICL 3] "I have been feeling really cold, even though it's warm outside. My back hurts an" → 7
  [TEST] "I've been sneezing a lot and I'm really tired. My throat hurts and I have a lot "

--- Symptom2Disease | sample 13 | layer 14 ---
  [ICL 1] 'I feel weak and my lymph nodes are swollen. My eyes burn and my throat hurts. My' → 6
  [ICL 2] 'I have been feeling very thirsty and hungry lately. I also feel very tired at ti' → 8
  [ICL 3] "I'm experiencing a high fever, chills, nausea, and severe itching. I also have a" → 15
  [TEST] 'I have been feeling very tired and weak. I have also been vomiting and have deve'

--- Symptom2Disease | sample 14 | layer 14 ---
  [ICL 1] 'I have a constant hunger and appetite. Sometimes my stomach will cramp and spasm' → 17
  [ICL 2] "I have a fever, headache, and swollen lymph nodes. I feel weak and fatigued. I'm" → 5
  [ICL 3] 'I have been having a lot of skin problems lately. I have red, scaly patches on m' → 19
  [TEST] 'I have a stomach ache and I am feeling feverish. I also have chills and a headac'

--- Symptom2Disease | sample 15 | layer 14 ---
  [ICL 1] 'I have a rash on my skin that is itchy and uncomfortable. I have also noticed sm' → 19
  [ICL 2] "I've had a high fever, vomiting, chills, and intense itching. I also have a head" → 15
  [ICL 3] 'I have mood swings and have trouble concentrating. My mind feels hazy and foggy ' → 8
  [TEST] 'I have a skin rash that gets worse in the winter when the air is dry. I have to '

--- Symptom2Disease | sample 16 | layer 14 ---
  [ICL 1] 'I have been feeling dizzy and lightheaded, and I have also had trouble keeping m' → 12
  [ICL 2] 'I feel tired all the time, and my throat feels tingly. I also have dry, flaky sk' → 1
  [ICL 3] "I have to pee a lot, and it's hard to hold it in. I feel dizzy and confused. I c" → 8
  [TEST] "I've been feeling really sick and I have a rash all over my body. I'm worried ab"

--- Symptom2Disease | sample 17 | layer 14 ---
  [ICL 1] "I'm always tired, my taste is off, and my throat is really scratchy. I also have" → 1
  [ICL 2] 'I have a rash on my back and chest, and my entire body itches. My skin may be dr' → 9
  [ICL 3] "I've gained a lot of weight and am currently quite fat. I have many inclinations" → 9
  [TEST] 'I have been having a headache for the past week. It started out as a dull ache, '

--- Symptom2Disease | sample 18 | layer 14 ---
  [ICL 1] "I have a rash on my face and it's really painful. There are little blisters arou" → 13
  [ICL 2] 'I have had diarrhea for a few days now. It is very watery and smells bad. I also' → 20
  [ICL 3] "I've been experiencing a lot of itching, chills, vomiting, and a fever. I also h" → 15
  [TEST] "I've been feeling really sick lately. I've been throwing up and I'm itchy all ov"

--- Symptom2Disease | sample 19 | layer 14 ---
  [ICL 1] "I've been having a runny nose and a sore throat for a few days now. I also feel " → 6
  [ICL 2] "I've been feeling really sick lately. I've been getting chills and I'm always ti" → 18
  [ICL 3] "I have a rash all over my body, and it's really itchy. I have some bumps that ar" → 10
  [TEST] "I have to go to the bathroom a lot, but when I get there, I can't seem to empty "

--- Mixed | sample 0 | layer 14 ---
  [ICL 1] "I'm having trouble sleeping because of stomach pain. I'm also tired after using " → 17
  [ICL 2] 'Which of the following is not a cause of cirrhosis?' → C
  [ICL 3] 'Can homemade alcohol (Raksi) be useful for preserving dead bodies?' → yes
  [TEST] 'Coarse tremors of tongue is seen in all except:'

--- Mixed | sample 1 | layer 14 ---
  [ICL 1] 'The colour of pain: can patients use colour to describe osteoarthritis pain?' → yes
  [ICL 2] 'Which cranial nerve(s) is/are not involved in "Locked in syndrome"?' → C
  [ICL 3] "I've been having recurrent headaches and blurred vision. I also have acid reflux" → 16
  [TEST] 'A 55- year old diabetic patient presents with transient obscuration in vision fo'

--- Mixed | sample 2 | layer 14 ---
  [ICL 1] 'Can magnetic resonance-ultrasound fusion biopsy improve cancer detection in enla' → yes
  [ICL 2] 'I have been feeling really sick lately. I have been itching all over, and I have' → 14
  [ICL 3] 'All of the following are chromosomal breakage syndromes except -' → B
  [TEST] 'Which heart sound indicates stiffness of ventricular wall'

--- Mixed | sample 3 | layer 14 ---
  [ICL 1] 'MR Diagnosis of Bone Metastases at 1.5 T and 3 T: Can STIR Imaging Be Omitted?' → yes
  [ICL 2] 'Cavernous respiration is seen in?' → A
  [ICL 3] 'I have been losing weight and having trouble gaining weight. I have pain and dis' → 17
  [TEST] "Which of the following is not true about the salivary gland output in Sjogren's "

--- Mixed | sample 4 | layer 14 ---
  [ICL 1] "I've been feeling really sick lately. I've been itchy and throwing up, and I've " → 14
  [ICL 2] '50 year old Dharma is admitted for chest discomfo. A right bundle branch block l' → D
  [ICL 3] 'Can the postoperative pain level be predicted preoperatively?' → yes
  [TEST] "Which of the following is not true about the salivary gland output in Sjogren's "

--- Mixed | sample 5 | layer 14 ---
  [ICL 1] 'A 63 year old man presents with a triad of angina, syncope and congestive hea fa' → C
  [ICL 2] "I've been feeling unwell for a while now. I have a headache, chest pain, and I f" → 12
  [ICL 3] 'An HIV1/2 point of care test on sputum for screening TB/HIV co-infection in Cent' → yes
  [TEST] 'First time causative agent of AIDS was discovered in:'

--- Mixed | sample 6 | layer 14 ---
  [ICL 1] 'I have a burning pain in my stomach that comes and goes. I also have a lot of ga' → 17
  [ICL 2] 'Does telmisartan prevent hepatic fibrosis in rats with alloxan-induced diabetes?' → yes
  [ICL 3] 'Which of the following statements on lymphoma is not Trne -' → D
  [TEST] 'Which of the following disease cause damage of vertebral body & intervertebral s'

--- Mixed | sample 7 | layer 14 ---
  [ICL 1] 'I have a rash all over my body that is really itchy. I also have some bumps that' → 10
  [ICL 2] 'Amblyopia: is visual loss permanent?' → no
  [ICL 3] 'Trachealization of oesophagus is seen in?' → A
  [TEST] 'Lead cause following except'

--- Mixed | sample 8 | layer 14 ---
  [ICL 1] 'Most common inherited peripheral neuropathy is?' → B
  [ICL 2] 'I have been having back pain, a cough, and weakness in my limbs. My neck is sore' → 4
  [ICL 3] 'Is irritable bowel syndrome a diagnosis of exclusion?' → maybe
  [TEST] "Which of the following is not true about the salivary gland output in Sjogren's "

--- Mixed | sample 9 | layer 14 ---
  [ICL 1] 'In hypokalaemia all ECG changes are seen except' → B
  [ICL 2] 'Serovar specific immunity to Neisseria gonorrhoeae: does it exist?' → no
  [ICL 3] 'I have a burning sensation in my chest and throat, and I often feel like I have ' → 11
  [TEST] 'Myocardial infarction; signs are all except'

--- Mixed | sample 10 | layer 14 ---
  [ICL 1] "I have a lot of pain in my neck and back. I also feel weak and lightheaded. I've" → 4
  [ICL 2] 'Can static foot posture measurements predict regional plantar surface area?' → yes
  [ICL 3] 'Which of the following is not associated with cafe-au-lait spots?' → B
  [TEST] 'Which of the following disease cause damage of vertebral body & intervertebral s'

--- Mixed | sample 11 | layer 14 ---
  [ICL 1] 'A 54 year old male patient presents to the Neurology O.P with complaints of slow' → B
  [ICL 2] 'Sub-classification of low-grade cerebellar astrocytoma: is it clinically meaning' → no
  [ICL 3] "I've been feeling really sick. I have a high fever, chills, and a headache. I've" → 15
  [TEST] 'Myocardial infarction; signs are all except'

--- Mixed | sample 12 | layer 14 ---
  [ICL 1] 'Features of pneumocystic carini pneumonia are:' → D
  [ICL 2] 'I have been having a lot of itching all over my body, and I have noticed some re' → 10
  [ICL 3] 'Does high-dose radiotherapy benefit palliative lung cancer patients?' → no
  [TEST] 'Features of cardiac rest pain are all, except'

--- Mixed | sample 13 | layer 14 ---
  [ICL 1] "I've been having headaches and chest pain for a while now, and it's been getting" → 12
  [ICL 2] 'All are seen in acute HIV syndrome Except' → A
  [ICL 3] 'Do older patients receive adequate stroke care?' → maybe
  [TEST] 'Which drug is not given in Wilson disease?'

--- Mixed | sample 14 | layer 14 ---
  [ICL 1] 'Inpatient versus outpatient management of neutropenic fever in gynecologic oncol' → yes
  [ICL 2] 'All of the following are chromosomal breakage syndromes except -' → B
  [ICL 3] 'I have rashes and skin irritations especially in the folds of my skin. My cuts a' → 8
  [TEST] 'Staphylococcus aureus and pneumoniae are responsible for:'

--- Mixed | sample 15 | layer 14 ---
  [ICL 1] 'Some aspects of social exclusion: do they influence suicide mortality?' → yes
  [ICL 2] 'I have rashes all over my body. I also have a high fever, chills, headache, body' → 7
  [ICL 3] 'A 39-year-old man is brought to the emergency department because of abdominal pa' → C
  [TEST] 'Calculate the base deficit in a patient of weight 75 kg with a pH = 6.96, pCO2 ='

--- Mixed | sample 16 | layer 14 ---
  [ICL 1] 'A raised serum creatinine phosphokinase level in unusual in -' → C
  [ICL 2] 'I have terrible mental clarity and find it difficult to stay focused. I regularl' → 9
  [ICL 3] 'Do Web-based and clinic samples of gay men living with HIV differ on self-report' → maybe
  [TEST] 'Facial nerve injury during forceps delivery in labour is due to:'

--- Mixed | sample 17 | layer 14 ---
  [ICL 1] 'Investigation of choice for diagnosing primary hypothyroidism: March 2007, Septe' → C
  [ICL 2] 'I have a fever and chills, and my whole body is aching. I also have a loss of ap' → 7
  [ICL 3] 'Do general practice characteristics influence uptake of an information technolog' → no
  [TEST] 'A 29 yrs old woman with a pregnancy of 17 week has a 10 years old boy with down '

--- Mixed | sample 18 | layer 14 ---
  [ICL 1] "I've been feeling really tired and nauseous. I've had a really bad cough and my " → 6
  [ICL 2] 'Profiling quality of care: Is there a role for peer review?' → yes
  [ICL 3] 'Bronchocentric granulomatosis commonly occurs due to?' → A
  [TEST] 'Valvular lesion most often resulting from myocardial infarction is:'

--- Mixed | sample 19 | layer 14 ---
  [ICL 1] 'Juvenile osteochondritis dissecans: is it a growth disturbance of the secondary ' → yes
  [ICL 2] 'Onion skin spleen is seen in:' → C
  [ICL 3] "My neck is really stiff, and my muscles are weak. My joints are swollen, and it'" → 2
  [TEST] 'Which heart sound indicates stiffness of ventricular wall'


======================================================================
EXPERIMENT : behavioral_superposition — collect_contrast_vectors — layer 14
TIME       : 2026-05-13 16:06:56
======================================================================

--- MCQ | sample 0 | layer 14 ---
  [ICL 1] 'The differential diagnosis of micro-angiopathic anemia includes all Except:' → C
  [ICL 2] 'Aplastic anemia in sickle cell anemia is due to infection of -' → B
  [ICL 3] 'An 80 year old female presents with progressive loss of memory, difficulty in re' → A
  [TEST] 'Coarse tremors of tongue is seen in all except:'

--- MCQ | sample 1 | layer 14 ---
  [ICL 1] 'Floating water lilly sign on chest x-ray is characteristic of-' → A
  [ICL 2] "Which of the following is the established biological therapy for Crohn's disease" → A
  [ICL 3] 'A 64-year-old woman is admitted to the hospital with right lobar pneumonia and s' → C
  [TEST] 'A 55- year old diabetic patient presents with transient obscuration in vision fo'

--- MCQ | sample 2 | layer 14 ---
  [ICL 1] 'Anticipation phenomenon is seen in' → D
  [ICL 2] "Hepatitis B surface antigen in a patient's serum indicates" → B
  [ICL 3] 'Features of restrictive lung disease is-' → D
  [TEST] 'Which heart sound indicates stiffness of ventricular wall'

--- MCQ | sample 3 | layer 14 ---
  [ICL 1] 'All are useful for management of severe Clostridium difficle treatment except -' → B
  [ICL 2] 'Wide fixed splitting of the second hea sound is typical of-' → A
  [ICL 3] 'A cardiac patient must be asked to stop one of the following drugs when he is co' → C
  [TEST] "Which of the following is not true about the salivary gland output in Sjogren's "

--- MCQ | sample 4 | layer 14 ---
  [ICL 1] 'Alkaline phosphatase is found in all organs,except -a) Boneb) Heartc) Placentad)' → B
  [ICL 2] 'A female patient presents with upper respiratory tract infection. Two days after' → A
  [ICL 3] 'Esophageal adenocarcinoma is predisposed by' → B
  [TEST] "Which of the following is not true about the salivary gland output in Sjogren's "

--- MCQ | sample 5 | layer 14 ---
  [ICL 1] 'All the following are used for treatment of chronic Hepatitis B except?' → C
  [ICL 2] 'Patient presents with fasting sugar as 167mg/dl, skin pigmentation and hypogonad' → C
  [ICL 3] 'Sarcodiosis can be associated with' → A
  [TEST] 'First time causative agent of AIDS was discovered in:'

--- MCQ | sample 6 | layer 14 ---
  [ICL 1] "Not seen in cushing's syndrome: March 2009" → D
  [ICL 2] 'Occupational exposure which is yet NOT confirmed on causing a lung problem: Marc' → C
  [ICL 3] "Which of the following is the established biological therapy for Crohn's disease" → A
  [TEST] 'Which of the following disease cause damage of vertebral body & intervertebral s'

--- MCQ | sample 7 | layer 14 ---
  [ICL 1] 'Immume complex mediated gloomerular damage is seen in all except -' → B
  [ICL 2] '50 year old Dharma is admitted for chest discomfo. A right bundle branch block l' → D
  [ICL 3] 'Which of the following is associated with adult polycystic kidney disease -' → A
  [TEST] 'Lead cause following except'

--- MCQ | sample 8 | layer 14 ---
  [ICL 1] 'A 38 year old male presents to OPD with history of progressive sholess of breath' → B
  [ICL 2] '"Setting Sun" sign is seen in' → A
  [ICL 3] 'Most common inherited peripheral neuropathy is?' → B
  [TEST] "Which of the following is not true about the salivary gland output in Sjogren's "

--- MCQ | sample 9 | layer 14 ---
  [ICL 1] 'Peripheral resistance of arteries measures:' → B
  [ICL 2] 'Atherosclerosis is inversely proport- ionnal to:' → D
  [ICL 3] 'In hypokalaemia all ECG changes are seen except' → B
  [TEST] 'Myocardial infarction; signs are all except'

--- MCQ | sample 10 | layer 14 ---
  [ICL 1] 'Indications for use of cyclophosphamide in SLE is' → C
  [ICL 2] 'Most common cause of pleural effusion in AIDS patients' → A
  [ICL 3] 'All the following are manifestations of CMV infection following Lung transplant ' → D
  [TEST] 'Which of the following disease cause damage of vertebral body & intervertebral s'

--- MCQ | sample 11 | layer 14 ---
  [ICL 1] 'Which laboratory determinations would be most helpful in distinguishing iron def' → D
  [ICL 2] 'True about polycythemia rubra vera is all except -' → D
  [ICL 3] 'Pulses paradoxus is seen in:' → C
  [TEST] 'Myocardial infarction; signs are all except'

--- MCQ | sample 12 | layer 14 ---
  [ICL 1] 'In hypokalaemia all ECG changes are seen except' → B
  [ICL 2] 'Drug for management of hypeension in Phaeochromocytoma' → A
  [ICL 3] 'ECG with ST -elevation low BP. Best line of management is -' → C
  [TEST] 'Features of cardiac rest pain are all, except'

--- MCQ | sample 13 | layer 14 ---
  [ICL 1] 'Sentinel surveillance is done for: September 2003' → A
  [ICL 2] 'Regarding medullary sponge kidney-a) Autosomal dominantb) Nephrocalcinosisc) Min' → C
  [ICL 3] 'Generally speaking, the distal, burning, painful dysesthesias with reduced pinpr' → A
  [TEST] 'Which drug is not given in Wilson disease?'

--- MCQ | sample 14 | layer 14 ---
  [ICL 1] '42 yrs old man presented with dizziness on standing,SBP falls by 50 mm Hg and HR' → C
  [ICL 2] 'All are true regarding GB syndrome, Except -' → C
  [ICL 3] 'A 23-year-old male patient presented with a history of back pain, which is more ' → D
  [TEST] 'Staphylococcus aureus and pneumoniae are responsible for:'

--- MCQ | sample 15 | layer 14 ---
  [ICL 1] 'Which of the following is selective myosin activator?' → B
  [ICL 2] 'A 45-year-old woman has developed increasing SOB on exertion and fatigue. She ha' → B
  [ICL 3] 'All of the following are chromosomal breakage syndromes except -' → B
  [TEST] 'Calculate the base deficit in a patient of weight 75 kg with a pH = 6.96, pCO2 ='

--- MCQ | sample 16 | layer 14 ---
  [ICL 1] 'Pancytopenia with cellular marrow is seen in all except -' → D
  [ICL 2] 'All the following are manifestations of CMV infection following Lung transplant ' → D
  [ICL 3] 'A raised serum creatinine phosphokinase level in unusual in -' → C
  [TEST] 'Facial nerve injury during forceps delivery in labour is due to:'

--- MCQ | sample 17 | layer 14 ---
  [ICL 1] 'The following is a marker of acute hepatitis B infection -' → A
  [ICL 2] 'Alkaline phosphatase is found in all organs,except -a) Boneb) Heartc) Placentad)' → B
  [ICL 3] 'Investigation of choice for diagnosing primary hypothyroidism: March 2007, Septe' → C
  [TEST] 'A 29 yrs old woman with a pregnancy of 17 week has a 10 years old boy with down '

--- MCQ | sample 18 | layer 14 ---
  [ICL 1] 'All of the following statements about mitral valve prolapse are true except:' → B
  [ICL 2] 'Kespar Hauser syndrome is due to' → D
  [ICL 3] 'Right axis deviation is seen in all except' → B
  [TEST] 'Valvular lesion most often resulting from myocardial infarction is:'

--- MCQ | sample 19 | layer 14 ---
  [ICL 1] 'A 45-year-old woman has developed increasing SOB on exertion and fatigue. She ha' → B
  [ICL 2] 'Which cranial nerve(s) is/are not involved in "Locked in syndrome"?' → C
  [ICL 3] 'Which of the following is not a cause of cirrhosis?' → C
  [TEST] 'Which heart sound indicates stiffness of ventricular wall'

--- PubMedQA | sample 0 | layer 14 ---
  [ICL 1] 'Can infundibular height predict the clearance of lower pole calyceal stone after' → yes
  [ICL 2] 'The clinical significance of bile duct sludge: is it different from bile duct st' → no
  [ICL 3] 'Is pelvic pain associated with defecatory symptoms in women with pelvic organ pr' → yes
  [TEST] 'Does preoperative anemia adversely affect colon and rectal surgery outcomes?'

--- PubMedQA | sample 1 | layer 14 ---
  [ICL 1] 'Is the atopy patch test with house dust mites specific for atopic dermatitis?' → yes
  [ICL 2] 'Is fetal gender associated with emergency department visits for asthma during pr' → no
  [ICL 3] 'The colour of pain: can patients use colour to describe osteoarthritis pain?' → yes
  [TEST] "Are the GFRUP's recommendations for withholding or withdrawing treatments in cri"

--- PubMedQA | sample 2 | layer 14 ---
  [ICL 1] 'Does gestational age misclassification explain the difference in birthweights fo' → no
  [ICL 2] 'Is double-balloon enteroscopy an accurate method to diagnose small-bowel disorde' → yes
  [ICL 3] 'Can magnetic resonance-ultrasound fusion biopsy improve cancer detection in enla' → yes
  [TEST] 'Does a febrile reaction to platelets predispose recipients to red blood cell all'

--- PubMedQA | sample 3 | layer 14 ---
  [ICL 1] 'Are head and neck specific quality of life measures necessary?' → yes
  [ICL 2] "Can ki-67 play a role in prediction of breast cancer patients' response to neoad" → yes
  [ICL 3] 'Does prior benign prostate biopsy predict outcome for patients treated with radi' → yes
  [TEST] 'Do nontriploid partial hydatidiform moles exist?'

--- PubMedQA | sample 4 | layer 14 ---
  [ICL 1] 'Upstream solutions: does the supplemental security income program reduce disabil' → yes
  [ICL 2] 'Does menopausal transition affect the quality of life?' → no
  [ICL 3] 'Transient tachypnea of the newborn (TTN): a role for polymorphisms in the beta-a' → yes
  [TEST] 'Do nontriploid partial hydatidiform moles exist?'

--- PubMedQA | sample 5 | layer 14 ---
  [ICL 1] 'The colour of pain: can patients use colour to describe osteoarthritis pain?' → yes
  [ICL 2] 'Acute hepatitis C in Israel: a predominantly iatrogenic disease?' → yes
  [ICL 3] 'An HIV1/2 point of care test on sputum for screening TB/HIV co-infection in Cent' → yes
  [TEST] 'Advanced epithelial ovarian carcinoma in Thai women: should we continue to offer'

--- PubMedQA | sample 6 | layer 14 ---
  [ICL 1] 'Is amoxapine an atypical antipsychotic?' → yes
  [ICL 2] 'Has the prevalence of health care services use increased over the last decade (2' → yes
  [ICL 3] 'Does telmisartan prevent hepatic fibrosis in rats with alloxan-induced diabetes?' → yes
  [TEST] 'Does tranexamic acid reduce desmopressin-induced hyperfibrinolysis?'

--- PubMedQA | sample 7 | layer 14 ---
  [ICL 1] 'Do women with ovaries of polycystic morphology without any other features of PCO' → no
  [ICL 2] 'Does cognitive function predict frequency compressed speech recognition in liste' → no
  [ICL 3] 'Is there a relationship between homocysteine and vitiligo?' → yes
  [TEST] 'Xanthogranulomatous cholecystitis: a premalignant condition?'

--- PubMedQA | sample 8 | layer 14 ---
  [ICL 1] 'Do approved doctors and medical referees in the UK agree when assessing a seafar' → no
  [ICL 2] 'Is low birth weight a risk indicator for congenital cytomegalovirus infection?' → no
  [ICL 3] 'Steroids in aminoglycoside-containing ear drops: do they reduce cochlear toxicit' → yes
  [TEST] 'Do nontriploid partial hydatidiform moles exist?'

--- PubMedQA | sample 9 | layer 14 ---
  [ICL 1] 'Cycloplegic autorefraction in young adults: is it mandatory?' → maybe
  [ICL 2] 'Does ethnicity affect where people with cancer die?' → yes
  [ICL 3] 'Does the central venous pressure predict fluid responsiveness?' → no
  [TEST] 'Vaginal dose assessment in image-guided brachytherapy for cervical cancer: Can w'

--- PubMedQA | sample 10 | layer 14 ---
  [ICL 1] 'Mammographic screening in Sami speaking municipalities and a control group. Are ' → yes
  [ICL 2] 'Implementation of epidural analgesia for labor: is the standard of effective ana' → yes
  [ICL 3] 'Does short-term treatment with proton pump inhibitors cause rebound aggravation ' → no
  [TEST] 'Does tranexamic acid reduce desmopressin-induced hyperfibrinolysis?'

--- PubMedQA | sample 11 | layer 14 ---
  [ICL 1] 'Are opioid dependence and methadone maintenance treatment (MMT) documented in th' → maybe
  [ICL 2] 'Does elective re-siting of intravenous cannulae decrease peripheral thrombophleb' → yes
  [ICL 3] 'Scrotal approach to both palpable and impalpable undescended testes: should it b' → yes
  [TEST] 'Vaginal dose assessment in image-guided brachytherapy for cervical cancer: Can w'

--- PubMedQA | sample 12 | layer 14 ---
  [ICL 1] 'Do mitochondria play a role in remodelling lace plant leaves during programmed c' → yes
  [ICL 2] 'Prescriptions as a proxy for asthma in children: a good choice?' → no
  [ICL 3] 'Did the call for boycott by the Catholic bishops affect the polio vaccination co' → no
  [TEST] 'Are performance measurement systems useful?'

--- PubMedQA | sample 13 | layer 14 ---
  [ICL 1] 'Are even impaired fasting blood glucose levels preoperatively associated with in' → yes
  [ICL 2] 'Does multi-modal cervical physical therapy improve tinnitus in patients with cer' → yes
  [ICL 3] 'An HIV1/2 point of care test on sputum for screening TB/HIV co-infection in Cent' → yes
  [TEST] 'Do women residents delay childbearing due to perceived career threats?'

--- PubMedQA | sample 14 | layer 14 ---
  [ICL 1] 'Does maternal obesity have an influence on feeding behavior of obese children?' → no
  [ICL 2] 'An HIV1/2 point of care test on sputum for screening TB/HIV co-infection in Cent' → yes
  [ICL 3] 'Do African American women require fewer calories to maintain weight?' → no
  [TEST] 'PREVALENCE OF THE STREPTOCOCUS AGALACTIAE IN THE PREGNANT WOMAN FROM THE AUTONOM'

--- PubMedQA | sample 15 | layer 14 ---
  [ICL 1] 'Does high-dose radiotherapy benefit palliative lung cancer patients?' → no
  [ICL 2] 'Do some U.S. states have higher/lower injury mortality rates than others?' → yes
  [ICL 3] 'Subclavian steal syndrome: can the blood pressure difference between arms predic' → yes
  [TEST] 'Is portable ultrasonography accurate in the evaluation of Schanz pin placement d'

--- PubMedQA | sample 16 | layer 14 ---
  [ICL 1] 'Traumatic aortic injury: does the anatomy of the aortic arch influence aortic tr' → yes
  [ICL 2] 'Prostatic syndrome and pleural effusion: are they different diseases?' → maybe
  [ICL 3] 'Continuation of pregnancy after antenatal corticosteroid administration: opportu' → maybe
  [TEST] 'Does the lipid-lowering peroxisome proliferator-activated receptors ligand bezaf'

--- PubMedQA | sample 17 | layer 14 ---
  [ICL 1] 'Do microbiological factors account for poor pregnancy outcome among unmarried pr' → yes
  [ICL 2] 'Upstream solutions: does the supplemental security income program reduce disabil' → yes
  [ICL 3] 'Is specialty care associated with improved survival of patients with congestive ' → yes
  [TEST] 'Serum angiotensin-converting enzyme and frequency of severe hypoglycaemia in Typ'

--- PubMedQA | sample 18 | layer 14 ---
  [ICL 1] 'Percutaneous ethanol injection for benign cystic thyroid nodules: is aspiration ' → no
  [ICL 2] 'Is the international normalised ratio (INR) reliable?' → maybe
  [ICL 3] 'Does concomitant anterior/apical repair during midurethral sling improve the ove' → no
  [TEST] 'Household and food shopping environments: do they play a role in socioeconomic i'

--- PubMedQA | sample 19 | layer 14 ---
  [ICL 1] 'Does a family meetings intervention prevent depression and anxiety in family car' → no
  [ICL 2] "Does Paget's disease exist in India?" → yes
  [ICL 3] 'Juvenile osteochondritis dissecans: is it a growth disturbance of the secondary ' → yes
  [TEST] 'Does a febrile reaction to platelets predispose recipients to red blood cell all'

--- Symptom2Disease | sample 0 | layer 14 ---
  [ICL 1] 'I have a rash on my legs that is giving me a lot of pain. There appears to be a ' → 22
  [ICL 2] 'I have been feeling a lot of pain in my legs lately. It feels like a cramp and i' → 22
  [ICL 3] "I have red, itchy bumps all over my body. They're especially bad on my arms and " → 5
  [TEST] 'I have been having a lot of problems with my skin. It is constantly peeling and '

--- Symptom2Disease | sample 1 | layer 14 ---
  [ICL 1] 'I have a rash on my skin that is itchy and uncomfortable. There are also some od' → 10
  [ICL 2] 'I have been experiencing abdominal pain for a few days now. It is really painful' → 20
  [ICL 3] "My skin has been acting up recently, it's been itchy and I've been getting rashe" → 10
  [TEST] "I have red, irritated skin on my arms, face, and back. It's often itchy and unco"

--- Symptom2Disease | sample 2 | layer 14 ---
  [ICL 1] 'I have a lot of nausea and chest pain. My chest has been hurting for a while now' → 9
  [ICL 2] "I've been having trouble breathing, and I've been coughing a lot. I've been coug" → 3
  [ICL 3] "I've been having chills, fatigue, and a cough for a few days. I've also been swe" → 18
  [TEST] "I have to go to the bathroom a lot, but when I get there, I can't seem to empty "

--- Symptom2Disease | sample 3 | layer 14 ---
  [ICL 1] "I have these large, bulging veins on my legs that are really painful. They're re" → 22
  [ICL 2] "I've been having diarrhea and constipation, which is really bothering me. I have" → 20
  [ICL 3] "I've been feeling really sick lately. I've been having a lot of nausea and I fee" → 5
  [TEST] 'I have a hard time concentrating and my emotions are all over the place. I feel '

--- Symptom2Disease | sample 4 | layer 14 ---
  [ICL 1] "I've gained a lot of weight and am currently quite fat. I have many inclinations" → 9
  [ICL 2] "I have rashes that sometimes cause my skin to flake off. I'm more likely to get " → 9
  [ICL 3] "I've been feeling really sick lately. I've been itchy and throwing up, and I've " → 14
  [TEST] 'I have a hard time concentrating and my emotions are all over the place. I feel '

--- Symptom2Disease | sample 5 | layer 14 ---
  [ICL 1] 'I have rashes and skin irritations especially in the folds of my skin. My cuts a' → 8
  [ICL 2] "I have blood in my urine and a low-grade fever. I've also been having headaches " → 21
  [ICL 3] 'I have swelling in my legs and it is causing me to have difficulty fitting into ' → 22
  [TEST] 'I have a pretty irritating itch all over my body, and my skin also has a few red'

--- Symptom2Disease | sample 6 | layer 14 ---
  [ICL 1] "I've been feeling really sick and tired. I've lost weight and have a fever. My u" → 14
  [ICL 2] 'I have been having rashes on my skin for a while now. They are not healing and a' → 19
  [ICL 3] "I have trouble breathing, especially when I'm outside. I start to feel hot and s" → 8
  [TEST] "I've been experiencing stiffness and weakness in my neck muscles recently. I've "

--- Symptom2Disease | sample 7 | layer 14 ---
  [ICL 1] "I've been having trouble concentrating and focusing. I've also been experiencing" → 12
  [ICL 2] "I've been feeling really tired and weak, and I can't seem to get enough sleep. I" → 7
  [ICL 3] 'I have a rash all over my body that is really itchy. I also have some bumps that' → 10
  [TEST] "I have a rash that sometimes causes my skin to peel off. I'm more susceptible to"

--- Symptom2Disease | sample 8 | layer 14 ---
  [ICL 1] "My muscles are weak and I have back pain. I've been feeling lightheaded and dizz" → 4
  [ICL 2] "I've been having a lot of pain in my joints and my neck has been really tight. I" → 2
  [ICL 3] 'I have a sour taste in my mouth. I burp and belch a lot. I have pressure or full' → 17
  [TEST] 'I have a hard time concentrating and my emotions are all over the place. I feel '

--- Symptom2Disease | sample 9 | layer 14 ---
  [ICL 1] 'I have a lot of pain in my legs, especially when I stand or walk for a long time' → 22
  [ICL 2] "I've been feeling really tired lately and have had this cough for a few days. It" → 3
  [ICL 3] "I have a fever and I can't breathe through my nose or mouth. I'm tired and I've " → 3
  [TEST] 'I have been feeling really sick lately. I have been having chills and fever, and'

--- Symptom2Disease | sample 10 | layer 14 ---
  [ICL 1] "I've been having trouble breathing lately. I've been coughing a lot, and my ches" → 3
  [ICL 2] "I've been vomiting and having diarrhea for a few days. I've also been having a f" → 20
  [ICL 3] "I have a lot of pain in my neck and back. I also feel weak and lightheaded. I've" → 4
  [TEST] "I've been experiencing stiffness and weakness in my neck muscles recently. I've "

--- Symptom2Disease | sample 11 | layer 14 ---
  [ICL 1] "I'm having trouble breathing, and I have a really high fever. I'm sweating a lot" → 18
  [ICL 2] "I've been feeling really sick for the past few days. I have a fever, I can't cat" → 18
  [ICL 3] 'I have been experiencing pain and swelling in my legs. The pain is worse when I ' → 22
  [TEST] 'I have been feeling really sick lately. I have been having chills and fever, and'

--- Symptom2Disease | sample 12 | layer 14 ---
  [ICL 1] 'I have a high fever, chills, nausea, and severe itching. I also have a headache ' → 15
  [ICL 2] 'I have a lot of pain in my legs, especially when I stand for long periods of tim' → 22
  [ICL 3] "I have been feeling really cold, even though it's warm outside. My back hurts an" → 7
  [TEST] "I've been sneezing a lot and I'm really tired. My throat hurts and I have a lot "

--- Symptom2Disease | sample 13 | layer 14 ---
  [ICL 1] 'I feel weak and my lymph nodes are swollen. My eyes burn and my throat hurts. My' → 6
  [ICL 2] 'I have been feeling very thirsty and hungry lately. I also feel very tired at ti' → 8
  [ICL 3] "I'm experiencing a high fever, chills, nausea, and severe itching. I also have a" → 15
  [TEST] 'I have been feeling very tired and weak. I have also been vomiting and have deve'

--- Symptom2Disease | sample 14 | layer 14 ---
  [ICL 1] 'I have a constant hunger and appetite. Sometimes my stomach will cramp and spasm' → 17
  [ICL 2] "I have a fever, headache, and swollen lymph nodes. I feel weak and fatigued. I'm" → 5
  [ICL 3] 'I have been having a lot of skin problems lately. I have red, scaly patches on m' → 19
  [TEST] 'I have a stomach ache and I am feeling feverish. I also have chills and a headac'

--- Symptom2Disease | sample 15 | layer 14 ---
  [ICL 1] 'I have a rash on my skin that is itchy and uncomfortable. I have also noticed sm' → 19
  [ICL 2] "I've had a high fever, vomiting, chills, and intense itching. I also have a head" → 15
  [ICL 3] 'I have mood swings and have trouble concentrating. My mind feels hazy and foggy ' → 8
  [TEST] 'I have a skin rash that gets worse in the winter when the air is dry. I have to '

--- Symptom2Disease | sample 16 | layer 14 ---
  [ICL 1] 'I have been feeling dizzy and lightheaded, and I have also had trouble keeping m' → 12
  [ICL 2] 'I feel tired all the time, and my throat feels tingly. I also have dry, flaky sk' → 1
  [ICL 3] "I have to pee a lot, and it's hard to hold it in. I feel dizzy and confused. I c" → 8
  [TEST] "I've been feeling really sick and I have a rash all over my body. I'm worried ab"

--- Symptom2Disease | sample 17 | layer 14 ---
  [ICL 1] "I'm always tired, my taste is off, and my throat is really scratchy. I also have" → 1
  [ICL 2] 'I have a rash on my back and chest, and my entire body itches. My skin may be dr' → 9
  [ICL 3] "I've gained a lot of weight and am currently quite fat. I have many inclinations" → 9
  [TEST] 'I have been having a headache for the past week. It started out as a dull ache, '

--- Symptom2Disease | sample 18 | layer 14 ---
  [ICL 1] "I have a rash on my face and it's really painful. There are little blisters arou" → 13
  [ICL 2] 'I have had diarrhea for a few days now. It is very watery and smells bad. I also' → 20
  [ICL 3] "I've been experiencing a lot of itching, chills, vomiting, and a fever. I also h" → 15
  [TEST] "I've been feeling really sick lately. I've been throwing up and I'm itchy all ov"

--- Symptom2Disease | sample 19 | layer 14 ---
  [ICL 1] "I've been having a runny nose and a sore throat for a few days now. I also feel " → 6
  [ICL 2] "I've been feeling really sick lately. I've been getting chills and I'm always ti" → 18
  [ICL 3] "I have a rash all over my body, and it's really itchy. I have some bumps that ar" → 10
  [TEST] "I have to go to the bathroom a lot, but when I get there, I can't seem to empty "

--- Mixed | sample 0 | layer 14 ---
  [ICL 1] "I'm having trouble sleeping because of stomach pain. I'm also tired after using " → 17
  [ICL 2] 'Which of the following is not a cause of cirrhosis?' → C
  [ICL 3] 'Can homemade alcohol (Raksi) be useful for preserving dead bodies?' → yes
  [TEST] 'Coarse tremors of tongue is seen in all except:'

--- Mixed | sample 1 | layer 14 ---
  [ICL 1] 'The colour of pain: can patients use colour to describe osteoarthritis pain?' → yes
  [ICL 2] 'Which cranial nerve(s) is/are not involved in "Locked in syndrome"?' → C
  [ICL 3] "I've been having recurrent headaches and blurred vision. I also have acid reflux" → 16
  [TEST] "Are the GFRUP's recommendations for withholding or withdrawing treatments in cri"

--- Mixed | sample 2 | layer 14 ---
  [ICL 1] 'Can magnetic resonance-ultrasound fusion biopsy improve cancer detection in enla' → yes
  [ICL 2] 'I have been feeling really sick lately. I have been itching all over, and I have' → 14
  [ICL 3] 'All of the following are chromosomal breakage syndromes except -' → B
  [TEST] "I have to go to the bathroom a lot, but when I get there, I can't seem to empty "

--- Mixed | sample 3 | layer 14 ---
  [ICL 1] 'MR Diagnosis of Bone Metastases at 1.5 T and 3 T: Can STIR Imaging Be Omitted?' → yes
  [ICL 2] 'Cavernous respiration is seen in?' → A
  [ICL 3] 'I have been losing weight and having trouble gaining weight. I have pain and dis' → 17
  [TEST] "Which of the following is not true about the salivary gland output in Sjogren's "

--- Mixed | sample 4 | layer 14 ---
  [ICL 1] "I've been feeling really sick lately. I've been itchy and throwing up, and I've " → 14
  [ICL 2] '50 year old Dharma is admitted for chest discomfo. A right bundle branch block l' → D
  [ICL 3] 'Can the postoperative pain level be predicted preoperatively?' → yes
  [TEST] 'Do nontriploid partial hydatidiform moles exist?'

--- Mixed | sample 5 | layer 14 ---
  [ICL 1] 'A 63 year old man presents with a triad of angina, syncope and congestive hea fa' → C
  [ICL 2] "I've been feeling unwell for a while now. I have a headache, chest pain, and I f" → 12
  [ICL 3] 'An HIV1/2 point of care test on sputum for screening TB/HIV co-infection in Cent' → yes
  [TEST] 'I have a pretty irritating itch all over my body, and my skin also has a few red'

--- Mixed | sample 6 | layer 14 ---
  [ICL 1] 'I have a burning pain in my stomach that comes and goes. I also have a lot of ga' → 17
  [ICL 2] 'Does telmisartan prevent hepatic fibrosis in rats with alloxan-induced diabetes?' → yes
  [ICL 3] 'Which of the following statements on lymphoma is not Trne -' → D
  [TEST] 'Which of the following disease cause damage of vertebral body & intervertebral s'

--- Mixed | sample 7 | layer 14 ---
  [ICL 1] 'I have a rash all over my body that is really itchy. I also have some bumps that' → 10
  [ICL 2] 'Amblyopia: is visual loss permanent?' → no
  [ICL 3] 'Trachealization of oesophagus is seen in?' → A
  [TEST] 'Xanthogranulomatous cholecystitis: a premalignant condition?'

--- Mixed | sample 8 | layer 14 ---
  [ICL 1] 'Most common inherited peripheral neuropathy is?' → B
  [ICL 2] 'I have been having back pain, a cough, and weakness in my limbs. My neck is sore' → 4
  [ICL 3] 'Is irritable bowel syndrome a diagnosis of exclusion?' → maybe
  [TEST] 'I have a hard time concentrating and my emotions are all over the place. I feel '

--- Mixed | sample 9 | layer 14 ---
  [ICL 1] 'In hypokalaemia all ECG changes are seen except' → B
  [ICL 2] 'Serovar specific immunity to Neisseria gonorrhoeae: does it exist?' → no
  [ICL 3] 'I have a burning sensation in my chest and throat, and I often feel like I have ' → 11
  [TEST] 'Myocardial infarction; signs are all except'

--- Mixed | sample 10 | layer 14 ---
  [ICL 1] "I have a lot of pain in my neck and back. I also feel weak and lightheaded. I've" → 4
  [ICL 2] 'Can static foot posture measurements predict regional plantar surface area?' → yes
  [ICL 3] 'Which of the following is not associated with cafe-au-lait spots?' → B
  [TEST] 'Does tranexamic acid reduce desmopressin-induced hyperfibrinolysis?'

--- Mixed | sample 11 | layer 14 ---
  [ICL 1] 'A 54 year old male patient presents to the Neurology O.P with complaints of slow' → B
  [ICL 2] 'Sub-classification of low-grade cerebellar astrocytoma: is it clinically meaning' → no
  [ICL 3] "I've been feeling really sick. I have a high fever, chills, and a headache. I've" → 15
  [TEST] 'I have been feeling really sick lately. I have been having chills and fever, and'

--- Mixed | sample 12 | layer 14 ---
  [ICL 1] 'Features of pneumocystic carini pneumonia are:' → D
  [ICL 2] 'I have been having a lot of itching all over my body, and I have noticed some re' → 10
  [ICL 3] 'Does high-dose radiotherapy benefit palliative lung cancer patients?' → no
  [TEST] 'Features of cardiac rest pain are all, except'

--- Mixed | sample 13 | layer 14 ---
  [ICL 1] "I've been having headaches and chest pain for a while now, and it's been getting" → 12
  [ICL 2] 'All are seen in acute HIV syndrome Except' → A
  [ICL 3] 'Do older patients receive adequate stroke care?' → maybe
  [TEST] 'Do women residents delay childbearing due to perceived career threats?'

--- Mixed | sample 14 | layer 14 ---
  [ICL 1] 'Inpatient versus outpatient management of neutropenic fever in gynecologic oncol' → yes
  [ICL 2] 'All of the following are chromosomal breakage syndromes except -' → B
  [ICL 3] 'I have rashes and skin irritations especially in the folds of my skin. My cuts a' → 8
  [TEST] 'I have a stomach ache and I am feeling feverish. I also have chills and a headac'

--- Mixed | sample 15 | layer 14 ---
  [ICL 1] 'Some aspects of social exclusion: do they influence suicide mortality?' → yes
  [ICL 2] 'I have rashes all over my body. I also have a high fever, chills, headache, body' → 7
  [ICL 3] 'A 39-year-old man is brought to the emergency department because of abdominal pa' → C
  [TEST] 'Calculate the base deficit in a patient of weight 75 kg with a pH = 6.96, pCO2 ='

--- Mixed | sample 16 | layer 14 ---
  [ICL 1] 'A raised serum creatinine phosphokinase level in unusual in -' → C
  [ICL 2] 'I have terrible mental clarity and find it difficult to stay focused. I regularl' → 9
  [ICL 3] 'Do Web-based and clinic samples of gay men living with HIV differ on self-report' → maybe
  [TEST] 'Does the lipid-lowering peroxisome proliferator-activated receptors ligand bezaf'

--- Mixed | sample 17 | layer 14 ---
  [ICL 1] 'Investigation of choice for diagnosing primary hypothyroidism: March 2007, Septe' → C
  [ICL 2] 'I have a fever and chills, and my whole body is aching. I also have a loss of ap' → 7
  [ICL 3] 'Do general practice characteristics influence uptake of an information technolog' → no
  [TEST] 'I have been having a headache for the past week. It started out as a dull ache, '

--- Mixed | sample 18 | layer 14 ---
  [ICL 1] "I've been feeling really tired and nauseous. I've had a really bad cough and my " → 6
  [ICL 2] 'Profiling quality of care: Is there a role for peer review?' → yes
  [ICL 3] 'Bronchocentric granulomatosis commonly occurs due to?' → A
  [TEST] 'Valvular lesion most often resulting from myocardial infarction is:'

--- Mixed | sample 19 | layer 14 ---
  [ICL 1] 'Juvenile osteochondritis dissecans: is it a growth disturbance of the secondary ' → yes
  [ICL 2] 'Onion skin spleen is seen in:' → C
  [ICL 3] "My neck is really stiff, and my muscles are weak. My joints are swollen, and it'" → 2
  [TEST] 'Does a febrile reaction to platelets predispose recipients to red blood cell all'


======================================================================
EXPERIMENT : behavioral_superposition — collect_contrast_vectors — layer 14
TIME       : 2026-05-13 16:49:54
======================================================================

--- MCQ | sample 0 | layer 14 ---
  [ICL 1] 'The differential diagnosis of micro-angiopathic anemia includes all Except:' → C
  [ICL 2] 'Aplastic anemia in sickle cell anemia is due to infection of -' → B
  [ICL 3] 'An 80 year old female presents with progressive loss of memory, difficulty in re' → A
  [TEST] 'Coarse tremors of tongue is seen in all except:'

--- MCQ | sample 1 | layer 14 ---
  [ICL 1] 'Floating water lilly sign on chest x-ray is characteristic of-' → A
  [ICL 2] "Which of the following is the established biological therapy for Crohn's disease" → A
  [ICL 3] 'A 64-year-old woman is admitted to the hospital with right lobar pneumonia and s' → C
  [TEST] 'A 55- year old diabetic patient presents with transient obscuration in vision fo'

--- MCQ | sample 2 | layer 14 ---
  [ICL 1] 'Anticipation phenomenon is seen in' → D
  [ICL 2] "Hepatitis B surface antigen in a patient's serum indicates" → B
  [ICL 3] 'Features of restrictive lung disease is-' → D
  [TEST] 'Which heart sound indicates stiffness of ventricular wall'

--- MCQ | sample 3 | layer 14 ---
  [ICL 1] 'All are useful for management of severe Clostridium difficle treatment except -' → B
  [ICL 2] 'Wide fixed splitting of the second hea sound is typical of-' → A
  [ICL 3] 'A cardiac patient must be asked to stop one of the following drugs when he is co' → C
  [TEST] "Which of the following is not true about the salivary gland output in Sjogren's "

--- MCQ | sample 4 | layer 14 ---
  [ICL 1] 'Alkaline phosphatase is found in all organs,except -a) Boneb) Heartc) Placentad)' → B
  [ICL 2] 'A female patient presents with upper respiratory tract infection. Two days after' → A
  [ICL 3] 'Esophageal adenocarcinoma is predisposed by' → B
  [TEST] "Which of the following is not true about the salivary gland output in Sjogren's "

--- MCQ | sample 5 | layer 14 ---
  [ICL 1] 'All the following are used for treatment of chronic Hepatitis B except?' → C
  [ICL 2] 'Patient presents with fasting sugar as 167mg/dl, skin pigmentation and hypogonad' → C
  [ICL 3] 'Sarcodiosis can be associated with' → A
  [TEST] 'First time causative agent of AIDS was discovered in:'

--- MCQ | sample 6 | layer 14 ---
  [ICL 1] "Not seen in cushing's syndrome: March 2009" → D
  [ICL 2] 'Occupational exposure which is yet NOT confirmed on causing a lung problem: Marc' → C
  [ICL 3] "Which of the following is the established biological therapy for Crohn's disease" → A
  [TEST] 'Which of the following disease cause damage of vertebral body & intervertebral s'

--- MCQ | sample 7 | layer 14 ---
  [ICL 1] 'Immume complex mediated gloomerular damage is seen in all except -' → B
  [ICL 2] '50 year old Dharma is admitted for chest discomfo. A right bundle branch block l' → D
  [ICL 3] 'Which of the following is associated with adult polycystic kidney disease -' → A
  [TEST] 'Lead cause following except'

--- MCQ | sample 8 | layer 14 ---
  [ICL 1] 'A 38 year old male presents to OPD with history of progressive sholess of breath' → B
  [ICL 2] '"Setting Sun" sign is seen in' → A
  [ICL 3] 'Most common inherited peripheral neuropathy is?' → B
  [TEST] "Which of the following is not true about the salivary gland output in Sjogren's "

--- MCQ | sample 9 | layer 14 ---
  [ICL 1] 'Peripheral resistance of arteries measures:' → B
  [ICL 2] 'Atherosclerosis is inversely proport- ionnal to:' → D
  [ICL 3] 'In hypokalaemia all ECG changes are seen except' → B
  [TEST] 'Myocardial infarction; signs are all except'

--- MCQ | sample 10 | layer 14 ---
  [ICL 1] 'Indications for use of cyclophosphamide in SLE is' → C
  [ICL 2] 'Most common cause of pleural effusion in AIDS patients' → A
  [ICL 3] 'All the following are manifestations of CMV infection following Lung transplant ' → D
  [TEST] 'Which of the following disease cause damage of vertebral body & intervertebral s'

--- MCQ | sample 11 | layer 14 ---
  [ICL 1] 'Which laboratory determinations would be most helpful in distinguishing iron def' → D
  [ICL 2] 'True about polycythemia rubra vera is all except -' → D
  [ICL 3] 'Pulses paradoxus is seen in:' → C
  [TEST] 'Myocardial infarction; signs are all except'

--- MCQ | sample 12 | layer 14 ---
  [ICL 1] 'In hypokalaemia all ECG changes are seen except' → B
  [ICL 2] 'Drug for management of hypeension in Phaeochromocytoma' → A
  [ICL 3] 'ECG with ST -elevation low BP. Best line of management is -' → C
  [TEST] 'Features of cardiac rest pain are all, except'

--- MCQ | sample 13 | layer 14 ---
  [ICL 1] 'Sentinel surveillance is done for: September 2003' → A
  [ICL 2] 'Regarding medullary sponge kidney-a) Autosomal dominantb) Nephrocalcinosisc) Min' → C
  [ICL 3] 'Generally speaking, the distal, burning, painful dysesthesias with reduced pinpr' → A
  [TEST] 'Which drug is not given in Wilson disease?'

--- MCQ | sample 14 | layer 14 ---
  [ICL 1] '42 yrs old man presented with dizziness on standing,SBP falls by 50 mm Hg and HR' → C
  [ICL 2] 'All are true regarding GB syndrome, Except -' → C
  [ICL 3] 'A 23-year-old male patient presented with a history of back pain, which is more ' → D
  [TEST] 'Staphylococcus aureus and pneumoniae are responsible for:'

--- MCQ | sample 15 | layer 14 ---
  [ICL 1] 'Which of the following is selective myosin activator?' → B
  [ICL 2] 'A 45-year-old woman has developed increasing SOB on exertion and fatigue. She ha' → B
  [ICL 3] 'All of the following are chromosomal breakage syndromes except -' → B
  [TEST] 'Calculate the base deficit in a patient of weight 75 kg with a pH = 6.96, pCO2 ='

--- MCQ | sample 16 | layer 14 ---
  [ICL 1] 'Pancytopenia with cellular marrow is seen in all except -' → D
  [ICL 2] 'All the following are manifestations of CMV infection following Lung transplant ' → D
  [ICL 3] 'A raised serum creatinine phosphokinase level in unusual in -' → C
  [TEST] 'Facial nerve injury during forceps delivery in labour is due to:'

--- MCQ | sample 17 | layer 14 ---
  [ICL 1] 'The following is a marker of acute hepatitis B infection -' → A
  [ICL 2] 'Alkaline phosphatase is found in all organs,except -a) Boneb) Heartc) Placentad)' → B
  [ICL 3] 'Investigation of choice for diagnosing primary hypothyroidism: March 2007, Septe' → C
  [TEST] 'A 29 yrs old woman with a pregnancy of 17 week has a 10 years old boy with down '

--- MCQ | sample 18 | layer 14 ---
  [ICL 1] 'All of the following statements about mitral valve prolapse are true except:' → B
  [ICL 2] 'Kespar Hauser syndrome is due to' → D
  [ICL 3] 'Right axis deviation is seen in all except' → B
  [TEST] 'Valvular lesion most often resulting from myocardial infarction is:'

--- MCQ | sample 19 | layer 14 ---
  [ICL 1] 'A 45-year-old woman has developed increasing SOB on exertion and fatigue. She ha' → B
  [ICL 2] 'Which cranial nerve(s) is/are not involved in "Locked in syndrome"?' → C
  [ICL 3] 'Which of the following is not a cause of cirrhosis?' → C
  [TEST] 'Which heart sound indicates stiffness of ventricular wall'

--- PubMedQA | sample 0 | layer 14 ---
  [ICL 1] 'Can infundibular height predict the clearance of lower pole calyceal stone after' → yes
  [ICL 2] 'The clinical significance of bile duct sludge: is it different from bile duct st' → no
  [ICL 3] 'Is pelvic pain associated with defecatory symptoms in women with pelvic organ pr' → yes
  [TEST] 'Does preoperative anemia adversely affect colon and rectal surgery outcomes?'

--- PubMedQA | sample 1 | layer 14 ---
  [ICL 1] 'Is the atopy patch test with house dust mites specific for atopic dermatitis?' → yes
  [ICL 2] 'Is fetal gender associated with emergency department visits for asthma during pr' → no
  [ICL 3] 'The colour of pain: can patients use colour to describe osteoarthritis pain?' → yes
  [TEST] "Are the GFRUP's recommendations for withholding or withdrawing treatments in cri"

--- PubMedQA | sample 2 | layer 14 ---
  [ICL 1] 'Does gestational age misclassification explain the difference in birthweights fo' → no
  [ICL 2] 'Is double-balloon enteroscopy an accurate method to diagnose small-bowel disorde' → yes
  [ICL 3] 'Can magnetic resonance-ultrasound fusion biopsy improve cancer detection in enla' → yes
  [TEST] 'Does a febrile reaction to platelets predispose recipients to red blood cell all'

--- PubMedQA | sample 3 | layer 14 ---
  [ICL 1] 'Are head and neck specific quality of life measures necessary?' → yes
  [ICL 2] "Can ki-67 play a role in prediction of breast cancer patients' response to neoad" → yes
  [ICL 3] 'Does prior benign prostate biopsy predict outcome for patients treated with radi' → yes
  [TEST] 'Do nontriploid partial hydatidiform moles exist?'

--- PubMedQA | sample 4 | layer 14 ---
  [ICL 1] 'Upstream solutions: does the supplemental security income program reduce disabil' → yes
  [ICL 2] 'Does menopausal transition affect the quality of life?' → no
  [ICL 3] 'Transient tachypnea of the newborn (TTN): a role for polymorphisms in the beta-a' → yes
  [TEST] 'Do nontriploid partial hydatidiform moles exist?'

--- PubMedQA | sample 5 | layer 14 ---
  [ICL 1] 'The colour of pain: can patients use colour to describe osteoarthritis pain?' → yes
  [ICL 2] 'Acute hepatitis C in Israel: a predominantly iatrogenic disease?' → yes
  [ICL 3] 'An HIV1/2 point of care test on sputum for screening TB/HIV co-infection in Cent' → yes
  [TEST] 'Advanced epithelial ovarian carcinoma in Thai women: should we continue to offer'

--- PubMedQA | sample 6 | layer 14 ---
  [ICL 1] 'Is amoxapine an atypical antipsychotic?' → yes
  [ICL 2] 'Has the prevalence of health care services use increased over the last decade (2' → yes
  [ICL 3] 'Does telmisartan prevent hepatic fibrosis in rats with alloxan-induced diabetes?' → yes
  [TEST] 'Does tranexamic acid reduce desmopressin-induced hyperfibrinolysis?'

--- PubMedQA | sample 7 | layer 14 ---
  [ICL 1] 'Do women with ovaries of polycystic morphology without any other features of PCO' → no
  [ICL 2] 'Does cognitive function predict frequency compressed speech recognition in liste' → no
  [ICL 3] 'Is there a relationship between homocysteine and vitiligo?' → yes
  [TEST] 'Xanthogranulomatous cholecystitis: a premalignant condition?'

--- PubMedQA | sample 8 | layer 14 ---
  [ICL 1] 'Do approved doctors and medical referees in the UK agree when assessing a seafar' → no
  [ICL 2] 'Is low birth weight a risk indicator for congenital cytomegalovirus infection?' → no
  [ICL 3] 'Steroids in aminoglycoside-containing ear drops: do they reduce cochlear toxicit' → yes
  [TEST] 'Do nontriploid partial hydatidiform moles exist?'

--- PubMedQA | sample 9 | layer 14 ---
  [ICL 1] 'Cycloplegic autorefraction in young adults: is it mandatory?' → maybe
  [ICL 2] 'Does ethnicity affect where people with cancer die?' → yes
  [ICL 3] 'Does the central venous pressure predict fluid responsiveness?' → no
  [TEST] 'Vaginal dose assessment in image-guided brachytherapy for cervical cancer: Can w'

--- PubMedQA | sample 10 | layer 14 ---
  [ICL 1] 'Mammographic screening in Sami speaking municipalities and a control group. Are ' → yes
  [ICL 2] 'Implementation of epidural analgesia for labor: is the standard of effective ana' → yes
  [ICL 3] 'Does short-term treatment with proton pump inhibitors cause rebound aggravation ' → no
  [TEST] 'Does tranexamic acid reduce desmopressin-induced hyperfibrinolysis?'

--- PubMedQA | sample 11 | layer 14 ---
  [ICL 1] 'Are opioid dependence and methadone maintenance treatment (MMT) documented in th' → maybe
  [ICL 2] 'Does elective re-siting of intravenous cannulae decrease peripheral thrombophleb' → yes
  [ICL 3] 'Scrotal approach to both palpable and impalpable undescended testes: should it b' → yes
  [TEST] 'Vaginal dose assessment in image-guided brachytherapy for cervical cancer: Can w'

--- PubMedQA | sample 12 | layer 14 ---
  [ICL 1] 'Do mitochondria play a role in remodelling lace plant leaves during programmed c' → yes
  [ICL 2] 'Prescriptions as a proxy for asthma in children: a good choice?' → no
  [ICL 3] 'Did the call for boycott by the Catholic bishops affect the polio vaccination co' → no
  [TEST] 'Are performance measurement systems useful?'

--- PubMedQA | sample 13 | layer 14 ---
  [ICL 1] 'Are even impaired fasting blood glucose levels preoperatively associated with in' → yes
  [ICL 2] 'Does multi-modal cervical physical therapy improve tinnitus in patients with cer' → yes
  [ICL 3] 'An HIV1/2 point of care test on sputum for screening TB/HIV co-infection in Cent' → yes
  [TEST] 'Do women residents delay childbearing due to perceived career threats?'

--- PubMedQA | sample 14 | layer 14 ---
  [ICL 1] 'Does maternal obesity have an influence on feeding behavior of obese children?' → no
  [ICL 2] 'An HIV1/2 point of care test on sputum for screening TB/HIV co-infection in Cent' → yes
  [ICL 3] 'Do African American women require fewer calories to maintain weight?' → no
  [TEST] 'PREVALENCE OF THE STREPTOCOCUS AGALACTIAE IN THE PREGNANT WOMAN FROM THE AUTONOM'

--- PubMedQA | sample 15 | layer 14 ---
  [ICL 1] 'Does high-dose radiotherapy benefit palliative lung cancer patients?' → no
  [ICL 2] 'Do some U.S. states have higher/lower injury mortality rates than others?' → yes
  [ICL 3] 'Subclavian steal syndrome: can the blood pressure difference between arms predic' → yes
  [TEST] 'Is portable ultrasonography accurate in the evaluation of Schanz pin placement d'

--- PubMedQA | sample 16 | layer 14 ---
  [ICL 1] 'Traumatic aortic injury: does the anatomy of the aortic arch influence aortic tr' → yes
  [ICL 2] 'Prostatic syndrome and pleural effusion: are they different diseases?' → maybe
  [ICL 3] 'Continuation of pregnancy after antenatal corticosteroid administration: opportu' → maybe
  [TEST] 'Does the lipid-lowering peroxisome proliferator-activated receptors ligand bezaf'

--- PubMedQA | sample 17 | layer 14 ---
  [ICL 1] 'Do microbiological factors account for poor pregnancy outcome among unmarried pr' → yes
  [ICL 2] 'Upstream solutions: does the supplemental security income program reduce disabil' → yes
  [ICL 3] 'Is specialty care associated with improved survival of patients with congestive ' → yes
  [TEST] 'Serum angiotensin-converting enzyme and frequency of severe hypoglycaemia in Typ'

--- PubMedQA | sample 18 | layer 14 ---
  [ICL 1] 'Percutaneous ethanol injection for benign cystic thyroid nodules: is aspiration ' → no
  [ICL 2] 'Is the international normalised ratio (INR) reliable?' → maybe
  [ICL 3] 'Does concomitant anterior/apical repair during midurethral sling improve the ove' → no
  [TEST] 'Household and food shopping environments: do they play a role in socioeconomic i'

--- PubMedQA | sample 19 | layer 14 ---
  [ICL 1] 'Does a family meetings intervention prevent depression and anxiety in family car' → no
  [ICL 2] "Does Paget's disease exist in India?" → yes
  [ICL 3] 'Juvenile osteochondritis dissecans: is it a growth disturbance of the secondary ' → yes
  [TEST] 'Does a febrile reaction to platelets predispose recipients to red blood cell all'

--- Symptom2Disease | sample 0 | layer 14 ---
  [ICL 1] 'I have a rash on my legs that is giving me a lot of pain. There appears to be a ' → 22
  [ICL 2] 'I have been feeling a lot of pain in my legs lately. It feels like a cramp and i' → 22
  [ICL 3] "I have red, itchy bumps all over my body. They're especially bad on my arms and " → 5
  [TEST] 'I have been having a lot of problems with my skin. It is constantly peeling and '

--- Symptom2Disease | sample 1 | layer 14 ---
  [ICL 1] 'I have a rash on my skin that is itchy and uncomfortable. There are also some od' → 10
  [ICL 2] 'I have been experiencing abdominal pain for a few days now. It is really painful' → 20
  [ICL 3] "My skin has been acting up recently, it's been itchy and I've been getting rashe" → 10
  [TEST] "I have red, irritated skin on my arms, face, and back. It's often itchy and unco"

--- Symptom2Disease | sample 2 | layer 14 ---
  [ICL 1] 'I have a lot of nausea and chest pain. My chest has been hurting for a while now' → 9
  [ICL 2] "I've been having trouble breathing, and I've been coughing a lot. I've been coug" → 3
  [ICL 3] "I've been having chills, fatigue, and a cough for a few days. I've also been swe" → 18
  [TEST] "I have to go to the bathroom a lot, but when I get there, I can't seem to empty "

--- Symptom2Disease | sample 3 | layer 14 ---
  [ICL 1] "I have these large, bulging veins on my legs that are really painful. They're re" → 22
  [ICL 2] "I've been having diarrhea and constipation, which is really bothering me. I have" → 20
  [ICL 3] "I've been feeling really sick lately. I've been having a lot of nausea and I fee" → 5
  [TEST] 'I have a hard time concentrating and my emotions are all over the place. I feel '

--- Symptom2Disease | sample 4 | layer 14 ---
  [ICL 1] "I've gained a lot of weight and am currently quite fat. I have many inclinations" → 9
  [ICL 2] "I have rashes that sometimes cause my skin to flake off. I'm more likely to get " → 9
  [ICL 3] "I've been feeling really sick lately. I've been itchy and throwing up, and I've " → 14
  [TEST] 'I have a hard time concentrating and my emotions are all over the place. I feel '

--- Symptom2Disease | sample 5 | layer 14 ---
  [ICL 1] 'I have rashes and skin irritations especially in the folds of my skin. My cuts a' → 8
  [ICL 2] "I have blood in my urine and a low-grade fever. I've also been having headaches " → 21
  [ICL 3] 'I have swelling in my legs and it is causing me to have difficulty fitting into ' → 22
  [TEST] 'I have a pretty irritating itch all over my body, and my skin also has a few red'

--- Symptom2Disease | sample 6 | layer 14 ---
  [ICL 1] "I've been feeling really sick and tired. I've lost weight and have a fever. My u" → 14
  [ICL 2] 'I have been having rashes on my skin for a while now. They are not healing and a' → 19
  [ICL 3] "I have trouble breathing, especially when I'm outside. I start to feel hot and s" → 8
  [TEST] "I've been experiencing stiffness and weakness in my neck muscles recently. I've "

--- Symptom2Disease | sample 7 | layer 14 ---
  [ICL 1] "I've been having trouble concentrating and focusing. I've also been experiencing" → 12
  [ICL 2] "I've been feeling really tired and weak, and I can't seem to get enough sleep. I" → 7
  [ICL 3] 'I have a rash all over my body that is really itchy. I also have some bumps that' → 10
  [TEST] "I have a rash that sometimes causes my skin to peel off. I'm more susceptible to"

--- Symptom2Disease | sample 8 | layer 14 ---
  [ICL 1] "My muscles are weak and I have back pain. I've been feeling lightheaded and dizz" → 4
  [ICL 2] "I've been having a lot of pain in my joints and my neck has been really tight. I" → 2
  [ICL 3] 'I have a sour taste in my mouth. I burp and belch a lot. I have pressure or full' → 17
  [TEST] 'I have a hard time concentrating and my emotions are all over the place. I feel '

--- Symptom2Disease | sample 9 | layer 14 ---
  [ICL 1] 'I have a lot of pain in my legs, especially when I stand or walk for a long time' → 22
  [ICL 2] "I've been feeling really tired lately and have had this cough for a few days. It" → 3
  [ICL 3] "I have a fever and I can't breathe through my nose or mouth. I'm tired and I've " → 3
  [TEST] 'I have been feeling really sick lately. I have been having chills and fever, and'

--- Symptom2Disease | sample 10 | layer 14 ---
  [ICL 1] "I've been having trouble breathing lately. I've been coughing a lot, and my ches" → 3
  [ICL 2] "I've been vomiting and having diarrhea for a few days. I've also been having a f" → 20
  [ICL 3] "I have a lot of pain in my neck and back. I also feel weak and lightheaded. I've" → 4
  [TEST] "I've been experiencing stiffness and weakness in my neck muscles recently. I've "

--- Symptom2Disease | sample 11 | layer 14 ---
  [ICL 1] "I'm having trouble breathing, and I have a really high fever. I'm sweating a lot" → 18
  [ICL 2] "I've been feeling really sick for the past few days. I have a fever, I can't cat" → 18
  [ICL 3] 'I have been experiencing pain and swelling in my legs. The pain is worse when I ' → 22
  [TEST] 'I have been feeling really sick lately. I have been having chills and fever, and'

--- Symptom2Disease | sample 12 | layer 14 ---
  [ICL 1] 'I have a high fever, chills, nausea, and severe itching. I also have a headache ' → 15
  [ICL 2] 'I have a lot of pain in my legs, especially when I stand for long periods of tim' → 22
  [ICL 3] "I have been feeling really cold, even though it's warm outside. My back hurts an" → 7
  [TEST] "I've been sneezing a lot and I'm really tired. My throat hurts and I have a lot "

--- Symptom2Disease | sample 13 | layer 14 ---
  [ICL 1] 'I feel weak and my lymph nodes are swollen. My eyes burn and my throat hurts. My' → 6
  [ICL 2] 'I have been feeling very thirsty and hungry lately. I also feel very tired at ti' → 8
  [ICL 3] "I'm experiencing a high fever, chills, nausea, and severe itching. I also have a" → 15
  [TEST] 'I have been feeling very tired and weak. I have also been vomiting and have deve'

--- Symptom2Disease | sample 14 | layer 14 ---
  [ICL 1] 'I have a constant hunger and appetite. Sometimes my stomach will cramp and spasm' → 17
  [ICL 2] "I have a fever, headache, and swollen lymph nodes. I feel weak and fatigued. I'm" → 5
  [ICL 3] 'I have been having a lot of skin problems lately. I have red, scaly patches on m' → 19
  [TEST] 'I have a stomach ache and I am feeling feverish. I also have chills and a headac'

--- Symptom2Disease | sample 15 | layer 14 ---
  [ICL 1] 'I have a rash on my skin that is itchy and uncomfortable. I have also noticed sm' → 19
  [ICL 2] "I've had a high fever, vomiting, chills, and intense itching. I also have a head" → 15
  [ICL 3] 'I have mood swings and have trouble concentrating. My mind feels hazy and foggy ' → 8
  [TEST] 'I have a skin rash that gets worse in the winter when the air is dry. I have to '

--- Symptom2Disease | sample 16 | layer 14 ---
  [ICL 1] 'I have been feeling dizzy and lightheaded, and I have also had trouble keeping m' → 12
  [ICL 2] 'I feel tired all the time, and my throat feels tingly. I also have dry, flaky sk' → 1
  [ICL 3] "I have to pee a lot, and it's hard to hold it in. I feel dizzy and confused. I c" → 8
  [TEST] "I've been feeling really sick and I have a rash all over my body. I'm worried ab"

--- Symptom2Disease | sample 17 | layer 14 ---
  [ICL 1] "I'm always tired, my taste is off, and my throat is really scratchy. I also have" → 1
  [ICL 2] 'I have a rash on my back and chest, and my entire body itches. My skin may be dr' → 9
  [ICL 3] "I've gained a lot of weight and am currently quite fat. I have many inclinations" → 9
  [TEST] 'I have been having a headache for the past week. It started out as a dull ache, '

--- Symptom2Disease | sample 18 | layer 14 ---
  [ICL 1] "I have a rash on my face and it's really painful. There are little blisters arou" → 13
  [ICL 2] 'I have had diarrhea for a few days now. It is very watery and smells bad. I also' → 20
  [ICL 3] "I've been experiencing a lot of itching, chills, vomiting, and a fever. I also h" → 15
  [TEST] "I've been feeling really sick lately. I've been throwing up and I'm itchy all ov"

--- Symptom2Disease | sample 19 | layer 14 ---
  [ICL 1] "I've been having a runny nose and a sore throat for a few days now. I also feel " → 6
  [ICL 2] "I've been feeling really sick lately. I've been getting chills and I'm always ti" → 18
  [ICL 3] "I have a rash all over my body, and it's really itchy. I have some bumps that ar" → 10
  [TEST] "I have to go to the bathroom a lot, but when I get there, I can't seem to empty "

--- Mixed | sample 0 | layer 14 ---
  [ICL 1] "I'm having trouble sleeping because of stomach pain. I'm also tired after using " → 17
  [ICL 2] 'Which of the following is not a cause of cirrhosis?' → C
  [ICL 3] 'Can homemade alcohol (Raksi) be useful for preserving dead bodies?' → yes
  [TEST] 'Coarse tremors of tongue is seen in all except:'

--- Mixed | sample 1 | layer 14 ---
  [ICL 1] 'The colour of pain: can patients use colour to describe osteoarthritis pain?' → yes
  [ICL 2] 'Which cranial nerve(s) is/are not involved in "Locked in syndrome"?' → C
  [ICL 3] "I've been having recurrent headaches and blurred vision. I also have acid reflux" → 16
  [TEST] "Are the GFRUP's recommendations for withholding or withdrawing treatments in cri"

--- Mixed | sample 2 | layer 14 ---
  [ICL 1] 'Can magnetic resonance-ultrasound fusion biopsy improve cancer detection in enla' → yes
  [ICL 2] 'I have been feeling really sick lately. I have been itching all over, and I have' → 14
  [ICL 3] 'All of the following are chromosomal breakage syndromes except -' → B
  [TEST] "I have to go to the bathroom a lot, but when I get there, I can't seem to empty "

--- Mixed | sample 3 | layer 14 ---
  [ICL 1] 'MR Diagnosis of Bone Metastases at 1.5 T and 3 T: Can STIR Imaging Be Omitted?' → yes
  [ICL 2] 'Cavernous respiration is seen in?' → A
  [ICL 3] 'I have been losing weight and having trouble gaining weight. I have pain and dis' → 17
  [TEST] "Which of the following is not true about the salivary gland output in Sjogren's "

--- Mixed | sample 4 | layer 14 ---
  [ICL 1] "I've been feeling really sick lately. I've been itchy and throwing up, and I've " → 14
  [ICL 2] '50 year old Dharma is admitted for chest discomfo. A right bundle branch block l' → D
  [ICL 3] 'Can the postoperative pain level be predicted preoperatively?' → yes
  [TEST] 'Do nontriploid partial hydatidiform moles exist?'

--- Mixed | sample 5 | layer 14 ---
  [ICL 1] 'A 63 year old man presents with a triad of angina, syncope and congestive hea fa' → C
  [ICL 2] "I've been feeling unwell for a while now. I have a headache, chest pain, and I f" → 12
  [ICL 3] 'An HIV1/2 point of care test on sputum for screening TB/HIV co-infection in Cent' → yes
  [TEST] 'I have a pretty irritating itch all over my body, and my skin also has a few red'

--- Mixed | sample 6 | layer 14 ---
  [ICL 1] 'I have a burning pain in my stomach that comes and goes. I also have a lot of ga' → 17
  [ICL 2] 'Does telmisartan prevent hepatic fibrosis in rats with alloxan-induced diabetes?' → yes
  [ICL 3] 'Which of the following statements on lymphoma is not Trne -' → D
  [TEST] 'Which of the following disease cause damage of vertebral body & intervertebral s'

--- Mixed | sample 7 | layer 14 ---
  [ICL 1] 'I have a rash all over my body that is really itchy. I also have some bumps that' → 10
  [ICL 2] 'Amblyopia: is visual loss permanent?' → no
  [ICL 3] 'Trachealization of oesophagus is seen in?' → A
  [TEST] 'Xanthogranulomatous cholecystitis: a premalignant condition?'

--- Mixed | sample 8 | layer 14 ---
  [ICL 1] 'Most common inherited peripheral neuropathy is?' → B
  [ICL 2] 'I have been having back pain, a cough, and weakness in my limbs. My neck is sore' → 4
  [ICL 3] 'Is irritable bowel syndrome a diagnosis of exclusion?' → maybe
  [TEST] 'I have a hard time concentrating and my emotions are all over the place. I feel '

--- Mixed | sample 9 | layer 14 ---
  [ICL 1] 'In hypokalaemia all ECG changes are seen except' → B
  [ICL 2] 'Serovar specific immunity to Neisseria gonorrhoeae: does it exist?' → no
  [ICL 3] 'I have a burning sensation in my chest and throat, and I often feel like I have ' → 11
  [TEST] 'Myocardial infarction; signs are all except'

--- Mixed | sample 10 | layer 14 ---
  [ICL 1] "I have a lot of pain in my neck and back. I also feel weak and lightheaded. I've" → 4
  [ICL 2] 'Can static foot posture measurements predict regional plantar surface area?' → yes
  [ICL 3] 'Which of the following is not associated with cafe-au-lait spots?' → B
  [TEST] 'Does tranexamic acid reduce desmopressin-induced hyperfibrinolysis?'

--- Mixed | sample 11 | layer 14 ---
  [ICL 1] 'A 54 year old male patient presents to the Neurology O.P with complaints of slow' → B
  [ICL 2] 'Sub-classification of low-grade cerebellar astrocytoma: is it clinically meaning' → no
  [ICL 3] "I've been feeling really sick. I have a high fever, chills, and a headache. I've" → 15
  [TEST] 'I have been feeling really sick lately. I have been having chills and fever, and'

--- Mixed | sample 12 | layer 14 ---
  [ICL 1] 'Features of pneumocystic carini pneumonia are:' → D
  [ICL 2] 'I have been having a lot of itching all over my body, and I have noticed some re' → 10
  [ICL 3] 'Does high-dose radiotherapy benefit palliative lung cancer patients?' → no
  [TEST] 'Features of cardiac rest pain are all, except'

--- Mixed | sample 13 | layer 14 ---
  [ICL 1] "I've been having headaches and chest pain for a while now, and it's been getting" → 12
  [ICL 2] 'All are seen in acute HIV syndrome Except' → A
  [ICL 3] 'Do older patients receive adequate stroke care?' → maybe
  [TEST] 'Do women residents delay childbearing due to perceived career threats?'

--- Mixed | sample 14 | layer 14 ---
  [ICL 1] 'Inpatient versus outpatient management of neutropenic fever in gynecologic oncol' → yes
  [ICL 2] 'All of the following are chromosomal breakage syndromes except -' → B
  [ICL 3] 'I have rashes and skin irritations especially in the folds of my skin. My cuts a' → 8
  [TEST] 'I have a stomach ache and I am feeling feverish. I also have chills and a headac'

--- Mixed | sample 15 | layer 14 ---
  [ICL 1] 'Some aspects of social exclusion: do they influence suicide mortality?' → yes
  [ICL 2] 'I have rashes all over my body. I also have a high fever, chills, headache, body' → 7
  [ICL 3] 'A 39-year-old man is brought to the emergency department because of abdominal pa' → C
  [TEST] 'Calculate the base deficit in a patient of weight 75 kg with a pH = 6.96, pCO2 ='

--- Mixed | sample 16 | layer 14 ---
  [ICL 1] 'A raised serum creatinine phosphokinase level in unusual in -' → C
  [ICL 2] 'I have terrible mental clarity and find it difficult to stay focused. I regularl' → 9
  [ICL 3] 'Do Web-based and clinic samples of gay men living with HIV differ on self-report' → maybe
  [TEST] 'Does the lipid-lowering peroxisome proliferator-activated receptors ligand bezaf'

--- Mixed | sample 17 | layer 14 ---
  [ICL 1] 'Investigation of choice for diagnosing primary hypothyroidism: March 2007, Septe' → C
  [ICL 2] 'I have a fever and chills, and my whole body is aching. I also have a loss of ap' → 7
  [ICL 3] 'Do general practice characteristics influence uptake of an information technolog' → no
  [TEST] 'I have been having a headache for the past week. It started out as a dull ache, '

--- Mixed | sample 18 | layer 14 ---
  [ICL 1] "I've been feeling really tired and nauseous. I've had a really bad cough and my " → 6
  [ICL 2] 'Profiling quality of care: Is there a role for peer review?' → yes
  [ICL 3] 'Bronchocentric granulomatosis commonly occurs due to?' → A
  [TEST] 'Valvular lesion most often resulting from myocardial infarction is:'

--- Mixed | sample 19 | layer 14 ---
  [ICL 1] 'Juvenile osteochondritis dissecans: is it a growth disturbance of the secondary ' → yes
  [ICL 2] 'Onion skin spleen is seen in:' → C
  [ICL 3] "My neck is really stiff, and my muscles are weak. My joints are swollen, and it'" → 2
  [TEST] 'Does a febrile reaction to platelets predispose recipients to red blood cell all'


======================================================================
EXPERIMENT : sweep_icl_ratios (format_tasks) — layer 14
TIME       : 2026-05-13 17:29:40
======================================================================

--- 3-0-0 | sample 0 | layer 14 ---
  [ICL 1] 'The differential diagnosis of micro-angiopathic anemia includes all Except:' → C
  [ICL 2] 'An 80 year old female presents with progressive loss of memory, difficulty in re' → A
  [ICL 3] 'Aplastic anemia in sickle cell anemia is due to infection of -' → B
  [TEST] 'Coarse tremors of tongue is seen in all except:'

--- 3-0-0 | sample 1 | layer 14 ---
  [ICL 1] 'A 64-year-old woman is admitted to the hospital with right lobar pneumonia and s' → C
  [ICL 2] 'Floating water lilly sign on chest x-ray is characteristic of-' → A
  [ICL 3] "Which of the following is the established biological therapy for Crohn's disease" → A
  [TEST] 'A 55- year old diabetic patient presents with transient obscuration in vision fo'

--- 3-0-0 | sample 2 | layer 14 ---
  [ICL 1] 'Features of restrictive lung disease is-' → D
  [ICL 2] "Hepatitis B surface antigen in a patient's serum indicates" → B
  [ICL 3] 'Anticipation phenomenon is seen in' → D
  [TEST] 'Which heart sound indicates stiffness of ventricular wall'

--- 3-0-0 | sample 3 | layer 14 ---
  [ICL 1] 'All are useful for management of severe Clostridium difficle treatment except -' → B
  [ICL 2] 'A cardiac patient must be asked to stop one of the following drugs when he is co' → C
  [ICL 3] 'Wide fixed splitting of the second hea sound is typical of-' → A
  [TEST] "Which of the following is not true about the salivary gland output in Sjogren's "

--- 3-0-0 | sample 4 | layer 14 ---
  [ICL 1] 'Alkaline phosphatase is found in all organs,except -a) Boneb) Heartc) Placentad)' → B
  [ICL 2] 'Esophageal adenocarcinoma is predisposed by' → B
  [ICL 3] 'A female patient presents with upper respiratory tract infection. Two days after' → A
  [TEST] "Which of the following is not true about the salivary gland output in Sjogren's "

--- 3-0-0 | sample 5 | layer 14 ---
  [ICL 1] 'Patient presents with fasting sugar as 167mg/dl, skin pigmentation and hypogonad' → C
  [ICL 2] 'All the following are used for treatment of chronic Hepatitis B except?' → C
  [ICL 3] 'Sarcodiosis can be associated with' → A
  [TEST] 'First time causative agent of AIDS was discovered in:'

--- 3-0-0 | sample 6 | layer 14 ---
  [ICL 1] "Which of the following is the established biological therapy for Crohn's disease" → A
  [ICL 2] "Not seen in cushing's syndrome: March 2009" → D
  [ICL 3] 'Occupational exposure which is yet NOT confirmed on causing a lung problem: Marc' → C
  [TEST] 'Which of the following disease cause damage of vertebral body & intervertebral s'

--- 3-0-0 | sample 7 | layer 14 ---
  [ICL 1] '50 year old Dharma is admitted for chest discomfo. A right bundle branch block l' → D
  [ICL 2] 'Which of the following is associated with adult polycystic kidney disease -' → A
  [ICL 3] 'Immume complex mediated gloomerular damage is seen in all except -' → B
  [TEST] 'Lead cause following except'

--- 3-0-0 | sample 8 | layer 14 ---
  [ICL 1] '"Setting Sun" sign is seen in' → A
  [ICL 2] 'Most common inherited peripheral neuropathy is?' → B
  [ICL 3] 'A 38 year old male presents to OPD with history of progressive sholess of breath' → B
  [TEST] "Which of the following is not true about the salivary gland output in Sjogren's "

--- 3-0-0 | sample 9 | layer 14 ---
  [ICL 1] 'Atherosclerosis is inversely proport- ionnal to:' → D
  [ICL 2] 'In hypokalaemia all ECG changes are seen except' → B
  [ICL 3] 'Peripheral resistance of arteries measures:' → B
  [TEST] 'Myocardial infarction; signs are all except'

--- 3-0-0 | sample 10 | layer 14 ---
  [ICL 1] 'Most common cause of pleural effusion in AIDS patients' → A
  [ICL 2] 'Indications for use of cyclophosphamide in SLE is' → C
  [ICL 3] 'All the following are manifestations of CMV infection following Lung transplant ' → D
  [TEST] 'Which of the following disease cause damage of vertebral body & intervertebral s'

--- 3-0-0 | sample 11 | layer 14 ---
  [ICL 1] 'Pulses paradoxus is seen in:' → C
  [ICL 2] 'Which laboratory determinations would be most helpful in distinguishing iron def' → D
  [ICL 3] 'True about polycythemia rubra vera is all except -' → D
  [TEST] 'Myocardial infarction; signs are all except'

--- 3-0-0 | sample 12 | layer 14 ---
  [ICL 1] 'In hypokalaemia all ECG changes are seen except' → B
  [ICL 2] 'Drug for management of hypeension in Phaeochromocytoma' → A
  [ICL 3] 'ECG with ST -elevation low BP. Best line of management is -' → C
  [TEST] 'Features of cardiac rest pain are all, except'

--- 3-0-0 | sample 13 | layer 14 ---
  [ICL 1] 'Regarding medullary sponge kidney-a) Autosomal dominantb) Nephrocalcinosisc) Min' → C
  [ICL 2] 'Sentinel surveillance is done for: September 2003' → A
  [ICL 3] 'Generally speaking, the distal, burning, painful dysesthesias with reduced pinpr' → A
  [TEST] 'Which drug is not given in Wilson disease?'

--- 3-0-0 | sample 14 | layer 14 ---
  [ICL 1] 'All are true regarding GB syndrome, Except -' → C
  [ICL 2] '42 yrs old man presented with dizziness on standing,SBP falls by 50 mm Hg and HR' → C
  [ICL 3] 'A 23-year-old male patient presented with a history of back pain, which is more ' → D
  [TEST] 'Staphylococcus aureus and pneumoniae are responsible for:'

--- 3-0-0 | sample 15 | layer 14 ---
  [ICL 1] 'A 45-year-old woman has developed increasing SOB on exertion and fatigue. She ha' → B
  [ICL 2] 'All of the following are chromosomal breakage syndromes except -' → B
  [ICL 3] 'Which of the following is selective myosin activator?' → B
  [TEST] 'Calculate the base deficit in a patient of weight 75 kg with a pH = 6.96, pCO2 ='

--- 3-0-0 | sample 16 | layer 14 ---
  [ICL 1] 'A raised serum creatinine phosphokinase level in unusual in -' → C
  [ICL 2] 'Pancytopenia with cellular marrow is seen in all except -' → D
  [ICL 3] 'All the following are manifestations of CMV infection following Lung transplant ' → D
  [TEST] 'Facial nerve injury during forceps delivery in labour is due to:'

--- 3-0-0 | sample 17 | layer 14 ---
  [ICL 1] 'Investigation of choice for diagnosing primary hypothyroidism: March 2007, Septe' → C
  [ICL 2] 'The following is a marker of acute hepatitis B infection -' → A
  [ICL 3] 'Alkaline phosphatase is found in all organs,except -a) Boneb) Heartc) Placentad)' → B
  [TEST] 'A 29 yrs old woman with a pregnancy of 17 week has a 10 years old boy with down '

--- 3-0-0 | sample 18 | layer 14 ---
  [ICL 1] 'Right axis deviation is seen in all except' → B
  [ICL 2] 'All of the following statements about mitral valve prolapse are true except:' → B
  [ICL 3] 'Kespar Hauser syndrome is due to' → D
  [TEST] 'Valvular lesion most often resulting from myocardial infarction is:'

--- 3-0-0 | sample 19 | layer 14 ---
  [ICL 1] 'Which of the following is not a cause of cirrhosis?' → C
  [ICL 2] 'Which cranial nerve(s) is/are not involved in "Locked in syndrome"?' → C
  [ICL 3] 'A 45-year-old woman has developed increasing SOB on exertion and fatigue. She ha' → B
  [TEST] 'Which heart sound indicates stiffness of ventricular wall'

--- 0-3-0 | sample 0 | layer 14 ---
  [ICL 1] 'Can infundibular height predict the clearance of lower pole calyceal stone after' → yes
  [ICL 2] 'The clinical significance of bile duct sludge: is it different from bile duct st' → no
  [ICL 3] 'Is pelvic pain associated with defecatory symptoms in women with pelvic organ pr' → yes
  [TEST] 'Does preoperative anemia adversely affect colon and rectal surgery outcomes?'

--- 0-3-0 | sample 1 | layer 14 ---
  [ICL 1] 'The colour of pain: can patients use colour to describe osteoarthritis pain?' → yes
  [ICL 2] 'Is fetal gender associated with emergency department visits for asthma during pr' → no
  [ICL 3] 'Is the atopy patch test with house dust mites specific for atopic dermatitis?' → yes
  [TEST] "Are the GFRUP's recommendations for withholding or withdrawing treatments in cri"

--- 0-3-0 | sample 2 | layer 14 ---
  [ICL 1] 'Can magnetic resonance-ultrasound fusion biopsy improve cancer detection in enla' → yes
  [ICL 2] 'Is double-balloon enteroscopy an accurate method to diagnose small-bowel disorde' → yes
  [ICL 3] 'Does gestational age misclassification explain the difference in birthweights fo' → no
  [TEST] 'Does a febrile reaction to platelets predispose recipients to red blood cell all'

--- 0-3-0 | sample 3 | layer 14 ---
  [ICL 1] 'Are head and neck specific quality of life measures necessary?' → yes
  [ICL 2] 'Does prior benign prostate biopsy predict outcome for patients treated with radi' → yes
  [ICL 3] "Can ki-67 play a role in prediction of breast cancer patients' response to neoad" → yes
  [TEST] 'Do nontriploid partial hydatidiform moles exist?'

--- 0-3-0 | sample 4 | layer 14 ---
  [ICL 1] 'Transient tachypnea of the newborn (TTN): a role for polymorphisms in the beta-a' → yes
  [ICL 2] 'Upstream solutions: does the supplemental security income program reduce disabil' → yes
  [ICL 3] 'Does menopausal transition affect the quality of life?' → no
  [TEST] 'Do nontriploid partial hydatidiform moles exist?'

--- 0-3-0 | sample 5 | layer 14 ---
  [ICL 1] 'Acute hepatitis C in Israel: a predominantly iatrogenic disease?' → yes
  [ICL 2] 'The colour of pain: can patients use colour to describe osteoarthritis pain?' → yes
  [ICL 3] 'An HIV1/2 point of care test on sputum for screening TB/HIV co-infection in Cent' → yes
  [TEST] 'Advanced epithelial ovarian carcinoma in Thai women: should we continue to offer'

--- 0-3-0 | sample 6 | layer 14 ---
  [ICL 1] 'Has the prevalence of health care services use increased over the last decade (2' → yes
  [ICL 2] 'Does telmisartan prevent hepatic fibrosis in rats with alloxan-induced diabetes?' → yes
  [ICL 3] 'Is amoxapine an atypical antipsychotic?' → yes
  [TEST] 'Does tranexamic acid reduce desmopressin-induced hyperfibrinolysis?'

--- 0-3-0 | sample 7 | layer 14 ---
  [ICL 1] 'Does cognitive function predict frequency compressed speech recognition in liste' → no
  [ICL 2] 'Is there a relationship between homocysteine and vitiligo?' → yes
  [ICL 3] 'Do women with ovaries of polycystic morphology without any other features of PCO' → no
  [TEST] 'Xanthogranulomatous cholecystitis: a premalignant condition?'

--- 0-3-0 | sample 8 | layer 14 ---
  [ICL 1] 'Is low birth weight a risk indicator for congenital cytomegalovirus infection?' → no
  [ICL 2] 'Steroids in aminoglycoside-containing ear drops: do they reduce cochlear toxicit' → yes
  [ICL 3] 'Do approved doctors and medical referees in the UK agree when assessing a seafar' → no
  [TEST] 'Do nontriploid partial hydatidiform moles exist?'

--- 0-3-0 | sample 9 | layer 14 ---
  [ICL 1] 'Does ethnicity affect where people with cancer die?' → yes
  [ICL 2] 'Does the central venous pressure predict fluid responsiveness?' → no
  [ICL 3] 'Cycloplegic autorefraction in young adults: is it mandatory?' → maybe
  [TEST] 'Vaginal dose assessment in image-guided brachytherapy for cervical cancer: Can w'

--- 0-3-0 | sample 10 | layer 14 ---
  [ICL 1] 'Implementation of epidural analgesia for labor: is the standard of effective ana' → yes
  [ICL 2] 'Mammographic screening in Sami speaking municipalities and a control group. Are ' → yes
  [ICL 3] 'Does short-term treatment with proton pump inhibitors cause rebound aggravation ' → no
  [TEST] 'Does tranexamic acid reduce desmopressin-induced hyperfibrinolysis?'

--- 0-3-0 | sample 11 | layer 14 ---
  [ICL 1] 'Does elective re-siting of intravenous cannulae decrease peripheral thrombophleb' → yes
  [ICL 2] 'Are opioid dependence and methadone maintenance treatment (MMT) documented in th' → maybe
  [ICL 3] 'Scrotal approach to both palpable and impalpable undescended testes: should it b' → yes
  [TEST] 'Vaginal dose assessment in image-guided brachytherapy for cervical cancer: Can w'

--- 0-3-0 | sample 12 | layer 14 ---
  [ICL 1] 'Do mitochondria play a role in remodelling lace plant leaves during programmed c' → yes
  [ICL 2] 'Prescriptions as a proxy for asthma in children: a good choice?' → no
  [ICL 3] 'Did the call for boycott by the Catholic bishops affect the polio vaccination co' → no
  [TEST] 'Are performance measurement systems useful?'

--- 0-3-0 | sample 13 | layer 14 ---
  [ICL 1] 'Does multi-modal cervical physical therapy improve tinnitus in patients with cer' → yes
  [ICL 2] 'An HIV1/2 point of care test on sputum for screening TB/HIV co-infection in Cent' → yes
  [ICL 3] 'Are even impaired fasting blood glucose levels preoperatively associated with in' → yes
  [TEST] 'Do women residents delay childbearing due to perceived career threats?'

--- 0-3-0 | sample 14 | layer 14 ---
  [ICL 1] 'Do African American women require fewer calories to maintain weight?' → no
  [ICL 2] 'An HIV1/2 point of care test on sputum for screening TB/HIV co-infection in Cent' → yes
  [ICL 3] 'Does maternal obesity have an influence on feeding behavior of obese children?' → no
  [TEST] 'PREVALENCE OF THE STREPTOCOCUS AGALACTIAE IN THE PREGNANT WOMAN FROM THE AUTONOM'

--- 0-3-0 | sample 15 | layer 14 ---
  [ICL 1] 'Do some U.S. states have higher/lower injury mortality rates than others?' → yes
  [ICL 2] 'Subclavian steal syndrome: can the blood pressure difference between arms predic' → yes
  [ICL 3] 'Does high-dose radiotherapy benefit palliative lung cancer patients?' → no
  [TEST] 'Is portable ultrasonography accurate in the evaluation of Schanz pin placement d'

--- 0-3-0 | sample 16 | layer 14 ---
  [ICL 1] 'Continuation of pregnancy after antenatal corticosteroid administration: opportu' → maybe
  [ICL 2] 'Traumatic aortic injury: does the anatomy of the aortic arch influence aortic tr' → yes
  [ICL 3] 'Prostatic syndrome and pleural effusion: are they different diseases?' → maybe
  [TEST] 'Does the lipid-lowering peroxisome proliferator-activated receptors ligand bezaf'

--- 0-3-0 | sample 17 | layer 14 ---
  [ICL 1] 'Is specialty care associated with improved survival of patients with congestive ' → yes
  [ICL 2] 'Do microbiological factors account for poor pregnancy outcome among unmarried pr' → yes
  [ICL 3] 'Upstream solutions: does the supplemental security income program reduce disabil' → yes
  [TEST] 'Serum angiotensin-converting enzyme and frequency of severe hypoglycaemia in Typ'

--- 0-3-0 | sample 18 | layer 14 ---
  [ICL 1] 'Does concomitant anterior/apical repair during midurethral sling improve the ove' → no
  [ICL 2] 'Percutaneous ethanol injection for benign cystic thyroid nodules: is aspiration ' → no
  [ICL 3] 'Is the international normalised ratio (INR) reliable?' → maybe
  [TEST] 'Household and food shopping environments: do they play a role in socioeconomic i'

--- 0-3-0 | sample 19 | layer 14 ---
  [ICL 1] 'Juvenile osteochondritis dissecans: is it a growth disturbance of the secondary ' → yes
  [ICL 2] "Does Paget's disease exist in India?" → yes
  [ICL 3] 'Does a family meetings intervention prevent depression and anxiety in family car' → no
  [TEST] 'Does a febrile reaction to platelets predispose recipients to red blood cell all'

--- 0-0-3 | sample 0 | layer 14 ---
  [ICL 1] 'I have a rash on my legs that is giving me a lot of pain. There appears to be a ' → 22
  [ICL 2] "I have red, itchy bumps all over my body. They're especially bad on my arms and " → 5
  [ICL 3] 'I have been feeling a lot of pain in my legs lately. It feels like a cramp and i' → 22
  [TEST] 'I have been having a lot of problems with my skin. It is constantly peeling and '

--- 0-0-3 | sample 1 | layer 14 ---
  [ICL 1] "My skin has been acting up recently, it's been itchy and I've been getting rashe" → 10
  [ICL 2] 'I have been experiencing abdominal pain for a few days now. It is really painful' → 20
  [ICL 3] 'I have a rash on my skin that is itchy and uncomfortable. There are also some od' → 10
  [TEST] "I have red, irritated skin on my arms, face, and back. It's often itchy and unco"

--- 0-0-3 | sample 2 | layer 14 ---
  [ICL 1] "I've been having chills, fatigue, and a cough for a few days. I've also been swe" → 18
  [ICL 2] "I've been having trouble breathing, and I've been coughing a lot. I've been coug" → 3
  [ICL 3] 'I have a lot of nausea and chest pain. My chest has been hurting for a while now' → 9
  [TEST] "I have to go to the bathroom a lot, but when I get there, I can't seem to empty "

--- 0-0-3 | sample 3 | layer 14 ---
  [ICL 1] "I have these large, bulging veins on my legs that are really painful. They're re" → 22
  [ICL 2] "I've been feeling really sick lately. I've been having a lot of nausea and I fee" → 5
  [ICL 3] "I've been having diarrhea and constipation, which is really bothering me. I have" → 20
  [TEST] 'I have a hard time concentrating and my emotions are all over the place. I feel '

--- 0-0-3 | sample 4 | layer 14 ---
  [ICL 1] "I've gained a lot of weight and am currently quite fat. I have many inclinations" → 9
  [ICL 2] "I've been feeling really sick lately. I've been itchy and throwing up, and I've " → 14
  [ICL 3] "I have rashes that sometimes cause my skin to flake off. I'm more likely to get " → 9
  [TEST] 'I have a hard time concentrating and my emotions are all over the place. I feel '

--- 0-0-3 | sample 5 | layer 14 ---
  [ICL 1] "I have blood in my urine and a low-grade fever. I've also been having headaches " → 21
  [ICL 2] 'I have rashes and skin irritations especially in the folds of my skin. My cuts a' → 8
  [ICL 3] 'I have swelling in my legs and it is causing me to have difficulty fitting into ' → 22
  [TEST] 'I have a pretty irritating itch all over my body, and my skin also has a few red'

--- 0-0-3 | sample 6 | layer 14 ---
  [ICL 1] "I have trouble breathing, especially when I'm outside. I start to feel hot and s" → 8
  [ICL 2] "I've been feeling really sick and tired. I've lost weight and have a fever. My u" → 14
  [ICL 3] 'I have been having rashes on my skin for a while now. They are not healing and a' → 19
  [TEST] "I've been experiencing stiffness and weakness in my neck muscles recently. I've "

--- 0-0-3 | sample 7 | layer 14 ---
  [ICL 1] "I've been feeling really tired and weak, and I can't seem to get enough sleep. I" → 7
  [ICL 2] 'I have a rash all over my body that is really itchy. I also have some bumps that' → 10
  [ICL 3] "I've been having trouble concentrating and focusing. I've also been experiencing" → 12
  [TEST] "I have a rash that sometimes causes my skin to peel off. I'm more susceptible to"

--- 0-0-3 | sample 8 | layer 14 ---
  [ICL 1] "I've been having a lot of pain in my joints and my neck has been really tight. I" → 2
  [ICL 2] 'I have a sour taste in my mouth. I burp and belch a lot. I have pressure or full' → 17
  [ICL 3] "My muscles are weak and I have back pain. I've been feeling lightheaded and dizz" → 4
  [TEST] 'I have a hard time concentrating and my emotions are all over the place. I feel '

--- 0-0-3 | sample 9 | layer 14 ---
  [ICL 1] "I've been feeling really tired lately and have had this cough for a few days. It" → 3
  [ICL 2] "I have a fever and I can't breathe through my nose or mouth. I'm tired and I've " → 3
  [ICL 3] 'I have a lot of pain in my legs, especially when I stand or walk for a long time' → 22
  [TEST] 'I have been feeling really sick lately. I have been having chills and fever, and'

--- 0-0-3 | sample 10 | layer 14 ---
  [ICL 1] "I've been vomiting and having diarrhea for a few days. I've also been having a f" → 20
  [ICL 2] "I've been having trouble breathing lately. I've been coughing a lot, and my ches" → 3
  [ICL 3] "I have a lot of pain in my neck and back. I also feel weak and lightheaded. I've" → 4
  [TEST] "I've been experiencing stiffness and weakness in my neck muscles recently. I've "

--- 0-0-3 | sample 11 | layer 14 ---
  [ICL 1] 'I have been experiencing pain and swelling in my legs. The pain is worse when I ' → 22
  [ICL 2] "I'm having trouble breathing, and I have a really high fever. I'm sweating a lot" → 18
  [ICL 3] "I've been feeling really sick for the past few days. I have a fever, I can't cat" → 18
  [TEST] 'I have been feeling really sick lately. I have been having chills and fever, and'

--- 0-0-3 | sample 12 | layer 14 ---
  [ICL 1] 'I have a high fever, chills, nausea, and severe itching. I also have a headache ' → 15
  [ICL 2] 'I have a lot of pain in my legs, especially when I stand for long periods of tim' → 22
  [ICL 3] "I have been feeling really cold, even though it's warm outside. My back hurts an" → 7
  [TEST] "I've been sneezing a lot and I'm really tired. My throat hurts and I have a lot "

--- 0-0-3 | sample 13 | layer 14 ---
  [ICL 1] 'I have been feeling very thirsty and hungry lately. I also feel very tired at ti' → 8
  [ICL 2] "I'm experiencing a high fever, chills, nausea, and severe itching. I also have a" → 15
  [ICL 3] 'I feel weak and my lymph nodes are swollen. My eyes burn and my throat hurts. My' → 6
  [TEST] 'I have been feeling very tired and weak. I have also been vomiting and have deve'

--- 0-0-3 | sample 14 | layer 14 ---
  [ICL 1] "I have a fever, headache, and swollen lymph nodes. I feel weak and fatigued. I'm" → 5
  [ICL 2] 'I have a constant hunger and appetite. Sometimes my stomach will cramp and spasm' → 17
  [ICL 3] 'I have been having a lot of skin problems lately. I have red, scaly patches on m' → 19
  [TEST] 'I have a stomach ache and I am feeling feverish. I also have chills and a headac'

--- 0-0-3 | sample 15 | layer 14 ---
  [ICL 1] "I've had a high fever, vomiting, chills, and intense itching. I also have a head" → 15
  [ICL 2] 'I have mood swings and have trouble concentrating. My mind feels hazy and foggy ' → 8
  [ICL 3] 'I have a rash on my skin that is itchy and uncomfortable. I have also noticed sm' → 19
  [TEST] 'I have a skin rash that gets worse in the winter when the air is dry. I have to '

--- 0-0-3 | sample 16 | layer 14 ---
  [ICL 1] "I have to pee a lot, and it's hard to hold it in. I feel dizzy and confused. I c" → 8
  [ICL 2] 'I have been feeling dizzy and lightheaded, and I have also had trouble keeping m' → 12
  [ICL 3] 'I feel tired all the time, and my throat feels tingly. I also have dry, flaky sk' → 1
  [TEST] "I've been feeling really sick and I have a rash all over my body. I'm worried ab"

--- 0-0-3 | sample 17 | layer 14 ---
  [ICL 1] "I'm always tired, my taste is off, and my throat is really scratchy. I also have" → 1
  [ICL 2] "I've gained a lot of weight and am currently quite fat. I have many inclinations" → 9
  [ICL 3] 'I have a rash on my back and chest, and my entire body itches. My skin may be dr' → 9
  [TEST] 'I have been having a headache for the past week. It started out as a dull ache, '

--- 0-0-3 | sample 18 | layer 14 ---
  [ICL 1] "I've been experiencing a lot of itching, chills, vomiting, and a fever. I also h" → 15
  [ICL 2] "I have a rash on my face and it's really painful. There are little blisters arou" → 13
  [ICL 3] 'I have had diarrhea for a few days now. It is very watery and smells bad. I also' → 20
  [TEST] "I've been feeling really sick lately. I've been throwing up and I'm itchy all ov"

--- 0-0-3 | sample 19 | layer 14 ---
  [ICL 1] "I've been feeling really sick lately. I've been getting chills and I'm always ti" → 18
  [ICL 2] "I've been having a runny nose and a sore throat for a few days now. I also feel " → 6
  [ICL 3] "I have a rash all over my body, and it's really itchy. I have some bumps that ar" → 10
  [TEST] "I have to go to the bathroom a lot, but when I get there, I can't seem to empty "

--- 2-1-0 | sample 0 | layer 14 ---
  [ICL 1] 'The differential diagnosis of micro-angiopathic anemia includes all Except:' → C
  [ICL 2] 'The clinical significance of bile duct sludge: is it different from bile duct st' → no
  [ICL 3] 'Aplastic anemia in sickle cell anemia is due to infection of -' → B
  [TEST] 'Coarse tremors of tongue is seen in all except:'

--- 2-1-0 | sample 1 | layer 14 ---
  [ICL 1] 'Is fetal gender associated with emergency department visits for asthma during pr' → no
  [ICL 2] 'Floating water lilly sign on chest x-ray is characteristic of-' → A
  [ICL 3] "Which of the following is the established biological therapy for Crohn's disease" → A
  [TEST] "Are the GFRUP's recommendations for withholding or withdrawing treatments in cri"

--- 2-1-0 | sample 2 | layer 14 ---
  [ICL 1] 'Can magnetic resonance-ultrasound fusion biopsy improve cancer detection in enla' → yes
  [ICL 2] "Hepatitis B surface antigen in a patient's serum indicates" → B
  [ICL 3] 'Anticipation phenomenon is seen in' → D
  [TEST] "I have to go to the bathroom a lot, but when I get there, I can't seem to empty "

--- 2-1-0 | sample 3 | layer 14 ---
  [ICL 1] 'All are useful for management of severe Clostridium difficle treatment except -' → B
  [ICL 2] 'Does prior benign prostate biopsy predict outcome for patients treated with radi' → yes
  [ICL 3] 'Wide fixed splitting of the second hea sound is typical of-' → A
  [TEST] "Which of the following is not true about the salivary gland output in Sjogren's "

--- 2-1-0 | sample 4 | layer 14 ---
  [ICL 1] 'Transient tachypnea of the newborn (TTN): a role for polymorphisms in the beta-a' → yes
  [ICL 2] 'Alkaline phosphatase is found in all organs,except -a) Boneb) Heartc) Placentad)' → B
  [ICL 3] 'A female patient presents with upper respiratory tract infection. Two days after' → A
  [TEST] 'Do nontriploid partial hydatidiform moles exist?'

--- 2-1-0 | sample 5 | layer 14 ---
  [ICL 1] 'Patient presents with fasting sugar as 167mg/dl, skin pigmentation and hypogonad' → C
  [ICL 2] 'All the following are used for treatment of chronic Hepatitis B except?' → C
  [ICL 3] 'Acute hepatitis C in Israel: a predominantly iatrogenic disease?' → yes
  [TEST] 'I have a pretty irritating itch all over my body, and my skin also has a few red'

--- 2-1-0 | sample 6 | layer 14 ---
  [ICL 1] 'Occupational exposure which is yet NOT confirmed on causing a lung problem: Marc' → C
  [ICL 2] 'Does telmisartan prevent hepatic fibrosis in rats with alloxan-induced diabetes?' → yes
  [ICL 3] "Not seen in cushing's syndrome: March 2009" → D
  [TEST] 'Which of the following disease cause damage of vertebral body & intervertebral s'

--- 2-1-0 | sample 7 | layer 14 ---
  [ICL 1] '50 year old Dharma is admitted for chest discomfo. A right bundle branch block l' → D
  [ICL 2] 'Is there a relationship between homocysteine and vitiligo?' → yes
  [ICL 3] 'Immume complex mediated gloomerular damage is seen in all except -' → B
  [TEST] 'Xanthogranulomatous cholecystitis: a premalignant condition?'

--- 2-1-0 | sample 8 | layer 14 ---
  [ICL 1] '"Setting Sun" sign is seen in' → A
  [ICL 2] 'Steroids in aminoglycoside-containing ear drops: do they reduce cochlear toxicit' → yes
  [ICL 3] 'A 38 year old male presents to OPD with history of progressive sholess of breath' → B
  [TEST] 'I have a hard time concentrating and my emotions are all over the place. I feel '

--- 2-1-0 | sample 9 | layer 14 ---
  [ICL 1] 'Atherosclerosis is inversely proport- ionnal to:' → D
  [ICL 2] 'Does the central venous pressure predict fluid responsiveness?' → no
  [ICL 3] 'Peripheral resistance of arteries measures:' → B
  [TEST] 'Myocardial infarction; signs are all except'

--- 2-1-0 | sample 10 | layer 14 ---
  [ICL 1] 'Most common cause of pleural effusion in AIDS patients' → A
  [ICL 2] 'Indications for use of cyclophosphamide in SLE is' → C
  [ICL 3] 'Does short-term treatment with proton pump inhibitors cause rebound aggravation ' → no
  [TEST] 'Does tranexamic acid reduce desmopressin-induced hyperfibrinolysis?'

--- 2-1-0 | sample 11 | layer 14 ---
  [ICL 1] 'Does elective re-siting of intravenous cannulae decrease peripheral thrombophleb' → yes
  [ICL 2] 'Which laboratory determinations would be most helpful in distinguishing iron def' → D
  [ICL 3] 'True about polycythemia rubra vera is all except -' → D
  [TEST] 'I have been feeling really sick lately. I have been having chills and fever, and'

--- 2-1-0 | sample 12 | layer 14 ---
  [ICL 1] 'In hypokalaemia all ECG changes are seen except' → B
  [ICL 2] 'Drug for management of hypeension in Phaeochromocytoma' → A
  [ICL 3] 'Did the call for boycott by the Catholic bishops affect the polio vaccination co' → no
  [TEST] 'Features of cardiac rest pain are all, except'

--- 2-1-0 | sample 13 | layer 14 ---
  [ICL 1] 'Regarding medullary sponge kidney-a) Autosomal dominantb) Nephrocalcinosisc) Min' → C
  [ICL 2] 'Sentinel surveillance is done for: September 2003' → A
  [ICL 3] 'Does multi-modal cervical physical therapy improve tinnitus in patients with cer' → yes
  [TEST] 'Do women residents delay childbearing due to perceived career threats?'

--- 2-1-0 | sample 14 | layer 14 ---
  [ICL 1] 'All are true regarding GB syndrome, Except -' → C
  [ICL 2] '42 yrs old man presented with dizziness on standing,SBP falls by 50 mm Hg and HR' → C
  [ICL 3] 'An HIV1/2 point of care test on sputum for screening TB/HIV co-infection in Cent' → yes
  [TEST] 'I have a stomach ache and I am feeling feverish. I also have chills and a headac'

--- 2-1-0 | sample 15 | layer 14 ---
  [ICL 1] 'A 45-year-old woman has developed increasing SOB on exertion and fatigue. She ha' → B
  [ICL 2] 'Subclavian steal syndrome: can the blood pressure difference between arms predic' → yes
  [ICL 3] 'Which of the following is selective myosin activator?' → B
  [TEST] 'Calculate the base deficit in a patient of weight 75 kg with a pH = 6.96, pCO2 ='

--- 2-1-0 | sample 16 | layer 14 ---
  [ICL 1] 'Continuation of pregnancy after antenatal corticosteroid administration: opportu' → maybe
  [ICL 2] 'Pancytopenia with cellular marrow is seen in all except -' → D
  [ICL 3] 'All the following are manifestations of CMV infection following Lung transplant ' → D
  [TEST] 'Does the lipid-lowering peroxisome proliferator-activated receptors ligand bezaf'

--- 2-1-0 | sample 17 | layer 14 ---
  [ICL 1] 'Is specialty care associated with improved survival of patients with congestive ' → yes
  [ICL 2] 'The following is a marker of acute hepatitis B infection -' → A
  [ICL 3] 'Alkaline phosphatase is found in all organs,except -a) Boneb) Heartc) Placentad)' → B
  [TEST] 'I have been having a headache for the past week. It started out as a dull ache, '

--- 2-1-0 | sample 18 | layer 14 ---
  [ICL 1] 'Does concomitant anterior/apical repair during midurethral sling improve the ove' → no
  [ICL 2] 'All of the following statements about mitral valve prolapse are true except:' → B
  [ICL 3] 'Kespar Hauser syndrome is due to' → D
  [TEST] 'Valvular lesion most often resulting from myocardial infarction is:'

--- 2-1-0 | sample 19 | layer 14 ---
  [ICL 1] 'Juvenile osteochondritis dissecans: is it a growth disturbance of the secondary ' → yes
  [ICL 2] 'Which cranial nerve(s) is/are not involved in "Locked in syndrome"?' → C
  [ICL 3] 'A 45-year-old woman has developed increasing SOB on exertion and fatigue. She ha' → B
  [TEST] 'Does a febrile reaction to platelets predispose recipients to red blood cell all'

--- 1-2-0 | sample 0 | layer 14 ---
  [ICL 1] 'The differential diagnosis of micro-angiopathic anemia includes all Except:' → C
  [ICL 2] 'The clinical significance of bile duct sludge: is it different from bile duct st' → no
  [ICL 3] 'Can infundibular height predict the clearance of lower pole calyceal stone after' → yes
  [TEST] 'Coarse tremors of tongue is seen in all except:'

--- 1-2-0 | sample 1 | layer 14 ---
  [ICL 1] 'The colour of pain: can patients use colour to describe osteoarthritis pain?' → yes
  [ICL 2] 'Is fetal gender associated with emergency department visits for asthma during pr' → no
  [ICL 3] 'Floating water lilly sign on chest x-ray is characteristic of-' → A
  [TEST] "Are the GFRUP's recommendations for withholding or withdrawing treatments in cri"

--- 1-2-0 | sample 2 | layer 14 ---
  [ICL 1] 'Can magnetic resonance-ultrasound fusion biopsy improve cancer detection in enla' → yes
  [ICL 2] 'Is double-balloon enteroscopy an accurate method to diagnose small-bowel disorde' → yes
  [ICL 3] 'Anticipation phenomenon is seen in' → D
  [TEST] "I have to go to the bathroom a lot, but when I get there, I can't seem to empty "

--- 1-2-0 | sample 3 | layer 14 ---
  [ICL 1] 'All are useful for management of severe Clostridium difficle treatment except -' → B
  [ICL 2] 'Does prior benign prostate biopsy predict outcome for patients treated with radi' → yes
  [ICL 3] "Can ki-67 play a role in prediction of breast cancer patients' response to neoad" → yes
  [TEST] "Which of the following is not true about the salivary gland output in Sjogren's "

--- 1-2-0 | sample 4 | layer 14 ---
  [ICL 1] 'Transient tachypnea of the newborn (TTN): a role for polymorphisms in the beta-a' → yes
  [ICL 2] 'Alkaline phosphatase is found in all organs,except -a) Boneb) Heartc) Placentad)' → B
  [ICL 3] 'Does menopausal transition affect the quality of life?' → no
  [TEST] 'Do nontriploid partial hydatidiform moles exist?'

--- 1-2-0 | sample 5 | layer 14 ---
  [ICL 1] 'Acute hepatitis C in Israel: a predominantly iatrogenic disease?' → yes
  [ICL 2] 'All the following are used for treatment of chronic Hepatitis B except?' → C
  [ICL 3] 'An HIV1/2 point of care test on sputum for screening TB/HIV co-infection in Cent' → yes
  [TEST] 'I have a pretty irritating itch all over my body, and my skin also has a few red'

--- 1-2-0 | sample 6 | layer 14 ---
  [ICL 1] 'Has the prevalence of health care services use increased over the last decade (2' → yes
  [ICL 2] 'Does telmisartan prevent hepatic fibrosis in rats with alloxan-induced diabetes?' → yes
  [ICL 3] "Not seen in cushing's syndrome: March 2009" → D
  [TEST] 'Which of the following disease cause damage of vertebral body & intervertebral s'

--- 1-2-0 | sample 7 | layer 14 ---
  [ICL 1] 'Does cognitive function predict frequency compressed speech recognition in liste' → no
  [ICL 2] 'Is there a relationship between homocysteine and vitiligo?' → yes
  [ICL 3] 'Immume complex mediated gloomerular damage is seen in all except -' → B
  [TEST] 'Xanthogranulomatous cholecystitis: a premalignant condition?'

--- 1-2-0 | sample 8 | layer 14 ---
  [ICL 1] 'Is low birth weight a risk indicator for congenital cytomegalovirus infection?' → no
  [ICL 2] 'Steroids in aminoglycoside-containing ear drops: do they reduce cochlear toxicit' → yes
  [ICL 3] 'A 38 year old male presents to OPD with history of progressive sholess of breath' → B
  [TEST] 'I have a hard time concentrating and my emotions are all over the place. I feel '

--- 1-2-0 | sample 9 | layer 14 ---
  [ICL 1] 'Does ethnicity affect where people with cancer die?' → yes
  [ICL 2] 'Does the central venous pressure predict fluid responsiveness?' → no
  [ICL 3] 'Peripheral resistance of arteries measures:' → B
  [TEST] 'Myocardial infarction; signs are all except'

--- 1-2-0 | sample 10 | layer 14 ---
  [ICL 1] 'Implementation of epidural analgesia for labor: is the standard of effective ana' → yes
  [ICL 2] 'Indications for use of cyclophosphamide in SLE is' → C
  [ICL 3] 'Does short-term treatment with proton pump inhibitors cause rebound aggravation ' → no
  [TEST] 'Does tranexamic acid reduce desmopressin-induced hyperfibrinolysis?'

--- 1-2-0 | sample 11 | layer 14 ---
  [ICL 1] 'Does elective re-siting of intravenous cannulae decrease peripheral thrombophleb' → yes
  [ICL 2] 'Which laboratory determinations would be most helpful in distinguishing iron def' → D
  [ICL 3] 'Scrotal approach to both palpable and impalpable undescended testes: should it b' → yes
  [TEST] 'I have been feeling really sick lately. I have been having chills and fever, and'

--- 1-2-0 | sample 12 | layer 14 ---
  [ICL 1] 'In hypokalaemia all ECG changes are seen except' → B
  [ICL 2] 'Prescriptions as a proxy for asthma in children: a good choice?' → no
  [ICL 3] 'Did the call for boycott by the Catholic bishops affect the polio vaccination co' → no
  [TEST] 'Features of cardiac rest pain are all, except'

--- 1-2-0 | sample 13 | layer 14 ---
  [ICL 1] 'Does multi-modal cervical physical therapy improve tinnitus in patients with cer' → yes
  [ICL 2] 'An HIV1/2 point of care test on sputum for screening TB/HIV co-infection in Cent' → yes
  [ICL 3] 'Sentinel surveillance is done for: September 2003' → A
  [TEST] 'Do women residents delay childbearing due to perceived career threats?'

--- 1-2-0 | sample 14 | layer 14 ---
  [ICL 1] 'Do African American women require fewer calories to maintain weight?' → no
  [ICL 2] 'An HIV1/2 point of care test on sputum for screening TB/HIV co-infection in Cent' → yes
  [ICL 3] '42 yrs old man presented with dizziness on standing,SBP falls by 50 mm Hg and HR' → C
  [TEST] 'I have a stomach ache and I am feeling feverish. I also have chills and a headac'

--- 1-2-0 | sample 15 | layer 14 ---
  [ICL 1] 'Do some U.S. states have higher/lower injury mortality rates than others?' → yes
  [ICL 2] 'Subclavian steal syndrome: can the blood pressure difference between arms predic' → yes
  [ICL 3] 'Which of the following is selective myosin activator?' → B
  [TEST] 'Calculate the base deficit in a patient of weight 75 kg with a pH = 6.96, pCO2 ='

--- 1-2-0 | sample 16 | layer 14 ---
  [ICL 1] 'Continuation of pregnancy after antenatal corticosteroid administration: opportu' → maybe
  [ICL 2] 'Pancytopenia with cellular marrow is seen in all except -' → D
  [ICL 3] 'Prostatic syndrome and pleural effusion: are they different diseases?' → maybe
  [TEST] 'Does the lipid-lowering peroxisome proliferator-activated receptors ligand bezaf'

--- 1-2-0 | sample 17 | layer 14 ---
  [ICL 1] 'Is specialty care associated with improved survival of patients with congestive ' → yes
  [ICL 2] 'The following is a marker of acute hepatitis B infection -' → A
  [ICL 3] 'Upstream solutions: does the supplemental security income program reduce disabil' → yes
  [TEST] 'I have been having a headache for the past week. It started out as a dull ache, '

--- 1-2-0 | sample 18 | layer 14 ---
  [ICL 1] 'Does concomitant anterior/apical repair during midurethral sling improve the ove' → no
  [ICL 2] 'All of the following statements about mitral valve prolapse are true except:' → B
  [ICL 3] 'Is the international normalised ratio (INR) reliable?' → maybe
  [TEST] 'Valvular lesion most often resulting from myocardial infarction is:'

--- 1-2-0 | sample 19 | layer 14 ---
  [ICL 1] 'Juvenile osteochondritis dissecans: is it a growth disturbance of the secondary ' → yes
  [ICL 2] "Does Paget's disease exist in India?" → yes
  [ICL 3] 'A 45-year-old woman has developed increasing SOB on exertion and fatigue. She ha' → B
  [TEST] 'Does a febrile reaction to platelets predispose recipients to red blood cell all'

--- 0-2-1 | sample 0 | layer 14 ---
  [ICL 1] 'Can infundibular height predict the clearance of lower pole calyceal stone after' → yes
  [ICL 2] 'The clinical significance of bile duct sludge: is it different from bile duct st' → no
  [ICL 3] "I'm having trouble sleeping because of stomach pain. I'm also tired after using " → 17
  [TEST] 'Coarse tremors of tongue is seen in all except:'

--- 0-2-1 | sample 1 | layer 14 ---
  [ICL 1] 'I have rashes and skin irritations especially in the folds of my skin. My cuts a' → 8
  [ICL 2] 'Is fetal gender associated with emergency department visits for asthma during pr' → no
  [ICL 3] 'Is the atopy patch test with house dust mites specific for atopic dermatitis?' → yes
  [TEST] "Are the GFRUP's recommendations for withholding or withdrawing treatments in cri"

--- 0-2-1 | sample 2 | layer 14 ---
  [ICL 1] "I've been having chills, fatigue, and a cough for a few days. I've also been swe" → 18
  [ICL 2] 'Is double-balloon enteroscopy an accurate method to diagnose small-bowel disorde' → yes
  [ICL 3] 'Does gestational age misclassification explain the difference in birthweights fo' → no
  [TEST] "I have to go to the bathroom a lot, but when I get there, I can't seem to empty "

--- 0-2-1 | sample 3 | layer 14 ---
  [ICL 1] 'Are head and neck specific quality of life measures necessary?' → yes
  [ICL 2] "I've been feeling really sick lately. I've been having a lot of nausea and I fee" → 5
  [ICL 3] "Can ki-67 play a role in prediction of breast cancer patients' response to neoad" → yes
  [TEST] "Which of the following is not true about the salivary gland output in Sjogren's "

--- 0-2-1 | sample 4 | layer 14 ---
  [ICL 1] 'Upstream solutions: does the supplemental security income program reduce disabil' → yes
  [ICL 2] "I've been feeling really sick lately. I've been itchy and throwing up, and I've " → 14
  [ICL 3] 'Does menopausal transition affect the quality of life?' → no
  [TEST] 'Do nontriploid partial hydatidiform moles exist?'

--- 0-2-1 | sample 5 | layer 14 ---
  [ICL 1] 'Acute hepatitis C in Israel: a predominantly iatrogenic disease?' → yes
  [ICL 2] 'The colour of pain: can patients use colour to describe osteoarthritis pain?' → yes
  [ICL 3] 'I have been experiencing pain in my legs, especially when I exercise. The veins ' → 22
  [TEST] 'I have a pretty irritating itch all over my body, and my skin also has a few red'

--- 0-2-1 | sample 6 | layer 14 ---
  [ICL 1] 'I have a burning pain in my stomach that comes and goes. I also have a lot of ga' → 17
  [ICL 2] 'Is amoxapine an atypical antipsychotic?' → yes
  [ICL 3] 'Has the prevalence of health care services use increased over the last decade (2' → yes
  [TEST] 'Which of the following disease cause damage of vertebral body & intervertebral s'

--- 0-2-1 | sample 7 | layer 14 ---
  [ICL 1] 'Does cognitive function predict frequency compressed speech recognition in liste' → no
  [ICL 2] 'I have a rash all over my body that is really itchy. I also have some bumps that' → 10
  [ICL 3] 'Do women with ovaries of polycystic morphology without any other features of PCO' → no
  [TEST] 'Xanthogranulomatous cholecystitis: a premalignant condition?'

--- 0-2-1 | sample 8 | layer 14 ---
  [ICL 1] 'Is low birth weight a risk indicator for congenital cytomegalovirus infection?' → no
  [ICL 2] 'I have a sour taste in my mouth. I burp and belch a lot. I have pressure or full' → 17
  [ICL 3] 'Do approved doctors and medical referees in the UK agree when assessing a seafar' → no
  [TEST] 'I have a hard time concentrating and my emotions are all over the place. I feel '

--- 0-2-1 | sample 9 | layer 14 ---
  [ICL 1] 'Does ethnicity affect where people with cancer die?' → yes
  [ICL 2] "I have a fever and I can't breathe through my nose or mouth. I'm tired and I've " → 3
  [ICL 3] 'Cycloplegic autorefraction in young adults: is it mandatory?' → maybe
  [TEST] 'Myocardial infarction; signs are all except'

--- 0-2-1 | sample 10 | layer 14 ---
  [ICL 1] 'Implementation of epidural analgesia for labor: is the standard of effective ana' → yes
  [ICL 2] 'Mammographic screening in Sami speaking municipalities and a control group. Are ' → yes
  [ICL 3] "I have a lot of pain in my neck and back. I also feel weak and lightheaded. I've" → 4
  [TEST] 'Does tranexamic acid reduce desmopressin-induced hyperfibrinolysis?'

--- 0-2-1 | sample 11 | layer 14 ---
  [ICL 1] 'Does elective re-siting of intravenous cannulae decrease peripheral thrombophleb' → yes
  [ICL 2] 'Are opioid dependence and methadone maintenance treatment (MMT) documented in th' → maybe
  [ICL 3] "I've been having a strange odor in my urine, it's been red or black, and both. M" → 21
  [TEST] 'I have been feeling really sick lately. I have been having chills and fever, and'

--- 0-2-1 | sample 12 | layer 14 ---
  [ICL 1] 'Do mitochondria play a role in remodelling lace plant leaves during programmed c' → yes
  [ICL 2] 'Prescriptions as a proxy for asthma in children: a good choice?' → no
  [ICL 3] "I have been feeling really cold, even though it's warm outside. My back hurts an" → 7
  [TEST] 'Features of cardiac rest pain are all, except'

--- 0-2-1 | sample 13 | layer 14 ---
  [ICL 1] 'Does multi-modal cervical physical therapy improve tinnitus in patients with cer' → yes
  [ICL 2] "I've been having headaches and chest pain for a while now, and it's been getting" → 12
  [ICL 3] 'Are even impaired fasting blood glucose levels preoperatively associated with in' → yes
  [TEST] 'Do women residents delay childbearing due to perceived career threats?'

--- 0-2-1 | sample 14 | layer 14 ---
  [ICL 1] "I have these red and bumpy spots on my skin that are itchy. They're also a diffe" → 10
  [ICL 2] 'An HIV1/2 point of care test on sputum for screening TB/HIV co-infection in Cent' → yes
  [ICL 3] 'Does maternal obesity have an influence on feeding behavior of obese children?' → no
  [TEST] 'I have a stomach ache and I am feeling feverish. I also have chills and a headac'

--- 0-2-1 | sample 15 | layer 14 ---
  [ICL 1] 'Do some U.S. states have higher/lower injury mortality rates than others?' → yes
  [ICL 2] 'I have mood swings and have trouble concentrating. My mind feels hazy and foggy ' → 8
  [ICL 3] 'Does high-dose radiotherapy benefit palliative lung cancer patients?' → no
  [TEST] 'Calculate the base deficit in a patient of weight 75 kg with a pH = 6.96, pCO2 ='

--- 0-2-1 | sample 16 | layer 14 ---
  [ICL 1] "I have to pee a lot, and it's hard to hold it in. I feel dizzy and confused. I c" → 8
  [ICL 2] 'Traumatic aortic injury: does the anatomy of the aortic arch influence aortic tr' → yes
  [ICL 3] 'Prostatic syndrome and pleural effusion: are they different diseases?' → maybe
  [TEST] 'Does the lipid-lowering peroxisome proliferator-activated receptors ligand bezaf'

--- 0-2-1 | sample 17 | layer 14 ---
  [ICL 1] 'I have a lot of heartburn and acid reflux. I also feel sick after eating and som' → 11
  [ICL 2] 'Do microbiological factors account for poor pregnancy outcome among unmarried pr' → yes
  [ICL 3] 'Upstream solutions: does the supplemental security income program reduce disabil' → yes
  [TEST] 'I have been having a headache for the past week. It started out as a dull ache, '

--- 0-2-1 | sample 18 | layer 14 ---
  [ICL 1] "I've been experiencing a lot of itching, chills, vomiting, and a fever. I also h" → 15
  [ICL 2] 'Percutaneous ethanol injection for benign cystic thyroid nodules: is aspiration ' → no
  [ICL 3] 'Is the international normalised ratio (INR) reliable?' → maybe
  [TEST] 'Valvular lesion most often resulting from myocardial infarction is:'

--- 0-2-1 | sample 19 | layer 14 ---
  [ICL 1] 'I have noticed that my legs are swollen and the blood vessels are visible. I hav' → 22
  [ICL 2] "Does Paget's disease exist in India?" → yes
  [ICL 3] 'Does a family meetings intervention prevent depression and anxiety in family car' → no
  [TEST] 'Does a febrile reaction to platelets predispose recipients to red blood cell all'

--- 0-1-2 | sample 0 | layer 14 ---
  [ICL 1] 'Can infundibular height predict the clearance of lower pole calyceal stone after' → yes
  [ICL 2] "I have red, itchy bumps all over my body. They're especially bad on my arms and " → 5
  [ICL 3] "I'm having trouble sleeping because of stomach pain. I'm also tired after using " → 17
  [TEST] 'Coarse tremors of tongue is seen in all except:'

--- 0-1-2 | sample 1 | layer 14 ---
  [ICL 1] "My skin has been acting up recently, it's been itchy and I've been getting rashe" → 10
  [ICL 2] 'I have been experiencing abdominal pain for a few days now. It is really painful' → 20
  [ICL 3] 'Is the atopy patch test with house dust mites specific for atopic dermatitis?' → yes
  [TEST] "Are the GFRUP's recommendations for withholding or withdrawing treatments in cri"

--- 0-1-2 | sample 2 | layer 14 ---
  [ICL 1] "I've been having chills, fatigue, and a cough for a few days. I've also been swe" → 18
  [ICL 2] "I've been having trouble breathing, and I've been coughing a lot. I've been coug" → 3
  [ICL 3] 'Does gestational age misclassification explain the difference in birthweights fo' → no
  [TEST] "I have to go to the bathroom a lot, but when I get there, I can't seem to empty "

--- 0-1-2 | sample 3 | layer 14 ---
  [ICL 1] 'Are head and neck specific quality of life measures necessary?' → yes
  [ICL 2] "I've been feeling really sick lately. I've been having a lot of nausea and I fee" → 5
  [ICL 3] "I've been having diarrhea and constipation, which is really bothering me. I have" → 20
  [TEST] "Which of the following is not true about the salivary gland output in Sjogren's "

--- 0-1-2 | sample 4 | layer 14 ---
  [ICL 1] 'Upstream solutions: does the supplemental security income program reduce disabil' → yes
  [ICL 2] "I've been feeling really sick lately. I've been itchy and throwing up, and I've " → 14
  [ICL 3] "I have rashes that sometimes cause my skin to flake off. I'm more likely to get " → 9
  [TEST] 'Do nontriploid partial hydatidiform moles exist?'

--- 0-1-2 | sample 5 | layer 14 ---
  [ICL 1] "I have blood in my urine and a low-grade fever. I've also been having headaches " → 21
  [ICL 2] 'The colour of pain: can patients use colour to describe osteoarthritis pain?' → yes
  [ICL 3] 'I have swelling in my legs and it is causing me to have difficulty fitting into ' → 22
  [TEST] 'I have a pretty irritating itch all over my body, and my skin also has a few red'

--- 0-1-2 | sample 6 | layer 14 ---
  [ICL 1] 'I have a burning pain in my stomach that comes and goes. I also have a lot of ga' → 17
  [ICL 2] 'Is amoxapine an atypical antipsychotic?' → yes
  [ICL 3] "I have trouble breathing, especially when I'm outside. I start to feel hot and s" → 8
  [TEST] 'Which of the following disease cause damage of vertebral body & intervertebral s'

--- 0-1-2 | sample 7 | layer 14 ---
  [ICL 1] "I've been feeling really tired and weak, and I can't seem to get enough sleep. I" → 7
  [ICL 2] 'I have a rash all over my body that is really itchy. I also have some bumps that' → 10
  [ICL 3] 'Do women with ovaries of polycystic morphology without any other features of PCO' → no
  [TEST] 'Xanthogranulomatous cholecystitis: a premalignant condition?'

--- 0-1-2 | sample 8 | layer 14 ---
  [ICL 1] "I've been having a lot of pain in my joints and my neck has been really tight. I" → 2
  [ICL 2] 'I have a sour taste in my mouth. I burp and belch a lot. I have pressure or full' → 17
  [ICL 3] 'Do approved doctors and medical referees in the UK agree when assessing a seafar' → no
  [TEST] 'I have a hard time concentrating and my emotions are all over the place. I feel '

--- 0-1-2 | sample 9 | layer 14 ---
  [ICL 1] "I've been feeling really tired lately and have had this cough for a few days. It" → 3
  [ICL 2] "I have a fever and I can't breathe through my nose or mouth. I'm tired and I've " → 3
  [ICL 3] 'Cycloplegic autorefraction in young adults: is it mandatory?' → maybe
  [TEST] 'Myocardial infarction; signs are all except'

--- 0-1-2 | sample 10 | layer 14 ---
  [ICL 1] "I've been vomiting and having diarrhea for a few days. I've also been having a f" → 20
  [ICL 2] 'Mammographic screening in Sami speaking municipalities and a control group. Are ' → yes
  [ICL 3] "I have a lot of pain in my neck and back. I also feel weak and lightheaded. I've" → 4
  [TEST] 'Does tranexamic acid reduce desmopressin-induced hyperfibrinolysis?'

--- 0-1-2 | sample 11 | layer 14 ---
  [ICL 1] 'I have been experiencing pain and swelling in my legs. The pain is worse when I ' → 22
  [ICL 2] 'Are opioid dependence and methadone maintenance treatment (MMT) documented in th' → maybe
  [ICL 3] "I've been feeling really sick for the past few days. I have a fever, I can't cat" → 18
  [TEST] 'I have been feeling really sick lately. I have been having chills and fever, and'

--- 0-1-2 | sample 12 | layer 14 ---
  [ICL 1] 'Do mitochondria play a role in remodelling lace plant leaves during programmed c' → yes
  [ICL 2] 'I have a lot of pain in my legs, especially when I stand for long periods of tim' → 22
  [ICL 3] "I have been feeling really cold, even though it's warm outside. My back hurts an" → 7
  [TEST] 'Features of cardiac rest pain are all, except'

--- 0-1-2 | sample 13 | layer 14 ---
  [ICL 1] 'I have been feeling very thirsty and hungry lately. I also feel very tired at ti' → 8
  [ICL 2] "I'm experiencing a high fever, chills, nausea, and severe itching. I also have a" → 15
  [ICL 3] 'Are even impaired fasting blood glucose levels preoperatively associated with in' → yes
  [TEST] 'Do women residents delay childbearing due to perceived career threats?'

--- 0-1-2 | sample 14 | layer 14 ---
  [ICL 1] "I have a fever, headache, and swollen lymph nodes. I feel weak and fatigued. I'm" → 5
  [ICL 2] 'Does maternal obesity have an influence on feeding behavior of obese children?' → no
  [ICL 3] 'I have been having a lot of skin problems lately. I have red, scaly patches on m' → 19
  [TEST] 'I have a stomach ache and I am feeling feverish. I also have chills and a headac'

--- 0-1-2 | sample 15 | layer 14 ---
  [ICL 1] "I've had a high fever, vomiting, chills, and intense itching. I also have a head" → 15
  [ICL 2] 'I have mood swings and have trouble concentrating. My mind feels hazy and foggy ' → 8
  [ICL 3] 'Does high-dose radiotherapy benefit palliative lung cancer patients?' → no
  [TEST] 'Calculate the base deficit in a patient of weight 75 kg with a pH = 6.96, pCO2 ='

--- 0-1-2 | sample 16 | layer 14 ---
  [ICL 1] "I have to pee a lot, and it's hard to hold it in. I feel dizzy and confused. I c" → 8
  [ICL 2] 'Traumatic aortic injury: does the anatomy of the aortic arch influence aortic tr' → yes
  [ICL 3] 'I feel tired all the time, and my throat feels tingly. I also have dry, flaky sk' → 1
  [TEST] 'Does the lipid-lowering peroxisome proliferator-activated receptors ligand bezaf'

--- 0-1-2 | sample 17 | layer 14 ---
  [ICL 1] 'Do microbiological factors account for poor pregnancy outcome among unmarried pr' → yes
  [ICL 2] "I've gained a lot of weight and am currently quite fat. I have many inclinations" → 9
  [ICL 3] 'I have a rash on my back and chest, and my entire body itches. My skin may be dr' → 9
  [TEST] 'I have been having a headache for the past week. It started out as a dull ache, '

--- 0-1-2 | sample 18 | layer 14 ---
  [ICL 1] "I've been experiencing a lot of itching, chills, vomiting, and a fever. I also h" → 15
  [ICL 2] 'Percutaneous ethanol injection for benign cystic thyroid nodules: is aspiration ' → no
  [ICL 3] 'I have had diarrhea for a few days now. It is very watery and smells bad. I also' → 20
  [TEST] 'Valvular lesion most often resulting from myocardial infarction is:'

--- 0-1-2 | sample 19 | layer 14 ---
  [ICL 1] 'I have noticed that my legs are swollen and the blood vessels are visible. I hav' → 22
  [ICL 2] "I have a rash all over my body, and it's really itchy. I have some bumps that ar" → 10
  [ICL 3] 'Does a family meetings intervention prevent depression and anxiety in family car' → no
  [TEST] 'Does a febrile reaction to platelets predispose recipients to red blood cell all'

--- 2-0-1 | sample 0 | layer 14 ---
  [ICL 1] 'The differential diagnosis of micro-angiopathic anemia includes all Except:' → C
  [ICL 2] "I have red, itchy bumps all over my body. They're especially bad on my arms and " → 5
  [ICL 3] 'Aplastic anemia in sickle cell anemia is due to infection of -' → B
  [TEST] 'Coarse tremors of tongue is seen in all except:'

--- 2-0-1 | sample 1 | layer 14 ---
  [ICL 1] 'I have been urinating blood. I sometimes feel sick to my stomach when I urinate.' → 21
  [ICL 2] 'Floating water lilly sign on chest x-ray is characteristic of-' → A
  [ICL 3] "Which of the following is the established biological therapy for Crohn's disease" → A
  [TEST] "Are the GFRUP's recommendations for withholding or withdrawing treatments in cri"

--- 2-0-1 | sample 2 | layer 14 ---
  [ICL 1] "I've been having chills, fatigue, and a cough for a few days. I've also been swe" → 18
  [ICL 2] "Hepatitis B surface antigen in a patient's serum indicates" → B
  [ICL 3] 'Anticipation phenomenon is seen in' → D
  [TEST] "I have to go to the bathroom a lot, but when I get there, I can't seem to empty "

--- 2-0-1 | sample 3 | layer 14 ---
  [ICL 1] 'All are useful for management of severe Clostridium difficle treatment except -' → B
  [ICL 2] "I've been feeling really sick lately. I've been having a lot of nausea and I fee" → 5
  [ICL 3] 'Wide fixed splitting of the second hea sound is typical of-' → A
  [TEST] "Which of the following is not true about the salivary gland output in Sjogren's "

--- 2-0-1 | sample 4 | layer 14 ---
  [ICL 1] 'Alkaline phosphatase is found in all organs,except -a) Boneb) Heartc) Placentad)' → B
  [ICL 2] "I've been feeling really sick lately. I've been itchy and throwing up, and I've " → 14
  [ICL 3] 'A female patient presents with upper respiratory tract infection. Two days after' → A
  [TEST] 'Do nontriploid partial hydatidiform moles exist?'

--- 2-0-1 | sample 5 | layer 14 ---
  [ICL 1] 'Patient presents with fasting sugar as 167mg/dl, skin pigmentation and hypogonad' → C
  [ICL 2] 'All the following are used for treatment of chronic Hepatitis B except?' → C
  [ICL 3] 'I have swelling in my legs and it is causing me to have difficulty fitting into ' → 22
  [TEST] 'I have a pretty irritating itch all over my body, and my skin also has a few red'

--- 2-0-1 | sample 6 | layer 14 ---
  [ICL 1] 'I have a burning pain in my stomach that comes and goes. I also have a lot of ga' → 17
  [ICL 2] "Not seen in cushing's syndrome: March 2009" → D
  [ICL 3] 'Occupational exposure which is yet NOT confirmed on causing a lung problem: Marc' → C
  [TEST] 'Which of the following disease cause damage of vertebral body & intervertebral s'

--- 2-0-1 | sample 7 | layer 14 ---
  [ICL 1] '50 year old Dharma is admitted for chest discomfo. A right bundle branch block l' → D
  [ICL 2] 'I have a rash all over my body that is really itchy. I also have some bumps that' → 10
  [ICL 3] 'Immume complex mediated gloomerular damage is seen in all except -' → B
  [TEST] 'Xanthogranulomatous cholecystitis: a premalignant condition?'

--- 2-0-1 | sample 8 | layer 14 ---
  [ICL 1] '"Setting Sun" sign is seen in' → A
  [ICL 2] 'I have a sour taste in my mouth. I burp and belch a lot. I have pressure or full' → 17
  [ICL 3] 'A 38 year old male presents to OPD with history of progressive sholess of breath' → B
  [TEST] 'I have a hard time concentrating and my emotions are all over the place. I feel '

--- 2-0-1 | sample 9 | layer 14 ---
  [ICL 1] 'Atherosclerosis is inversely proport- ionnal to:' → D
  [ICL 2] "I have a fever and I can't breathe through my nose or mouth. I'm tired and I've " → 3
  [ICL 3] 'Peripheral resistance of arteries measures:' → B
  [TEST] 'Myocardial infarction; signs are all except'

--- 2-0-1 | sample 10 | layer 14 ---
  [ICL 1] 'Most common cause of pleural effusion in AIDS patients' → A
  [ICL 2] 'Indications for use of cyclophosphamide in SLE is' → C
  [ICL 3] "I have a lot of pain in my neck and back. I also feel weak and lightheaded. I've" → 4
  [TEST] 'Does tranexamic acid reduce desmopressin-induced hyperfibrinolysis?'

--- 2-0-1 | sample 11 | layer 14 ---
  [ICL 1] 'I have been experiencing pain and swelling in my legs. The pain is worse when I ' → 22
  [ICL 2] 'Which laboratory determinations would be most helpful in distinguishing iron def' → D
  [ICL 3] 'True about polycythemia rubra vera is all except -' → D
  [TEST] 'I have been feeling really sick lately. I have been having chills and fever, and'

--- 2-0-1 | sample 12 | layer 14 ---
  [ICL 1] 'In hypokalaemia all ECG changes are seen except' → B
  [ICL 2] 'Drug for management of hypeension in Phaeochromocytoma' → A
  [ICL 3] "I have been feeling really cold, even though it's warm outside. My back hurts an" → 7
  [TEST] 'Features of cardiac rest pain are all, except'

--- 2-0-1 | sample 13 | layer 14 ---
  [ICL 1] 'Regarding medullary sponge kidney-a) Autosomal dominantb) Nephrocalcinosisc) Min' → C
  [ICL 2] "I'm experiencing a high fever, chills, nausea, and severe itching. I also have a" → 15
  [ICL 3] 'Sentinel surveillance is done for: September 2003' → A
  [TEST] 'Do women residents delay childbearing due to perceived career threats?'

--- 2-0-1 | sample 14 | layer 14 ---
  [ICL 1] 'All are true regarding GB syndrome, Except -' → C
  [ICL 2] '42 yrs old man presented with dizziness on standing,SBP falls by 50 mm Hg and HR' → C
  [ICL 3] 'I have been having a lot of skin problems lately. I have red, scaly patches on m' → 19
  [TEST] 'I have a stomach ache and I am feeling feverish. I also have chills and a headac'

--- 2-0-1 | sample 15 | layer 14 ---
  [ICL 1] 'A 45-year-old woman has developed increasing SOB on exertion and fatigue. She ha' → B
  [ICL 2] 'I have mood swings and have trouble concentrating. My mind feels hazy and foggy ' → 8
  [ICL 3] 'Which of the following is selective myosin activator?' → B
  [TEST] 'Calculate the base deficit in a patient of weight 75 kg with a pH = 6.96, pCO2 ='

--- 2-0-1 | sample 16 | layer 14 ---
  [ICL 1] "I have to pee a lot, and it's hard to hold it in. I feel dizzy and confused. I c" → 8
  [ICL 2] 'Pancytopenia with cellular marrow is seen in all except -' → D
  [ICL 3] 'All the following are manifestations of CMV infection following Lung transplant ' → D
  [TEST] 'Does the lipid-lowering peroxisome proliferator-activated receptors ligand bezaf'

--- 2-0-1 | sample 17 | layer 14 ---
  [ICL 1] 'I have a lot of heartburn and acid reflux. I also feel sick after eating and som' → 11
  [ICL 2] 'The following is a marker of acute hepatitis B infection -' → A
  [ICL 3] 'Alkaline phosphatase is found in all organs,except -a) Boneb) Heartc) Placentad)' → B
  [TEST] 'I have been having a headache for the past week. It started out as a dull ache, '

--- 2-0-1 | sample 18 | layer 14 ---
  [ICL 1] "I've been experiencing a lot of itching, chills, vomiting, and a fever. I also h" → 15
  [ICL 2] 'All of the following statements about mitral valve prolapse are true except:' → B
  [ICL 3] 'Kespar Hauser syndrome is due to' → D
  [TEST] 'Valvular lesion most often resulting from myocardial infarction is:'

--- 2-0-1 | sample 19 | layer 14 ---
  [ICL 1] 'I have noticed that my legs are swollen and the blood vessels are visible. I hav' → 22
  [ICL 2] 'Which cranial nerve(s) is/are not involved in "Locked in syndrome"?' → C
  [ICL 3] 'A 45-year-old woman has developed increasing SOB on exertion and fatigue. She ha' → B
  [TEST] 'Does a febrile reaction to platelets predispose recipients to red blood cell all'

--- 1-0-2 | sample 0 | layer 14 ---
  [ICL 1] 'The differential diagnosis of micro-angiopathic anemia includes all Except:' → C
  [ICL 2] "I have red, itchy bumps all over my body. They're especially bad on my arms and " → 5
  [ICL 3] 'I have been feeling a lot of pain in my legs lately. It feels like a cramp and i' → 22
  [TEST] 'Coarse tremors of tongue is seen in all except:'

--- 1-0-2 | sample 1 | layer 14 ---
  [ICL 1] "My skin has been acting up recently, it's been itchy and I've been getting rashe" → 10
  [ICL 2] 'I have been experiencing abdominal pain for a few days now. It is really painful' → 20
  [ICL 3] 'Floating water lilly sign on chest x-ray is characteristic of-' → A
  [TEST] "Are the GFRUP's recommendations for withholding or withdrawing treatments in cri"

--- 1-0-2 | sample 2 | layer 14 ---
  [ICL 1] "I've been having chills, fatigue, and a cough for a few days. I've also been swe" → 18
  [ICL 2] "I've been having trouble breathing, and I've been coughing a lot. I've been coug" → 3
  [ICL 3] 'Anticipation phenomenon is seen in' → D
  [TEST] "I have to go to the bathroom a lot, but when I get there, I can't seem to empty "

--- 1-0-2 | sample 3 | layer 14 ---
  [ICL 1] 'All are useful for management of severe Clostridium difficle treatment except -' → B
  [ICL 2] "I've been feeling really sick lately. I've been having a lot of nausea and I fee" → 5
  [ICL 3] "I've been having diarrhea and constipation, which is really bothering me. I have" → 20
  [TEST] "Which of the following is not true about the salivary gland output in Sjogren's "

--- 1-0-2 | sample 4 | layer 14 ---
  [ICL 1] 'Alkaline phosphatase is found in all organs,except -a) Boneb) Heartc) Placentad)' → B
  [ICL 2] "I've been feeling really sick lately. I've been itchy and throwing up, and I've " → 14
  [ICL 3] "I have rashes that sometimes cause my skin to flake off. I'm more likely to get " → 9
  [TEST] 'Do nontriploid partial hydatidiform moles exist?'

--- 1-0-2 | sample 5 | layer 14 ---
  [ICL 1] "I have blood in my urine and a low-grade fever. I've also been having headaches " → 21
  [ICL 2] 'All the following are used for treatment of chronic Hepatitis B except?' → C
  [ICL 3] 'I have swelling in my legs and it is causing me to have difficulty fitting into ' → 22
  [TEST] 'I have a pretty irritating itch all over my body, and my skin also has a few red'

--- 1-0-2 | sample 6 | layer 14 ---
  [ICL 1] 'I have a burning pain in my stomach that comes and goes. I also have a lot of ga' → 17
  [ICL 2] "Not seen in cushing's syndrome: March 2009" → D
  [ICL 3] "I have trouble breathing, especially when I'm outside. I start to feel hot and s" → 8
  [TEST] 'Which of the following disease cause damage of vertebral body & intervertebral s'

--- 1-0-2 | sample 7 | layer 14 ---
  [ICL 1] "I've been feeling really tired and weak, and I can't seem to get enough sleep. I" → 7
  [ICL 2] 'I have a rash all over my body that is really itchy. I also have some bumps that' → 10
  [ICL 3] 'Immume complex mediated gloomerular damage is seen in all except -' → B
  [TEST] 'Xanthogranulomatous cholecystitis: a premalignant condition?'

--- 1-0-2 | sample 8 | layer 14 ---
  [ICL 1] "I've been having a lot of pain in my joints and my neck has been really tight. I" → 2
  [ICL 2] 'I have a sour taste in my mouth. I burp and belch a lot. I have pressure or full' → 17
  [ICL 3] 'A 38 year old male presents to OPD with history of progressive sholess of breath' → B
  [TEST] 'I have a hard time concentrating and my emotions are all over the place. I feel '

--- 1-0-2 | sample 9 | layer 14 ---
  [ICL 1] "I've been feeling really tired lately and have had this cough for a few days. It" → 3
  [ICL 2] "I have a fever and I can't breathe through my nose or mouth. I'm tired and I've " → 3
  [ICL 3] 'Peripheral resistance of arteries measures:' → B
  [TEST] 'Myocardial infarction; signs are all except'

--- 1-0-2 | sample 10 | layer 14 ---
  [ICL 1] "I've been vomiting and having diarrhea for a few days. I've also been having a f" → 20
  [ICL 2] 'Indications for use of cyclophosphamide in SLE is' → C
  [ICL 3] "I have a lot of pain in my neck and back. I also feel weak and lightheaded. I've" → 4
  [TEST] 'Does tranexamic acid reduce desmopressin-induced hyperfibrinolysis?'

--- 1-0-2 | sample 11 | layer 14 ---
  [ICL 1] 'I have been experiencing pain and swelling in my legs. The pain is worse when I ' → 22
  [ICL 2] 'Which laboratory determinations would be most helpful in distinguishing iron def' → D
  [ICL 3] "I've been feeling really sick for the past few days. I have a fever, I can't cat" → 18
  [TEST] 'I have been feeling really sick lately. I have been having chills and fever, and'

--- 1-0-2 | sample 12 | layer 14 ---
  [ICL 1] 'In hypokalaemia all ECG changes are seen except' → B
  [ICL 2] 'I have a lot of pain in my legs, especially when I stand for long periods of tim' → 22
  [ICL 3] "I have been feeling really cold, even though it's warm outside. My back hurts an" → 7
  [TEST] 'Features of cardiac rest pain are all, except'

--- 1-0-2 | sample 13 | layer 14 ---
  [ICL 1] 'I have been feeling very thirsty and hungry lately. I also feel very tired at ti' → 8
  [ICL 2] "I'm experiencing a high fever, chills, nausea, and severe itching. I also have a" → 15
  [ICL 3] 'Sentinel surveillance is done for: September 2003' → A
  [TEST] 'Do women residents delay childbearing due to perceived career threats?'

--- 1-0-2 | sample 14 | layer 14 ---
  [ICL 1] "I have a fever, headache, and swollen lymph nodes. I feel weak and fatigued. I'm" → 5
  [ICL 2] '42 yrs old man presented with dizziness on standing,SBP falls by 50 mm Hg and HR' → C
  [ICL 3] 'I have been having a lot of skin problems lately. I have red, scaly patches on m' → 19
  [TEST] 'I have a stomach ache and I am feeling feverish. I also have chills and a headac'

--- 1-0-2 | sample 15 | layer 14 ---
  [ICL 1] "I've had a high fever, vomiting, chills, and intense itching. I also have a head" → 15
  [ICL 2] 'I have mood swings and have trouble concentrating. My mind feels hazy and foggy ' → 8
  [ICL 3] 'Which of the following is selective myosin activator?' → B
  [TEST] 'Calculate the base deficit in a patient of weight 75 kg with a pH = 6.96, pCO2 ='

--- 1-0-2 | sample 16 | layer 14 ---
  [ICL 1] "I have to pee a lot, and it's hard to hold it in. I feel dizzy and confused. I c" → 8
  [ICL 2] 'Pancytopenia with cellular marrow is seen in all except -' → D
  [ICL 3] 'I feel tired all the time, and my throat feels tingly. I also have dry, flaky sk' → 1
  [TEST] 'Does the lipid-lowering peroxisome proliferator-activated receptors ligand bezaf'

--- 1-0-2 | sample 17 | layer 14 ---
  [ICL 1] 'The following is a marker of acute hepatitis B infection -' → A
  [ICL 2] "I've gained a lot of weight and am currently quite fat. I have many inclinations" → 9
  [ICL 3] 'I have a rash on my back and chest, and my entire body itches. My skin may be dr' → 9
  [TEST] 'I have been having a headache for the past week. It started out as a dull ache, '

--- 1-0-2 | sample 18 | layer 14 ---
  [ICL 1] "I've been experiencing a lot of itching, chills, vomiting, and a fever. I also h" → 15
  [ICL 2] 'All of the following statements about mitral valve prolapse are true except:' → B
  [ICL 3] 'I have had diarrhea for a few days now. It is very watery and smells bad. I also' → 20
  [TEST] 'Valvular lesion most often resulting from myocardial infarction is:'

--- 1-0-2 | sample 19 | layer 14 ---
  [ICL 1] 'I have noticed that my legs are swollen and the blood vessels are visible. I hav' → 22
  [ICL 2] "I have a rash all over my body, and it's really itchy. I have some bumps that ar" → 10
  [ICL 3] 'A 45-year-old woman has developed increasing SOB on exertion and fatigue. She ha' → B
  [TEST] 'Does a febrile reaction to platelets predispose recipients to red blood cell all'

--- 1-1-1 | sample 0 | layer 14 ---
  [ICL 1] 'The differential diagnosis of micro-angiopathic anemia includes all Except:' → C
  [ICL 2] "I have red, itchy bumps all over my body. They're especially bad on my arms and " → 5
  [ICL 3] 'Can infundibular height predict the clearance of lower pole calyceal stone after' → yes
  [TEST] 'Coarse tremors of tongue is seen in all except:'

--- 1-1-1 | sample 1 | layer 14 ---
  [ICL 1] 'I have rashes and skin irritations especially in the folds of my skin. My cuts a' → 8
  [ICL 2] 'Is fetal gender associated with emergency department visits for asthma during pr' → no
  [ICL 3] 'Floating water lilly sign on chest x-ray is characteristic of-' → A
  [TEST] "Are the GFRUP's recommendations for withholding or withdrawing treatments in cri"

--- 1-1-1 | sample 2 | layer 14 ---
  [ICL 1] "I've been having chills, fatigue, and a cough for a few days. I've also been swe" → 18
  [ICL 2] 'Is double-balloon enteroscopy an accurate method to diagnose small-bowel disorde' → yes
  [ICL 3] 'Anticipation phenomenon is seen in' → D
  [TEST] "I have to go to the bathroom a lot, but when I get there, I can't seem to empty "

--- 1-1-1 | sample 3 | layer 14 ---
  [ICL 1] 'All are useful for management of severe Clostridium difficle treatment except -' → B
  [ICL 2] "I've been feeling really sick lately. I've been having a lot of nausea and I fee" → 5
  [ICL 3] "Can ki-67 play a role in prediction of breast cancer patients' response to neoad" → yes
  [TEST] "Which of the following is not true about the salivary gland output in Sjogren's "

--- 1-1-1 | sample 4 | layer 14 ---
  [ICL 1] 'Alkaline phosphatase is found in all organs,except -a) Boneb) Heartc) Placentad)' → B
  [ICL 2] "I've been feeling really sick lately. I've been itchy and throwing up, and I've " → 14
  [ICL 3] 'Does menopausal transition affect the quality of life?' → no
  [TEST] 'Do nontriploid partial hydatidiform moles exist?'

--- 1-1-1 | sample 5 | layer 14 ---
  [ICL 1] 'Acute hepatitis C in Israel: a predominantly iatrogenic disease?' → yes
  [ICL 2] 'All the following are used for treatment of chronic Hepatitis B except?' → C
  [ICL 3] 'I have been experiencing pain in my legs, especially when I exercise. The veins ' → 22
  [TEST] 'I have a pretty irritating itch all over my body, and my skin also has a few red'

--- 1-1-1 | sample 6 | layer 14 ---
  [ICL 1] 'I have a burning pain in my stomach that comes and goes. I also have a lot of ga' → 17
  [ICL 2] "Not seen in cushing's syndrome: March 2009" → D
  [ICL 3] 'Has the prevalence of health care services use increased over the last decade (2' → yes
  [TEST] 'Which of the following disease cause damage of vertebral body & intervertebral s'

--- 1-1-1 | sample 7 | layer 14 ---
  [ICL 1] 'Does cognitive function predict frequency compressed speech recognition in liste' → no
  [ICL 2] 'I have a rash all over my body that is really itchy. I also have some bumps that' → 10
  [ICL 3] 'Immume complex mediated gloomerular damage is seen in all except -' → B
  [TEST] 'Xanthogranulomatous cholecystitis: a premalignant condition?'

--- 1-1-1 | sample 8 | layer 14 ---
  [ICL 1] 'Is low birth weight a risk indicator for congenital cytomegalovirus infection?' → no
  [ICL 2] 'I have a sour taste in my mouth. I burp and belch a lot. I have pressure or full' → 17
  [ICL 3] 'A 38 year old male presents to OPD with history of progressive sholess of breath' → B
  [TEST] 'I have a hard time concentrating and my emotions are all over the place. I feel '

--- 1-1-1 | sample 9 | layer 14 ---
  [ICL 1] 'Does ethnicity affect where people with cancer die?' → yes
  [ICL 2] "I have a fever and I can't breathe through my nose or mouth. I'm tired and I've " → 3
  [ICL 3] 'Peripheral resistance of arteries measures:' → B
  [TEST] 'Myocardial infarction; signs are all except'

--- 1-1-1 | sample 10 | layer 14 ---
  [ICL 1] 'Implementation of epidural analgesia for labor: is the standard of effective ana' → yes
  [ICL 2] 'Indications for use of cyclophosphamide in SLE is' → C
  [ICL 3] "I have a lot of pain in my neck and back. I also feel weak and lightheaded. I've" → 4
  [TEST] 'Does tranexamic acid reduce desmopressin-induced hyperfibrinolysis?'

--- 1-1-1 | sample 11 | layer 14 ---
  [ICL 1] 'Does elective re-siting of intravenous cannulae decrease peripheral thrombophleb' → yes
  [ICL 2] 'Which laboratory determinations would be most helpful in distinguishing iron def' → D
  [ICL 3] "I've been having a strange odor in my urine, it's been red or black, and both. M" → 21
  [TEST] 'I have been feeling really sick lately. I have been having chills and fever, and'

--- 1-1-1 | sample 12 | layer 14 ---
  [ICL 1] 'In hypokalaemia all ECG changes are seen except' → B
  [ICL 2] 'Prescriptions as a proxy for asthma in children: a good choice?' → no
  [ICL 3] "I have been feeling really cold, even though it's warm outside. My back hurts an" → 7
  [TEST] 'Features of cardiac rest pain are all, except'

--- 1-1-1 | sample 13 | layer 14 ---
  [ICL 1] 'Does multi-modal cervical physical therapy improve tinnitus in patients with cer' → yes
  [ICL 2] "I've been having headaches and chest pain for a while now, and it's been getting" → 12
  [ICL 3] 'Sentinel surveillance is done for: September 2003' → A
  [TEST] 'Do women residents delay childbearing due to perceived career threats?'

--- 1-1-1 | sample 14 | layer 14 ---
  [ICL 1] "I have these red and bumpy spots on my skin that are itchy. They're also a diffe" → 10
  [ICL 2] 'An HIV1/2 point of care test on sputum for screening TB/HIV co-infection in Cent' → yes
  [ICL 3] '42 yrs old man presented with dizziness on standing,SBP falls by 50 mm Hg and HR' → C
  [TEST] 'I have a stomach ache and I am feeling feverish. I also have chills and a headac'

--- 1-1-1 | sample 15 | layer 14 ---
  [ICL 1] 'Do some U.S. states have higher/lower injury mortality rates than others?' → yes
  [ICL 2] 'I have mood swings and have trouble concentrating. My mind feels hazy and foggy ' → 8
  [ICL 3] 'Which of the following is selective myosin activator?' → B
  [TEST] 'Calculate the base deficit in a patient of weight 75 kg with a pH = 6.96, pCO2 ='

--- 1-1-1 | sample 16 | layer 14 ---
  [ICL 1] "I have to pee a lot, and it's hard to hold it in. I feel dizzy and confused. I c" → 8
  [ICL 2] 'Pancytopenia with cellular marrow is seen in all except -' → D
  [ICL 3] 'Prostatic syndrome and pleural effusion: are they different diseases?' → maybe
  [TEST] 'Does the lipid-lowering peroxisome proliferator-activated receptors ligand bezaf'

--- 1-1-1 | sample 17 | layer 14 ---
  [ICL 1] 'I have a lot of heartburn and acid reflux. I also feel sick after eating and som' → 11
  [ICL 2] 'The following is a marker of acute hepatitis B infection -' → A
  [ICL 3] 'Upstream solutions: does the supplemental security income program reduce disabil' → yes
  [TEST] 'I have been having a headache for the past week. It started out as a dull ache, '

--- 1-1-1 | sample 18 | layer 14 ---
  [ICL 1] "I've been experiencing a lot of itching, chills, vomiting, and a fever. I also h" → 15
  [ICL 2] 'All of the following statements about mitral valve prolapse are true except:' → B
  [ICL 3] 'Is the international normalised ratio (INR) reliable?' → maybe
  [TEST] 'Valvular lesion most often resulting from myocardial infarction is:'

--- 1-1-1 | sample 19 | layer 14 ---
  [ICL 1] 'I have noticed that my legs are swollen and the blood vessels are visible. I hav' → 22
  [ICL 2] "Does Paget's disease exist in India?" → yes
  [ICL 3] 'A 45-year-old woman has developed increasing SOB on exertion and fatigue. She ha' → B
  [TEST] 'Does a febrile reaction to platelets predispose recipients to red blood cell all'


======================================================================
EXPERIMENT : sweep_layers (format_tasks) — layer 3
TIME       : 2026-05-15 10:36:33
======================================================================

--- 3-0-0 | sample 0 | layer 3 ---
  [ICL 1] 'The differential diagnosis of micro-angiopathic anemia includes all Except:' → C
  [ICL 2] 'An 80 year old female presents with progressive loss of memory, difficulty in re' → A
  [ICL 3] 'Aplastic anemia in sickle cell anemia is due to infection of -' → B
  [TEST] 'Coarse tremors of tongue is seen in all except:'

--- 3-0-0 | sample 1 | layer 3 ---
  [ICL 1] 'A 64-year-old woman is admitted to the hospital with right lobar pneumonia and s' → C
  [ICL 2] 'Floating water lilly sign on chest x-ray is characteristic of-' → A
  [ICL 3] "Which of the following is the established biological therapy for Crohn's disease" → A
  [TEST] 'A 55- year old diabetic patient presents with transient obscuration in vision fo'

--- 3-0-0 | sample 2 | layer 3 ---
  [ICL 1] 'Features of restrictive lung disease is-' → D
  [ICL 2] "Hepatitis B surface antigen in a patient's serum indicates" → B
  [ICL 3] 'Anticipation phenomenon is seen in' → D
  [TEST] 'Which heart sound indicates stiffness of ventricular wall'

--- 3-0-0 | sample 3 | layer 3 ---
  [ICL 1] 'All are useful for management of severe Clostridium difficle treatment except -' → B
  [ICL 2] 'A cardiac patient must be asked to stop one of the following drugs when he is co' → C
  [ICL 3] 'Wide fixed splitting of the second hea sound is typical of-' → A
  [TEST] "Which of the following is not true about the salivary gland output in Sjogren's "

--- 3-0-0 | sample 4 | layer 3 ---
  [ICL 1] 'Alkaline phosphatase is found in all organs,except -a) Boneb) Heartc) Placentad)' → B
  [ICL 2] 'Esophageal adenocarcinoma is predisposed by' → B
  [ICL 3] 'A female patient presents with upper respiratory tract infection. Two days after' → A
  [TEST] "Which of the following is not true about the salivary gland output in Sjogren's "

--- 3-0-0 | sample 5 | layer 3 ---
  [ICL 1] 'Patient presents with fasting sugar as 167mg/dl, skin pigmentation and hypogonad' → C
  [ICL 2] 'All the following are used for treatment of chronic Hepatitis B except?' → C
  [ICL 3] 'Sarcodiosis can be associated with' → A
  [TEST] 'First time causative agent of AIDS was discovered in:'

--- 3-0-0 | sample 6 | layer 3 ---
  [ICL 1] "Which of the following is the established biological therapy for Crohn's disease" → A
  [ICL 2] "Not seen in cushing's syndrome: March 2009" → D
  [ICL 3] 'Occupational exposure which is yet NOT confirmed on causing a lung problem: Marc' → C
  [TEST] 'Which of the following disease cause damage of vertebral body & intervertebral s'

--- 3-0-0 | sample 7 | layer 3 ---
  [ICL 1] '50 year old Dharma is admitted for chest discomfo. A right bundle branch block l' → D
  [ICL 2] 'Which of the following is associated with adult polycystic kidney disease -' → A
  [ICL 3] 'Immume complex mediated gloomerular damage is seen in all except -' → B
  [TEST] 'Lead cause following except'

--- 3-0-0 | sample 8 | layer 3 ---
  [ICL 1] '"Setting Sun" sign is seen in' → A
  [ICL 2] 'Most common inherited peripheral neuropathy is?' → B
  [ICL 3] 'A 38 year old male presents to OPD with history of progressive sholess of breath' → B
  [TEST] "Which of the following is not true about the salivary gland output in Sjogren's "

--- 3-0-0 | sample 9 | layer 3 ---
  [ICL 1] 'Atherosclerosis is inversely proport- ionnal to:' → D
  [ICL 2] 'In hypokalaemia all ECG changes are seen except' → B
  [ICL 3] 'Peripheral resistance of arteries measures:' → B
  [TEST] 'Myocardial infarction; signs are all except'

--- 3-0-0 | sample 10 | layer 3 ---
  [ICL 1] 'Most common cause of pleural effusion in AIDS patients' → A
  [ICL 2] 'Indications for use of cyclophosphamide in SLE is' → C
  [ICL 3] 'All the following are manifestations of CMV infection following Lung transplant ' → D
  [TEST] 'Which of the following disease cause damage of vertebral body & intervertebral s'

--- 3-0-0 | sample 11 | layer 3 ---
  [ICL 1] 'Pulses paradoxus is seen in:' → C
  [ICL 2] 'Which laboratory determinations would be most helpful in distinguishing iron def' → D
  [ICL 3] 'True about polycythemia rubra vera is all except -' → D
  [TEST] 'Myocardial infarction; signs are all except'

--- 3-0-0 | sample 12 | layer 3 ---
  [ICL 1] 'In hypokalaemia all ECG changes are seen except' → B
  [ICL 2] 'Drug for management of hypeension in Phaeochromocytoma' → A
  [ICL 3] 'ECG with ST -elevation low BP. Best line of management is -' → C
  [TEST] 'Features of cardiac rest pain are all, except'

--- 3-0-0 | sample 13 | layer 3 ---
  [ICL 1] 'Regarding medullary sponge kidney-a) Autosomal dominantb) Nephrocalcinosisc) Min' → C
  [ICL 2] 'Sentinel surveillance is done for: September 2003' → A
  [ICL 3] 'Generally speaking, the distal, burning, painful dysesthesias with reduced pinpr' → A
  [TEST] 'Which drug is not given in Wilson disease?'

--- 3-0-0 | sample 14 | layer 3 ---
  [ICL 1] 'All are true regarding GB syndrome, Except -' → C
  [ICL 2] '42 yrs old man presented with dizziness on standing,SBP falls by 50 mm Hg and HR' → C
  [ICL 3] 'A 23-year-old male patient presented with a history of back pain, which is more ' → D
  [TEST] 'Staphylococcus aureus and pneumoniae are responsible for:'

--- 3-0-0 | sample 15 | layer 3 ---
  [ICL 1] 'A 45-year-old woman has developed increasing SOB on exertion and fatigue. She ha' → B
  [ICL 2] 'All of the following are chromosomal breakage syndromes except -' → B
  [ICL 3] 'Which of the following is selective myosin activator?' → B
  [TEST] 'Calculate the base deficit in a patient of weight 75 kg with a pH = 6.96, pCO2 ='

--- 3-0-0 | sample 16 | layer 3 ---
  [ICL 1] 'A raised serum creatinine phosphokinase level in unusual in -' → C
  [ICL 2] 'Pancytopenia with cellular marrow is seen in all except -' → D
  [ICL 3] 'All the following are manifestations of CMV infection following Lung transplant ' → D
  [TEST] 'Facial nerve injury during forceps delivery in labour is due to:'

--- 3-0-0 | sample 17 | layer 3 ---
  [ICL 1] 'Investigation of choice for diagnosing primary hypothyroidism: March 2007, Septe' → C
  [ICL 2] 'The following is a marker of acute hepatitis B infection -' → A
  [ICL 3] 'Alkaline phosphatase is found in all organs,except -a) Boneb) Heartc) Placentad)' → B
  [TEST] 'A 29 yrs old woman with a pregnancy of 17 week has a 10 years old boy with down '

--- 3-0-0 | sample 18 | layer 3 ---
  [ICL 1] 'Right axis deviation is seen in all except' → B
  [ICL 2] 'All of the following statements about mitral valve prolapse are true except:' → B
  [ICL 3] 'Kespar Hauser syndrome is due to' → D
  [TEST] 'Valvular lesion most often resulting from myocardial infarction is:'

--- 3-0-0 | sample 19 | layer 3 ---
  [ICL 1] 'Which of the following is not a cause of cirrhosis?' → C
  [ICL 2] 'Which cranial nerve(s) is/are not involved in "Locked in syndrome"?' → C
  [ICL 3] 'A 45-year-old woman has developed increasing SOB on exertion and fatigue. She ha' → B
  [TEST] 'Which heart sound indicates stiffness of ventricular wall'

--- 0-3-0 | sample 0 | layer 3 ---
  [ICL 1] 'Can infundibular height predict the clearance of lower pole calyceal stone after' → yes
  [ICL 2] 'The clinical significance of bile duct sludge: is it different from bile duct st' → no
  [ICL 3] 'Is pelvic pain associated with defecatory symptoms in women with pelvic organ pr' → yes
  [TEST] 'Does preoperative anemia adversely affect colon and rectal surgery outcomes?'

--- 0-3-0 | sample 1 | layer 3 ---
  [ICL 1] 'The colour of pain: can patients use colour to describe osteoarthritis pain?' → yes
  [ICL 2] 'Is fetal gender associated with emergency department visits for asthma during pr' → no
  [ICL 3] 'Is the atopy patch test with house dust mites specific for atopic dermatitis?' → yes
  [TEST] "Are the GFRUP's recommendations for withholding or withdrawing treatments in cri"

--- 0-3-0 | sample 2 | layer 3 ---
  [ICL 1] 'Can magnetic resonance-ultrasound fusion biopsy improve cancer detection in enla' → yes
  [ICL 2] 'Is double-balloon enteroscopy an accurate method to diagnose small-bowel disorde' → yes
  [ICL 3] 'Does gestational age misclassification explain the difference in birthweights fo' → no
  [TEST] 'Does a febrile reaction to platelets predispose recipients to red blood cell all'

--- 0-3-0 | sample 3 | layer 3 ---
  [ICL 1] 'Are head and neck specific quality of life measures necessary?' → yes
  [ICL 2] 'Does prior benign prostate biopsy predict outcome for patients treated with radi' → yes
  [ICL 3] "Can ki-67 play a role in prediction of breast cancer patients' response to neoad" → yes
  [TEST] 'Do nontriploid partial hydatidiform moles exist?'

--- 0-3-0 | sample 4 | layer 3 ---
  [ICL 1] 'Transient tachypnea of the newborn (TTN): a role for polymorphisms in the beta-a' → yes
  [ICL 2] 'Upstream solutions: does the supplemental security income program reduce disabil' → yes
  [ICL 3] 'Does menopausal transition affect the quality of life?' → no
  [TEST] 'Do nontriploid partial hydatidiform moles exist?'

--- 0-3-0 | sample 5 | layer 3 ---
  [ICL 1] 'Acute hepatitis C in Israel: a predominantly iatrogenic disease?' → yes
  [ICL 2] 'The colour of pain: can patients use colour to describe osteoarthritis pain?' → yes
  [ICL 3] 'An HIV1/2 point of care test on sputum for screening TB/HIV co-infection in Cent' → yes
  [TEST] 'Advanced epithelial ovarian carcinoma in Thai women: should we continue to offer'

--- 0-3-0 | sample 6 | layer 3 ---
  [ICL 1] 'Has the prevalence of health care services use increased over the last decade (2' → yes
  [ICL 2] 'Does telmisartan prevent hepatic fibrosis in rats with alloxan-induced diabetes?' → yes
  [ICL 3] 'Is amoxapine an atypical antipsychotic?' → yes
  [TEST] 'Does tranexamic acid reduce desmopressin-induced hyperfibrinolysis?'

--- 0-3-0 | sample 7 | layer 3 ---
  [ICL 1] 'Does cognitive function predict frequency compressed speech recognition in liste' → no
  [ICL 2] 'Is there a relationship between homocysteine and vitiligo?' → yes
  [ICL 3] 'Do women with ovaries of polycystic morphology without any other features of PCO' → no
  [TEST] 'Xanthogranulomatous cholecystitis: a premalignant condition?'

--- 0-3-0 | sample 8 | layer 3 ---
  [ICL 1] 'Is low birth weight a risk indicator for congenital cytomegalovirus infection?' → no
  [ICL 2] 'Steroids in aminoglycoside-containing ear drops: do they reduce cochlear toxicit' → yes
  [ICL 3] 'Do approved doctors and medical referees in the UK agree when assessing a seafar' → no
  [TEST] 'Do nontriploid partial hydatidiform moles exist?'

--- 0-3-0 | sample 9 | layer 3 ---
  [ICL 1] 'Does ethnicity affect where people with cancer die?' → yes
  [ICL 2] 'Does the central venous pressure predict fluid responsiveness?' → no
  [ICL 3] 'Cycloplegic autorefraction in young adults: is it mandatory?' → maybe
  [TEST] 'Vaginal dose assessment in image-guided brachytherapy for cervical cancer: Can w'

--- 0-3-0 | sample 10 | layer 3 ---
  [ICL 1] 'Implementation of epidural analgesia for labor: is the standard of effective ana' → yes
  [ICL 2] 'Mammographic screening in Sami speaking municipalities and a control group. Are ' → yes
  [ICL 3] 'Does short-term treatment with proton pump inhibitors cause rebound aggravation ' → no
  [TEST] 'Does tranexamic acid reduce desmopressin-induced hyperfibrinolysis?'

--- 0-3-0 | sample 11 | layer 3 ---
  [ICL 1] 'Does elective re-siting of intravenous cannulae decrease peripheral thrombophleb' → yes
  [ICL 2] 'Are opioid dependence and methadone maintenance treatment (MMT) documented in th' → maybe
  [ICL 3] 'Scrotal approach to both palpable and impalpable undescended testes: should it b' → yes
  [TEST] 'Vaginal dose assessment in image-guided brachytherapy for cervical cancer: Can w'

--- 0-3-0 | sample 12 | layer 3 ---
  [ICL 1] 'Do mitochondria play a role in remodelling lace plant leaves during programmed c' → yes
  [ICL 2] 'Prescriptions as a proxy for asthma in children: a good choice?' → no
  [ICL 3] 'Did the call for boycott by the Catholic bishops affect the polio vaccination co' → no
  [TEST] 'Are performance measurement systems useful?'

--- 0-3-0 | sample 13 | layer 3 ---
  [ICL 1] 'Does multi-modal cervical physical therapy improve tinnitus in patients with cer' → yes
  [ICL 2] 'An HIV1/2 point of care test on sputum for screening TB/HIV co-infection in Cent' → yes
  [ICL 3] 'Are even impaired fasting blood glucose levels preoperatively associated with in' → yes
  [TEST] 'Do women residents delay childbearing due to perceived career threats?'

--- 0-3-0 | sample 14 | layer 3 ---
  [ICL 1] 'Do African American women require fewer calories to maintain weight?' → no
  [ICL 2] 'An HIV1/2 point of care test on sputum for screening TB/HIV co-infection in Cent' → yes
  [ICL 3] 'Does maternal obesity have an influence on feeding behavior of obese children?' → no
  [TEST] 'PREVALENCE OF THE STREPTOCOCUS AGALACTIAE IN THE PREGNANT WOMAN FROM THE AUTONOM'

--- 0-3-0 | sample 15 | layer 3 ---
  [ICL 1] 'Do some U.S. states have higher/lower injury mortality rates than others?' → yes
  [ICL 2] 'Subclavian steal syndrome: can the blood pressure difference between arms predic' → yes
  [ICL 3] 'Does high-dose radiotherapy benefit palliative lung cancer patients?' → no
  [TEST] 'Is portable ultrasonography accurate in the evaluation of Schanz pin placement d'

--- 0-3-0 | sample 16 | layer 3 ---
  [ICL 1] 'Continuation of pregnancy after antenatal corticosteroid administration: opportu' → maybe
  [ICL 2] 'Traumatic aortic injury: does the anatomy of the aortic arch influence aortic tr' → yes
  [ICL 3] 'Prostatic syndrome and pleural effusion: are they different diseases?' → maybe
  [TEST] 'Does the lipid-lowering peroxisome proliferator-activated receptors ligand bezaf'

--- 0-3-0 | sample 17 | layer 3 ---
  [ICL 1] 'Is specialty care associated with improved survival of patients with congestive ' → yes
  [ICL 2] 'Do microbiological factors account for poor pregnancy outcome among unmarried pr' → yes
  [ICL 3] 'Upstream solutions: does the supplemental security income program reduce disabil' → yes
  [TEST] 'Serum angiotensin-converting enzyme and frequency of severe hypoglycaemia in Typ'

--- 0-3-0 | sample 18 | layer 3 ---
  [ICL 1] 'Does concomitant anterior/apical repair during midurethral sling improve the ove' → no
  [ICL 2] 'Percutaneous ethanol injection for benign cystic thyroid nodules: is aspiration ' → no
  [ICL 3] 'Is the international normalised ratio (INR) reliable?' → maybe
  [TEST] 'Household and food shopping environments: do they play a role in socioeconomic i'

--- 0-3-0 | sample 19 | layer 3 ---
  [ICL 1] 'Juvenile osteochondritis dissecans: is it a growth disturbance of the secondary ' → yes
  [ICL 2] "Does Paget's disease exist in India?" → yes
  [ICL 3] 'Does a family meetings intervention prevent depression and anxiety in family car' → no
  [TEST] 'Does a febrile reaction to platelets predispose recipients to red blood cell all'

--- 0-0-3 | sample 0 | layer 3 ---
  [ICL 1] 'I have a rash on my legs that is giving me a lot of pain. There appears to be a ' → 22
  [ICL 2] "I have red, itchy bumps all over my body. They're especially bad on my arms and " → 5
  [ICL 3] 'I have been feeling a lot of pain in my legs lately. It feels like a cramp and i' → 22
  [TEST] 'I have been having a lot of problems with my skin. It is constantly peeling and '

--- 0-0-3 | sample 1 | layer 3 ---
  [ICL 1] "My skin has been acting up recently, it's been itchy and I've been getting rashe" → 10
  [ICL 2] 'I have been experiencing abdominal pain for a few days now. It is really painful' → 20
  [ICL 3] 'I have a rash on my skin that is itchy and uncomfortable. There are also some od' → 10
  [TEST] "I have red, irritated skin on my arms, face, and back. It's often itchy and unco"

--- 0-0-3 | sample 2 | layer 3 ---
  [ICL 1] "I've been having chills, fatigue, and a cough for a few days. I've also been swe" → 18
  [ICL 2] "I've been having trouble breathing, and I've been coughing a lot. I've been coug" → 3
  [ICL 3] 'I have a lot of nausea and chest pain. My chest has been hurting for a while now' → 9
  [TEST] "I have to go to the bathroom a lot, but when I get there, I can't seem to empty "

--- 0-0-3 | sample 3 | layer 3 ---
  [ICL 1] "I have these large, bulging veins on my legs that are really painful. They're re" → 22
  [ICL 2] "I've been feeling really sick lately. I've been having a lot of nausea and I fee" → 5
  [ICL 3] "I've been having diarrhea and constipation, which is really bothering me. I have" → 20
  [TEST] 'I have a hard time concentrating and my emotions are all over the place. I feel '

--- 0-0-3 | sample 4 | layer 3 ---
  [ICL 1] "I've gained a lot of weight and am currently quite fat. I have many inclinations" → 9
  [ICL 2] "I've been feeling really sick lately. I've been itchy and throwing up, and I've " → 14
  [ICL 3] "I have rashes that sometimes cause my skin to flake off. I'm more likely to get " → 9
  [TEST] 'I have a hard time concentrating and my emotions are all over the place. I feel '

--- 0-0-3 | sample 5 | layer 3 ---
  [ICL 1] "I have blood in my urine and a low-grade fever. I've also been having headaches " → 21
  [ICL 2] 'I have rashes and skin irritations especially in the folds of my skin. My cuts a' → 8
  [ICL 3] 'I have swelling in my legs and it is causing me to have difficulty fitting into ' → 22
  [TEST] 'I have a pretty irritating itch all over my body, and my skin also has a few red'

--- 0-0-3 | sample 6 | layer 3 ---
  [ICL 1] "I have trouble breathing, especially when I'm outside. I start to feel hot and s" → 8
  [ICL 2] "I've been feeling really sick and tired. I've lost weight and have a fever. My u" → 14
  [ICL 3] 'I have been having rashes on my skin for a while now. They are not healing and a' → 19
  [TEST] "I've been experiencing stiffness and weakness in my neck muscles recently. I've "

--- 0-0-3 | sample 7 | layer 3 ---
  [ICL 1] "I've been feeling really tired and weak, and I can't seem to get enough sleep. I" → 7
  [ICL 2] 'I have a rash all over my body that is really itchy. I also have some bumps that' → 10
  [ICL 3] "I've been having trouble concentrating and focusing. I've also been experiencing" → 12
  [TEST] "I have a rash that sometimes causes my skin to peel off. I'm more susceptible to"

--- 0-0-3 | sample 8 | layer 3 ---
  [ICL 1] "I've been having a lot of pain in my joints and my neck has been really tight. I" → 2
  [ICL 2] 'I have a sour taste in my mouth. I burp and belch a lot. I have pressure or full' → 17
  [ICL 3] "My muscles are weak and I have back pain. I've been feeling lightheaded and dizz" → 4
  [TEST] 'I have a hard time concentrating and my emotions are all over the place. I feel '

--- 0-0-3 | sample 9 | layer 3 ---
  [ICL 1] "I've been feeling really tired lately and have had this cough for a few days. It" → 3
  [ICL 2] "I have a fever and I can't breathe through my nose or mouth. I'm tired and I've " → 3
  [ICL 3] 'I have a lot of pain in my legs, especially when I stand or walk for a long time' → 22
  [TEST] 'I have been feeling really sick lately. I have been having chills and fever, and'

--- 0-0-3 | sample 10 | layer 3 ---
  [ICL 1] "I've been vomiting and having diarrhea for a few days. I've also been having a f" → 20
  [ICL 2] "I've been having trouble breathing lately. I've been coughing a lot, and my ches" → 3
  [ICL 3] "I have a lot of pain in my neck and back. I also feel weak and lightheaded. I've" → 4
  [TEST] "I've been experiencing stiffness and weakness in my neck muscles recently. I've "

--- 0-0-3 | sample 11 | layer 3 ---
  [ICL 1] 'I have been experiencing pain and swelling in my legs. The pain is worse when I ' → 22
  [ICL 2] "I'm having trouble breathing, and I have a really high fever. I'm sweating a lot" → 18
  [ICL 3] "I've been feeling really sick for the past few days. I have a fever, I can't cat" → 18
  [TEST] 'I have been feeling really sick lately. I have been having chills and fever, and'

--- 0-0-3 | sample 12 | layer 3 ---
  [ICL 1] 'I have a high fever, chills, nausea, and severe itching. I also have a headache ' → 15
  [ICL 2] 'I have a lot of pain in my legs, especially when I stand for long periods of tim' → 22
  [ICL 3] "I have been feeling really cold, even though it's warm outside. My back hurts an" → 7
  [TEST] "I've been sneezing a lot and I'm really tired. My throat hurts and I have a lot "

--- 0-0-3 | sample 13 | layer 3 ---
  [ICL 1] 'I have been feeling very thirsty and hungry lately. I also feel very tired at ti' → 8
  [ICL 2] "I'm experiencing a high fever, chills, nausea, and severe itching. I also have a" → 15
  [ICL 3] 'I feel weak and my lymph nodes are swollen. My eyes burn and my throat hurts. My' → 6
  [TEST] 'I have been feeling very tired and weak. I have also been vomiting and have deve'

--- 0-0-3 | sample 14 | layer 3 ---
  [ICL 1] "I have a fever, headache, and swollen lymph nodes. I feel weak and fatigued. I'm" → 5
  [ICL 2] 'I have a constant hunger and appetite. Sometimes my stomach will cramp and spasm' → 17
  [ICL 3] 'I have been having a lot of skin problems lately. I have red, scaly patches on m' → 19
  [TEST] 'I have a stomach ache and I am feeling feverish. I also have chills and a headac'

--- 0-0-3 | sample 15 | layer 3 ---
  [ICL 1] "I've had a high fever, vomiting, chills, and intense itching. I also have a head" → 15
  [ICL 2] 'I have mood swings and have trouble concentrating. My mind feels hazy and foggy ' → 8
  [ICL 3] 'I have a rash on my skin that is itchy and uncomfortable. I have also noticed sm' → 19
  [TEST] 'I have a skin rash that gets worse in the winter when the air is dry. I have to '

--- 0-0-3 | sample 16 | layer 3 ---
  [ICL 1] "I have to pee a lot, and it's hard to hold it in. I feel dizzy and confused. I c" → 8
  [ICL 2] 'I have been feeling dizzy and lightheaded, and I have also had trouble keeping m' → 12
  [ICL 3] 'I feel tired all the time, and my throat feels tingly. I also have dry, flaky sk' → 1
  [TEST] "I've been feeling really sick and I have a rash all over my body. I'm worried ab"

--- 0-0-3 | sample 17 | layer 3 ---
  [ICL 1] "I'm always tired, my taste is off, and my throat is really scratchy. I also have" → 1
  [ICL 2] "I've gained a lot of weight and am currently quite fat. I have many inclinations" → 9
  [ICL 3] 'I have a rash on my back and chest, and my entire body itches. My skin may be dr' → 9
  [TEST] 'I have been having a headache for the past week. It started out as a dull ache, '

--- 0-0-3 | sample 18 | layer 3 ---
  [ICL 1] "I've been experiencing a lot of itching, chills, vomiting, and a fever. I also h" → 15
  [ICL 2] "I have a rash on my face and it's really painful. There are little blisters arou" → 13
  [ICL 3] 'I have had diarrhea for a few days now. It is very watery and smells bad. I also' → 20
  [TEST] "I've been feeling really sick lately. I've been throwing up and I'm itchy all ov"

--- 0-0-3 | sample 19 | layer 3 ---
  [ICL 1] "I've been feeling really sick lately. I've been getting chills and I'm always ti" → 18
  [ICL 2] "I've been having a runny nose and a sore throat for a few days now. I also feel " → 6
  [ICL 3] "I have a rash all over my body, and it's really itchy. I have some bumps that ar" → 10
  [TEST] "I have to go to the bathroom a lot, but when I get there, I can't seem to empty "

--- 1-1-1 | sample 0 | layer 3 ---
  [ICL 1] 'The differential diagnosis of micro-angiopathic anemia includes all Except:' → C
  [ICL 2] "I have red, itchy bumps all over my body. They're especially bad on my arms and " → 5
  [ICL 3] 'Can infundibular height predict the clearance of lower pole calyceal stone after' → yes
  [TEST] 'Coarse tremors of tongue is seen in all except:'

--- 1-1-1 | sample 1 | layer 3 ---
  [ICL 1] 'I have rashes and skin irritations especially in the folds of my skin. My cuts a' → 8
  [ICL 2] 'Is fetal gender associated with emergency department visits for asthma during pr' → no
  [ICL 3] 'Floating water lilly sign on chest x-ray is characteristic of-' → A
  [TEST] "Are the GFRUP's recommendations for withholding or withdrawing treatments in cri"

--- 1-1-1 | sample 2 | layer 3 ---
  [ICL 1] "I've been having chills, fatigue, and a cough for a few days. I've also been swe" → 18
  [ICL 2] 'Is double-balloon enteroscopy an accurate method to diagnose small-bowel disorde' → yes
  [ICL 3] 'Anticipation phenomenon is seen in' → D
  [TEST] "I have to go to the bathroom a lot, but when I get there, I can't seem to empty "

--- 1-1-1 | sample 3 | layer 3 ---
  [ICL 1] 'All are useful for management of severe Clostridium difficle treatment except -' → B
  [ICL 2] "I've been feeling really sick lately. I've been having a lot of nausea and I fee" → 5
  [ICL 3] "Can ki-67 play a role in prediction of breast cancer patients' response to neoad" → yes
  [TEST] "Which of the following is not true about the salivary gland output in Sjogren's "

--- 1-1-1 | sample 4 | layer 3 ---
  [ICL 1] 'Alkaline phosphatase is found in all organs,except -a) Boneb) Heartc) Placentad)' → B
  [ICL 2] "I've been feeling really sick lately. I've been itchy and throwing up, and I've " → 14
  [ICL 3] 'Does menopausal transition affect the quality of life?' → no
  [TEST] 'Do nontriploid partial hydatidiform moles exist?'

--- 1-1-1 | sample 5 | layer 3 ---
  [ICL 1] 'Acute hepatitis C in Israel: a predominantly iatrogenic disease?' → yes
  [ICL 2] 'All the following are used for treatment of chronic Hepatitis B except?' → C
  [ICL 3] 'I have been experiencing pain in my legs, especially when I exercise. The veins ' → 22
  [TEST] 'I have a pretty irritating itch all over my body, and my skin also has a few red'

--- 1-1-1 | sample 6 | layer 3 ---
  [ICL 1] 'I have a burning pain in my stomach that comes and goes. I also have a lot of ga' → 17
  [ICL 2] "Not seen in cushing's syndrome: March 2009" → D
  [ICL 3] 'Has the prevalence of health care services use increased over the last decade (2' → yes
  [TEST] 'Which of the following disease cause damage of vertebral body & intervertebral s'

--- 1-1-1 | sample 7 | layer 3 ---
  [ICL 1] 'Does cognitive function predict frequency compressed speech recognition in liste' → no
  [ICL 2] 'I have a rash all over my body that is really itchy. I also have some bumps that' → 10
  [ICL 3] 'Immume complex mediated gloomerular damage is seen in all except -' → B
  [TEST] 'Xanthogranulomatous cholecystitis: a premalignant condition?'

--- 1-1-1 | sample 8 | layer 3 ---
  [ICL 1] 'Is low birth weight a risk indicator for congenital cytomegalovirus infection?' → no
  [ICL 2] 'I have a sour taste in my mouth. I burp and belch a lot. I have pressure or full' → 17
  [ICL 3] 'A 38 year old male presents to OPD with history of progressive sholess of breath' → B
  [TEST] 'I have a hard time concentrating and my emotions are all over the place. I feel '

--- 1-1-1 | sample 9 | layer 3 ---
  [ICL 1] 'Does ethnicity affect where people with cancer die?' → yes
  [ICL 2] "I have a fever and I can't breathe through my nose or mouth. I'm tired and I've " → 3
  [ICL 3] 'Peripheral resistance of arteries measures:' → B
  [TEST] 'Myocardial infarction; signs are all except'

--- 1-1-1 | sample 10 | layer 3 ---
  [ICL 1] 'Implementation of epidural analgesia for labor: is the standard of effective ana' → yes
  [ICL 2] 'Indications for use of cyclophosphamide in SLE is' → C
  [ICL 3] "I have a lot of pain in my neck and back. I also feel weak and lightheaded. I've" → 4
  [TEST] 'Does tranexamic acid reduce desmopressin-induced hyperfibrinolysis?'

--- 1-1-1 | sample 11 | layer 3 ---
  [ICL 1] 'Does elective re-siting of intravenous cannulae decrease peripheral thrombophleb' → yes
  [ICL 2] 'Which laboratory determinations would be most helpful in distinguishing iron def' → D
  [ICL 3] "I've been having a strange odor in my urine, it's been red or black, and both. M" → 21
  [TEST] 'I have been feeling really sick lately. I have been having chills and fever, and'

--- 1-1-1 | sample 12 | layer 3 ---
  [ICL 1] 'In hypokalaemia all ECG changes are seen except' → B
  [ICL 2] 'Prescriptions as a proxy for asthma in children: a good choice?' → no
  [ICL 3] "I have been feeling really cold, even though it's warm outside. My back hurts an" → 7
  [TEST] 'Features of cardiac rest pain are all, except'

--- 1-1-1 | sample 13 | layer 3 ---
  [ICL 1] 'Does multi-modal cervical physical therapy improve tinnitus in patients with cer' → yes
  [ICL 2] "I've been having headaches and chest pain for a while now, and it's been getting" → 12
  [ICL 3] 'Sentinel surveillance is done for: September 2003' → A
  [TEST] 'Do women residents delay childbearing due to perceived career threats?'

--- 1-1-1 | sample 14 | layer 3 ---
  [ICL 1] "I have these red and bumpy spots on my skin that are itchy. They're also a diffe" → 10
  [ICL 2] 'An HIV1/2 point of care test on sputum for screening TB/HIV co-infection in Cent' → yes
  [ICL 3] '42 yrs old man presented with dizziness on standing,SBP falls by 50 mm Hg and HR' → C
  [TEST] 'I have a stomach ache and I am feeling feverish. I also have chills and a headac'

--- 1-1-1 | sample 15 | layer 3 ---
  [ICL 1] 'Do some U.S. states have higher/lower injury mortality rates than others?' → yes
  [ICL 2] 'I have mood swings and have trouble concentrating. My mind feels hazy and foggy ' → 8
  [ICL 3] 'Which of the following is selective myosin activator?' → B
  [TEST] 'Calculate the base deficit in a patient of weight 75 kg with a pH = 6.96, pCO2 ='

--- 1-1-1 | sample 16 | layer 3 ---
  [ICL 1] "I have to pee a lot, and it's hard to hold it in. I feel dizzy and confused. I c" → 8
  [ICL 2] 'Pancytopenia with cellular marrow is seen in all except -' → D
  [ICL 3] 'Prostatic syndrome and pleural effusion: are they different diseases?' → maybe
  [TEST] 'Does the lipid-lowering peroxisome proliferator-activated receptors ligand bezaf'

--- 1-1-1 | sample 17 | layer 3 ---
  [ICL 1] 'I have a lot of heartburn and acid reflux. I also feel sick after eating and som' → 11
  [ICL 2] 'The following is a marker of acute hepatitis B infection -' → A
  [ICL 3] 'Upstream solutions: does the supplemental security income program reduce disabil' → yes
  [TEST] 'I have been having a headache for the past week. It started out as a dull ache, '

--- 1-1-1 | sample 18 | layer 3 ---
  [ICL 1] "I've been experiencing a lot of itching, chills, vomiting, and a fever. I also h" → 15
  [ICL 2] 'All of the following statements about mitral valve prolapse are true except:' → B
  [ICL 3] 'Is the international normalised ratio (INR) reliable?' → maybe
  [TEST] 'Valvular lesion most often resulting from myocardial infarction is:'

--- 1-1-1 | sample 19 | layer 3 ---
  [ICL 1] 'I have noticed that my legs are swollen and the blood vessels are visible. I hav' → 22
  [ICL 2] "Does Paget's disease exist in India?" → yes
  [ICL 3] 'A 45-year-old woman has developed increasing SOB on exertion and fatigue. She ha' → B
  [TEST] 'Does a febrile reaction to platelets predispose recipients to red blood cell all'


======================================================================
EXPERIMENT : sweep_layers (format_tasks) — layer 8
TIME       : 2026-05-15 10:37:44
======================================================================

--- 3-0-0 | sample 0 | layer 8 ---
  [ICL 1] 'The differential diagnosis of micro-angiopathic anemia includes all Except:' → C
  [ICL 2] 'An 80 year old female presents with progressive loss of memory, difficulty in re' → A
  [ICL 3] 'Aplastic anemia in sickle cell anemia is due to infection of -' → B
  [TEST] 'Coarse tremors of tongue is seen in all except:'

--- 3-0-0 | sample 1 | layer 8 ---
  [ICL 1] 'A 64-year-old woman is admitted to the hospital with right lobar pneumonia and s' → C
  [ICL 2] 'Floating water lilly sign on chest x-ray is characteristic of-' → A
  [ICL 3] "Which of the following is the established biological therapy for Crohn's disease" → A
  [TEST] 'A 55- year old diabetic patient presents with transient obscuration in vision fo'

--- 3-0-0 | sample 2 | layer 8 ---
  [ICL 1] 'Features of restrictive lung disease is-' → D
  [ICL 2] "Hepatitis B surface antigen in a patient's serum indicates" → B
  [ICL 3] 'Anticipation phenomenon is seen in' → D
  [TEST] 'Which heart sound indicates stiffness of ventricular wall'

--- 3-0-0 | sample 3 | layer 8 ---
  [ICL 1] 'All are useful for management of severe Clostridium difficle treatment except -' → B
  [ICL 2] 'A cardiac patient must be asked to stop one of the following drugs when he is co' → C
  [ICL 3] 'Wide fixed splitting of the second hea sound is typical of-' → A
  [TEST] "Which of the following is not true about the salivary gland output in Sjogren's "

--- 3-0-0 | sample 4 | layer 8 ---
  [ICL 1] 'Alkaline phosphatase is found in all organs,except -a) Boneb) Heartc) Placentad)' → B
  [ICL 2] 'Esophageal adenocarcinoma is predisposed by' → B
  [ICL 3] 'A female patient presents with upper respiratory tract infection. Two days after' → A
  [TEST] "Which of the following is not true about the salivary gland output in Sjogren's "

--- 3-0-0 | sample 5 | layer 8 ---
  [ICL 1] 'Patient presents with fasting sugar as 167mg/dl, skin pigmentation and hypogonad' → C
  [ICL 2] 'All the following are used for treatment of chronic Hepatitis B except?' → C
  [ICL 3] 'Sarcodiosis can be associated with' → A
  [TEST] 'First time causative agent of AIDS was discovered in:'

--- 3-0-0 | sample 6 | layer 8 ---
  [ICL 1] "Which of the following is the established biological therapy for Crohn's disease" → A
  [ICL 2] "Not seen in cushing's syndrome: March 2009" → D
  [ICL 3] 'Occupational exposure which is yet NOT confirmed on causing a lung problem: Marc' → C
  [TEST] 'Which of the following disease cause damage of vertebral body & intervertebral s'

--- 3-0-0 | sample 7 | layer 8 ---
  [ICL 1] '50 year old Dharma is admitted for chest discomfo. A right bundle branch block l' → D
  [ICL 2] 'Which of the following is associated with adult polycystic kidney disease -' → A
  [ICL 3] 'Immume complex mediated gloomerular damage is seen in all except -' → B
  [TEST] 'Lead cause following except'

--- 3-0-0 | sample 8 | layer 8 ---
  [ICL 1] '"Setting Sun" sign is seen in' → A
  [ICL 2] 'Most common inherited peripheral neuropathy is?' → B
  [ICL 3] 'A 38 year old male presents to OPD with history of progressive sholess of breath' → B
  [TEST] "Which of the following is not true about the salivary gland output in Sjogren's "

--- 3-0-0 | sample 9 | layer 8 ---
  [ICL 1] 'Atherosclerosis is inversely proport- ionnal to:' → D
  [ICL 2] 'In hypokalaemia all ECG changes are seen except' → B
  [ICL 3] 'Peripheral resistance of arteries measures:' → B
  [TEST] 'Myocardial infarction; signs are all except'

--- 3-0-0 | sample 10 | layer 8 ---
  [ICL 1] 'Most common cause of pleural effusion in AIDS patients' → A
  [ICL 2] 'Indications for use of cyclophosphamide in SLE is' → C
  [ICL 3] 'All the following are manifestations of CMV infection following Lung transplant ' → D
  [TEST] 'Which of the following disease cause damage of vertebral body & intervertebral s'

--- 3-0-0 | sample 11 | layer 8 ---
  [ICL 1] 'Pulses paradoxus is seen in:' → C
  [ICL 2] 'Which laboratory determinations would be most helpful in distinguishing iron def' → D
  [ICL 3] 'True about polycythemia rubra vera is all except -' → D
  [TEST] 'Myocardial infarction; signs are all except'

--- 3-0-0 | sample 12 | layer 8 ---
  [ICL 1] 'In hypokalaemia all ECG changes are seen except' → B
  [ICL 2] 'Drug for management of hypeension in Phaeochromocytoma' → A
  [ICL 3] 'ECG with ST -elevation low BP. Best line of management is -' → C
  [TEST] 'Features of cardiac rest pain are all, except'

--- 3-0-0 | sample 13 | layer 8 ---
  [ICL 1] 'Regarding medullary sponge kidney-a) Autosomal dominantb) Nephrocalcinosisc) Min' → C
  [ICL 2] 'Sentinel surveillance is done for: September 2003' → A
  [ICL 3] 'Generally speaking, the distal, burning, painful dysesthesias with reduced pinpr' → A
  [TEST] 'Which drug is not given in Wilson disease?'

--- 3-0-0 | sample 14 | layer 8 ---
  [ICL 1] 'All are true regarding GB syndrome, Except -' → C
  [ICL 2] '42 yrs old man presented with dizziness on standing,SBP falls by 50 mm Hg and HR' → C
  [ICL 3] 'A 23-year-old male patient presented with a history of back pain, which is more ' → D
  [TEST] 'Staphylococcus aureus and pneumoniae are responsible for:'

--- 3-0-0 | sample 15 | layer 8 ---
  [ICL 1] 'A 45-year-old woman has developed increasing SOB on exertion and fatigue. She ha' → B
  [ICL 2] 'All of the following are chromosomal breakage syndromes except -' → B
  [ICL 3] 'Which of the following is selective myosin activator?' → B
  [TEST] 'Calculate the base deficit in a patient of weight 75 kg with a pH = 6.96, pCO2 ='

--- 3-0-0 | sample 16 | layer 8 ---
  [ICL 1] 'A raised serum creatinine phosphokinase level in unusual in -' → C
  [ICL 2] 'Pancytopenia with cellular marrow is seen in all except -' → D
  [ICL 3] 'All the following are manifestations of CMV infection following Lung transplant ' → D
  [TEST] 'Facial nerve injury during forceps delivery in labour is due to:'

--- 3-0-0 | sample 17 | layer 8 ---
  [ICL 1] 'Investigation of choice for diagnosing primary hypothyroidism: March 2007, Septe' → C
  [ICL 2] 'The following is a marker of acute hepatitis B infection -' → A
  [ICL 3] 'Alkaline phosphatase is found in all organs,except -a) Boneb) Heartc) Placentad)' → B
  [TEST] 'A 29 yrs old woman with a pregnancy of 17 week has a 10 years old boy with down '

--- 3-0-0 | sample 18 | layer 8 ---
  [ICL 1] 'Right axis deviation is seen in all except' → B
  [ICL 2] 'All of the following statements about mitral valve prolapse are true except:' → B
  [ICL 3] 'Kespar Hauser syndrome is due to' → D
  [TEST] 'Valvular lesion most often resulting from myocardial infarction is:'

--- 3-0-0 | sample 19 | layer 8 ---
  [ICL 1] 'Which of the following is not a cause of cirrhosis?' → C
  [ICL 2] 'Which cranial nerve(s) is/are not involved in "Locked in syndrome"?' → C
  [ICL 3] 'A 45-year-old woman has developed increasing SOB on exertion and fatigue. She ha' → B
  [TEST] 'Which heart sound indicates stiffness of ventricular wall'

--- 0-3-0 | sample 0 | layer 8 ---
  [ICL 1] 'Can infundibular height predict the clearance of lower pole calyceal stone after' → yes
  [ICL 2] 'The clinical significance of bile duct sludge: is it different from bile duct st' → no
  [ICL 3] 'Is pelvic pain associated with defecatory symptoms in women with pelvic organ pr' → yes
  [TEST] 'Does preoperative anemia adversely affect colon and rectal surgery outcomes?'

--- 0-3-0 | sample 1 | layer 8 ---
  [ICL 1] 'The colour of pain: can patients use colour to describe osteoarthritis pain?' → yes
  [ICL 2] 'Is fetal gender associated with emergency department visits for asthma during pr' → no
  [ICL 3] 'Is the atopy patch test with house dust mites specific for atopic dermatitis?' → yes
  [TEST] "Are the GFRUP's recommendations for withholding or withdrawing treatments in cri"

--- 0-3-0 | sample 2 | layer 8 ---
  [ICL 1] 'Can magnetic resonance-ultrasound fusion biopsy improve cancer detection in enla' → yes
  [ICL 2] 'Is double-balloon enteroscopy an accurate method to diagnose small-bowel disorde' → yes
  [ICL 3] 'Does gestational age misclassification explain the difference in birthweights fo' → no
  [TEST] 'Does a febrile reaction to platelets predispose recipients to red blood cell all'

--- 0-3-0 | sample 3 | layer 8 ---
  [ICL 1] 'Are head and neck specific quality of life measures necessary?' → yes
  [ICL 2] 'Does prior benign prostate biopsy predict outcome for patients treated with radi' → yes
  [ICL 3] "Can ki-67 play a role in prediction of breast cancer patients' response to neoad" → yes
  [TEST] 'Do nontriploid partial hydatidiform moles exist?'

--- 0-3-0 | sample 4 | layer 8 ---
  [ICL 1] 'Transient tachypnea of the newborn (TTN): a role for polymorphisms in the beta-a' → yes
  [ICL 2] 'Upstream solutions: does the supplemental security income program reduce disabil' → yes
  [ICL 3] 'Does menopausal transition affect the quality of life?' → no
  [TEST] 'Do nontriploid partial hydatidiform moles exist?'

--- 0-3-0 | sample 5 | layer 8 ---
  [ICL 1] 'Acute hepatitis C in Israel: a predominantly iatrogenic disease?' → yes
  [ICL 2] 'The colour of pain: can patients use colour to describe osteoarthritis pain?' → yes
  [ICL 3] 'An HIV1/2 point of care test on sputum for screening TB/HIV co-infection in Cent' → yes
  [TEST] 'Advanced epithelial ovarian carcinoma in Thai women: should we continue to offer'

--- 0-3-0 | sample 6 | layer 8 ---
  [ICL 1] 'Has the prevalence of health care services use increased over the last decade (2' → yes
  [ICL 2] 'Does telmisartan prevent hepatic fibrosis in rats with alloxan-induced diabetes?' → yes
  [ICL 3] 'Is amoxapine an atypical antipsychotic?' → yes
  [TEST] 'Does tranexamic acid reduce desmopressin-induced hyperfibrinolysis?'

--- 0-3-0 | sample 7 | layer 8 ---
  [ICL 1] 'Does cognitive function predict frequency compressed speech recognition in liste' → no
  [ICL 2] 'Is there a relationship between homocysteine and vitiligo?' → yes
  [ICL 3] 'Do women with ovaries of polycystic morphology without any other features of PCO' → no
  [TEST] 'Xanthogranulomatous cholecystitis: a premalignant condition?'

--- 0-3-0 | sample 8 | layer 8 ---
  [ICL 1] 'Is low birth weight a risk indicator for congenital cytomegalovirus infection?' → no
  [ICL 2] 'Steroids in aminoglycoside-containing ear drops: do they reduce cochlear toxicit' → yes
  [ICL 3] 'Do approved doctors and medical referees in the UK agree when assessing a seafar' → no
  [TEST] 'Do nontriploid partial hydatidiform moles exist?'

--- 0-3-0 | sample 9 | layer 8 ---
  [ICL 1] 'Does ethnicity affect where people with cancer die?' → yes
  [ICL 2] 'Does the central venous pressure predict fluid responsiveness?' → no
  [ICL 3] 'Cycloplegic autorefraction in young adults: is it mandatory?' → maybe
  [TEST] 'Vaginal dose assessment in image-guided brachytherapy for cervical cancer: Can w'

--- 0-3-0 | sample 10 | layer 8 ---
  [ICL 1] 'Implementation of epidural analgesia for labor: is the standard of effective ana' → yes
  [ICL 2] 'Mammographic screening in Sami speaking municipalities and a control group. Are ' → yes
  [ICL 3] 'Does short-term treatment with proton pump inhibitors cause rebound aggravation ' → no
  [TEST] 'Does tranexamic acid reduce desmopressin-induced hyperfibrinolysis?'

--- 0-3-0 | sample 11 | layer 8 ---
  [ICL 1] 'Does elective re-siting of intravenous cannulae decrease peripheral thrombophleb' → yes
  [ICL 2] 'Are opioid dependence and methadone maintenance treatment (MMT) documented in th' → maybe
  [ICL 3] 'Scrotal approach to both palpable and impalpable undescended testes: should it b' → yes
  [TEST] 'Vaginal dose assessment in image-guided brachytherapy for cervical cancer: Can w'

--- 0-3-0 | sample 12 | layer 8 ---
  [ICL 1] 'Do mitochondria play a role in remodelling lace plant leaves during programmed c' → yes
  [ICL 2] 'Prescriptions as a proxy for asthma in children: a good choice?' → no
  [ICL 3] 'Did the call for boycott by the Catholic bishops affect the polio vaccination co' → no
  [TEST] 'Are performance measurement systems useful?'

--- 0-3-0 | sample 13 | layer 8 ---
  [ICL 1] 'Does multi-modal cervical physical therapy improve tinnitus in patients with cer' → yes
  [ICL 2] 'An HIV1/2 point of care test on sputum for screening TB/HIV co-infection in Cent' → yes
  [ICL 3] 'Are even impaired fasting blood glucose levels preoperatively associated with in' → yes
  [TEST] 'Do women residents delay childbearing due to perceived career threats?'

--- 0-3-0 | sample 14 | layer 8 ---
  [ICL 1] 'Do African American women require fewer calories to maintain weight?' → no
  [ICL 2] 'An HIV1/2 point of care test on sputum for screening TB/HIV co-infection in Cent' → yes
  [ICL 3] 'Does maternal obesity have an influence on feeding behavior of obese children?' → no
  [TEST] 'PREVALENCE OF THE STREPTOCOCUS AGALACTIAE IN THE PREGNANT WOMAN FROM THE AUTONOM'

--- 0-3-0 | sample 15 | layer 8 ---
  [ICL 1] 'Do some U.S. states have higher/lower injury mortality rates than others?' → yes
  [ICL 2] 'Subclavian steal syndrome: can the blood pressure difference between arms predic' → yes
  [ICL 3] 'Does high-dose radiotherapy benefit palliative lung cancer patients?' → no
  [TEST] 'Is portable ultrasonography accurate in the evaluation of Schanz pin placement d'

--- 0-3-0 | sample 16 | layer 8 ---
  [ICL 1] 'Continuation of pregnancy after antenatal corticosteroid administration: opportu' → maybe
  [ICL 2] 'Traumatic aortic injury: does the anatomy of the aortic arch influence aortic tr' → yes
  [ICL 3] 'Prostatic syndrome and pleural effusion: are they different diseases?' → maybe
  [TEST] 'Does the lipid-lowering peroxisome proliferator-activated receptors ligand bezaf'

--- 0-3-0 | sample 17 | layer 8 ---
  [ICL 1] 'Is specialty care associated with improved survival of patients with congestive ' → yes
  [ICL 2] 'Do microbiological factors account for poor pregnancy outcome among unmarried pr' → yes
  [ICL 3] 'Upstream solutions: does the supplemental security income program reduce disabil' → yes
  [TEST] 'Serum angiotensin-converting enzyme and frequency of severe hypoglycaemia in Typ'

--- 0-3-0 | sample 18 | layer 8 ---
  [ICL 1] 'Does concomitant anterior/apical repair during midurethral sling improve the ove' → no
  [ICL 2] 'Percutaneous ethanol injection for benign cystic thyroid nodules: is aspiration ' → no
  [ICL 3] 'Is the international normalised ratio (INR) reliable?' → maybe
  [TEST] 'Household and food shopping environments: do they play a role in socioeconomic i'

--- 0-3-0 | sample 19 | layer 8 ---
  [ICL 1] 'Juvenile osteochondritis dissecans: is it a growth disturbance of the secondary ' → yes
  [ICL 2] "Does Paget's disease exist in India?" → yes
  [ICL 3] 'Does a family meetings intervention prevent depression and anxiety in family car' → no
  [TEST] 'Does a febrile reaction to platelets predispose recipients to red blood cell all'

--- 0-0-3 | sample 0 | layer 8 ---
  [ICL 1] 'I have a rash on my legs that is giving me a lot of pain. There appears to be a ' → 22
  [ICL 2] "I have red, itchy bumps all over my body. They're especially bad on my arms and " → 5
  [ICL 3] 'I have been feeling a lot of pain in my legs lately. It feels like a cramp and i' → 22
  [TEST] 'I have been having a lot of problems with my skin. It is constantly peeling and '

--- 0-0-3 | sample 1 | layer 8 ---
  [ICL 1] "My skin has been acting up recently, it's been itchy and I've been getting rashe" → 10
  [ICL 2] 'I have been experiencing abdominal pain for a few days now. It is really painful' → 20
  [ICL 3] 'I have a rash on my skin that is itchy and uncomfortable. There are also some od' → 10
  [TEST] "I have red, irritated skin on my arms, face, and back. It's often itchy and unco"

--- 0-0-3 | sample 2 | layer 8 ---
  [ICL 1] "I've been having chills, fatigue, and a cough for a few days. I've also been swe" → 18
  [ICL 2] "I've been having trouble breathing, and I've been coughing a lot. I've been coug" → 3
  [ICL 3] 'I have a lot of nausea and chest pain. My chest has been hurting for a while now' → 9
  [TEST] "I have to go to the bathroom a lot, but when I get there, I can't seem to empty "

--- 0-0-3 | sample 3 | layer 8 ---
  [ICL 1] "I have these large, bulging veins on my legs that are really painful. They're re" → 22
  [ICL 2] "I've been feeling really sick lately. I've been having a lot of nausea and I fee" → 5
  [ICL 3] "I've been having diarrhea and constipation, which is really bothering me. I have" → 20
  [TEST] 'I have a hard time concentrating and my emotions are all over the place. I feel '

--- 0-0-3 | sample 4 | layer 8 ---
  [ICL 1] "I've gained a lot of weight and am currently quite fat. I have many inclinations" → 9
  [ICL 2] "I've been feeling really sick lately. I've been itchy and throwing up, and I've " → 14
  [ICL 3] "I have rashes that sometimes cause my skin to flake off. I'm more likely to get " → 9
  [TEST] 'I have a hard time concentrating and my emotions are all over the place. I feel '

--- 0-0-3 | sample 5 | layer 8 ---
  [ICL 1] "I have blood in my urine and a low-grade fever. I've also been having headaches " → 21
  [ICL 2] 'I have rashes and skin irritations especially in the folds of my skin. My cuts a' → 8
  [ICL 3] 'I have swelling in my legs and it is causing me to have difficulty fitting into ' → 22
  [TEST] 'I have a pretty irritating itch all over my body, and my skin also has a few red'

--- 0-0-3 | sample 6 | layer 8 ---
  [ICL 1] "I have trouble breathing, especially when I'm outside. I start to feel hot and s" → 8
  [ICL 2] "I've been feeling really sick and tired. I've lost weight and have a fever. My u" → 14
  [ICL 3] 'I have been having rashes on my skin for a while now. They are not healing and a' → 19
  [TEST] "I've been experiencing stiffness and weakness in my neck muscles recently. I've "

--- 0-0-3 | sample 7 | layer 8 ---
  [ICL 1] "I've been feeling really tired and weak, and I can't seem to get enough sleep. I" → 7
  [ICL 2] 'I have a rash all over my body that is really itchy. I also have some bumps that' → 10
  [ICL 3] "I've been having trouble concentrating and focusing. I've also been experiencing" → 12
  [TEST] "I have a rash that sometimes causes my skin to peel off. I'm more susceptible to"

--- 0-0-3 | sample 8 | layer 8 ---
  [ICL 1] "I've been having a lot of pain in my joints and my neck has been really tight. I" → 2
  [ICL 2] 'I have a sour taste in my mouth. I burp and belch a lot. I have pressure or full' → 17
  [ICL 3] "My muscles are weak and I have back pain. I've been feeling lightheaded and dizz" → 4
  [TEST] 'I have a hard time concentrating and my emotions are all over the place. I feel '

--- 0-0-3 | sample 9 | layer 8 ---
  [ICL 1] "I've been feeling really tired lately and have had this cough for a few days. It" → 3
  [ICL 2] "I have a fever and I can't breathe through my nose or mouth. I'm tired and I've " → 3
  [ICL 3] 'I have a lot of pain in my legs, especially when I stand or walk for a long time' → 22
  [TEST] 'I have been feeling really sick lately. I have been having chills and fever, and'

--- 0-0-3 | sample 10 | layer 8 ---
  [ICL 1] "I've been vomiting and having diarrhea for a few days. I've also been having a f" → 20
  [ICL 2] "I've been having trouble breathing lately. I've been coughing a lot, and my ches" → 3
  [ICL 3] "I have a lot of pain in my neck and back. I also feel weak and lightheaded. I've" → 4
  [TEST] "I've been experiencing stiffness and weakness in my neck muscles recently. I've "

--- 0-0-3 | sample 11 | layer 8 ---
  [ICL 1] 'I have been experiencing pain and swelling in my legs. The pain is worse when I ' → 22
  [ICL 2] "I'm having trouble breathing, and I have a really high fever. I'm sweating a lot" → 18
  [ICL 3] "I've been feeling really sick for the past few days. I have a fever, I can't cat" → 18
  [TEST] 'I have been feeling really sick lately. I have been having chills and fever, and'

--- 0-0-3 | sample 12 | layer 8 ---
  [ICL 1] 'I have a high fever, chills, nausea, and severe itching. I also have a headache ' → 15
  [ICL 2] 'I have a lot of pain in my legs, especially when I stand for long periods of tim' → 22
  [ICL 3] "I have been feeling really cold, even though it's warm outside. My back hurts an" → 7
  [TEST] "I've been sneezing a lot and I'm really tired. My throat hurts and I have a lot "

--- 0-0-3 | sample 13 | layer 8 ---
  [ICL 1] 'I have been feeling very thirsty and hungry lately. I also feel very tired at ti' → 8
  [ICL 2] "I'm experiencing a high fever, chills, nausea, and severe itching. I also have a" → 15
  [ICL 3] 'I feel weak and my lymph nodes are swollen. My eyes burn and my throat hurts. My' → 6
  [TEST] 'I have been feeling very tired and weak. I have also been vomiting and have deve'

--- 0-0-3 | sample 14 | layer 8 ---
  [ICL 1] "I have a fever, headache, and swollen lymph nodes. I feel weak and fatigued. I'm" → 5
  [ICL 2] 'I have a constant hunger and appetite. Sometimes my stomach will cramp and spasm' → 17
  [ICL 3] 'I have been having a lot of skin problems lately. I have red, scaly patches on m' → 19
  [TEST] 'I have a stomach ache and I am feeling feverish. I also have chills and a headac'

--- 0-0-3 | sample 15 | layer 8 ---
  [ICL 1] "I've had a high fever, vomiting, chills, and intense itching. I also have a head" → 15
  [ICL 2] 'I have mood swings and have trouble concentrating. My mind feels hazy and foggy ' → 8
  [ICL 3] 'I have a rash on my skin that is itchy and uncomfortable. I have also noticed sm' → 19
  [TEST] 'I have a skin rash that gets worse in the winter when the air is dry. I have to '

--- 0-0-3 | sample 16 | layer 8 ---
  [ICL 1] "I have to pee a lot, and it's hard to hold it in. I feel dizzy and confused. I c" → 8
  [ICL 2] 'I have been feeling dizzy and lightheaded, and I have also had trouble keeping m' → 12
  [ICL 3] 'I feel tired all the time, and my throat feels tingly. I also have dry, flaky sk' → 1
  [TEST] "I've been feeling really sick and I have a rash all over my body. I'm worried ab"

--- 0-0-3 | sample 17 | layer 8 ---
  [ICL 1] "I'm always tired, my taste is off, and my throat is really scratchy. I also have" → 1
  [ICL 2] "I've gained a lot of weight and am currently quite fat. I have many inclinations" → 9
  [ICL 3] 'I have a rash on my back and chest, and my entire body itches. My skin may be dr' → 9
  [TEST] 'I have been having a headache for the past week. It started out as a dull ache, '

--- 0-0-3 | sample 18 | layer 8 ---
  [ICL 1] "I've been experiencing a lot of itching, chills, vomiting, and a fever. I also h" → 15
  [ICL 2] "I have a rash on my face and it's really painful. There are little blisters arou" → 13
  [ICL 3] 'I have had diarrhea for a few days now. It is very watery and smells bad. I also' → 20
  [TEST] "I've been feeling really sick lately. I've been throwing up and I'm itchy all ov"

--- 0-0-3 | sample 19 | layer 8 ---
  [ICL 1] "I've been feeling really sick lately. I've been getting chills and I'm always ti" → 18
  [ICL 2] "I've been having a runny nose and a sore throat for a few days now. I also feel " → 6
  [ICL 3] "I have a rash all over my body, and it's really itchy. I have some bumps that ar" → 10
  [TEST] "I have to go to the bathroom a lot, but when I get there, I can't seem to empty "

--- 1-1-1 | sample 0 | layer 8 ---
  [ICL 1] 'The differential diagnosis of micro-angiopathic anemia includes all Except:' → C
  [ICL 2] "I have red, itchy bumps all over my body. They're especially bad on my arms and " → 5
  [ICL 3] 'Can infundibular height predict the clearance of lower pole calyceal stone after' → yes
  [TEST] 'Coarse tremors of tongue is seen in all except:'

--- 1-1-1 | sample 1 | layer 8 ---
  [ICL 1] 'I have rashes and skin irritations especially in the folds of my skin. My cuts a' → 8
  [ICL 2] 'Is fetal gender associated with emergency department visits for asthma during pr' → no
  [ICL 3] 'Floating water lilly sign on chest x-ray is characteristic of-' → A
  [TEST] "Are the GFRUP's recommendations for withholding or withdrawing treatments in cri"

--- 1-1-1 | sample 2 | layer 8 ---
  [ICL 1] "I've been having chills, fatigue, and a cough for a few days. I've also been swe" → 18
  [ICL 2] 'Is double-balloon enteroscopy an accurate method to diagnose small-bowel disorde' → yes
  [ICL 3] 'Anticipation phenomenon is seen in' → D
  [TEST] "I have to go to the bathroom a lot, but when I get there, I can't seem to empty "

--- 1-1-1 | sample 3 | layer 8 ---
  [ICL 1] 'All are useful for management of severe Clostridium difficle treatment except -' → B
  [ICL 2] "I've been feeling really sick lately. I've been having a lot of nausea and I fee" → 5
  [ICL 3] "Can ki-67 play a role in prediction of breast cancer patients' response to neoad" → yes
  [TEST] "Which of the following is not true about the salivary gland output in Sjogren's "

--- 1-1-1 | sample 4 | layer 8 ---
  [ICL 1] 'Alkaline phosphatase is found in all organs,except -a) Boneb) Heartc) Placentad)' → B
  [ICL 2] "I've been feeling really sick lately. I've been itchy and throwing up, and I've " → 14
  [ICL 3] 'Does menopausal transition affect the quality of life?' → no
  [TEST] 'Do nontriploid partial hydatidiform moles exist?'

--- 1-1-1 | sample 5 | layer 8 ---
  [ICL 1] 'Acute hepatitis C in Israel: a predominantly iatrogenic disease?' → yes
  [ICL 2] 'All the following are used for treatment of chronic Hepatitis B except?' → C
  [ICL 3] 'I have been experiencing pain in my legs, especially when I exercise. The veins ' → 22
  [TEST] 'I have a pretty irritating itch all over my body, and my skin also has a few red'

--- 1-1-1 | sample 6 | layer 8 ---
  [ICL 1] 'I have a burning pain in my stomach that comes and goes. I also have a lot of ga' → 17
  [ICL 2] "Not seen in cushing's syndrome: March 2009" → D
  [ICL 3] 'Has the prevalence of health care services use increased over the last decade (2' → yes
  [TEST] 'Which of the following disease cause damage of vertebral body & intervertebral s'

--- 1-1-1 | sample 7 | layer 8 ---
  [ICL 1] 'Does cognitive function predict frequency compressed speech recognition in liste' → no
  [ICL 2] 'I have a rash all over my body that is really itchy. I also have some bumps that' → 10
  [ICL 3] 'Immume complex mediated gloomerular damage is seen in all except -' → B
  [TEST] 'Xanthogranulomatous cholecystitis: a premalignant condition?'

--- 1-1-1 | sample 8 | layer 8 ---
  [ICL 1] 'Is low birth weight a risk indicator for congenital cytomegalovirus infection?' → no
  [ICL 2] 'I have a sour taste in my mouth. I burp and belch a lot. I have pressure or full' → 17
  [ICL 3] 'A 38 year old male presents to OPD with history of progressive sholess of breath' → B
  [TEST] 'I have a hard time concentrating and my emotions are all over the place. I feel '

--- 1-1-1 | sample 9 | layer 8 ---
  [ICL 1] 'Does ethnicity affect where people with cancer die?' → yes
  [ICL 2] "I have a fever and I can't breathe through my nose or mouth. I'm tired and I've " → 3
  [ICL 3] 'Peripheral resistance of arteries measures:' → B
  [TEST] 'Myocardial infarction; signs are all except'

--- 1-1-1 | sample 10 | layer 8 ---
  [ICL 1] 'Implementation of epidural analgesia for labor: is the standard of effective ana' → yes
  [ICL 2] 'Indications for use of cyclophosphamide in SLE is' → C
  [ICL 3] "I have a lot of pain in my neck and back. I also feel weak and lightheaded. I've" → 4
  [TEST] 'Does tranexamic acid reduce desmopressin-induced hyperfibrinolysis?'

--- 1-1-1 | sample 11 | layer 8 ---
  [ICL 1] 'Does elective re-siting of intravenous cannulae decrease peripheral thrombophleb' → yes
  [ICL 2] 'Which laboratory determinations would be most helpful in distinguishing iron def' → D
  [ICL 3] "I've been having a strange odor in my urine, it's been red or black, and both. M" → 21
  [TEST] 'I have been feeling really sick lately. I have been having chills and fever, and'

--- 1-1-1 | sample 12 | layer 8 ---
  [ICL 1] 'In hypokalaemia all ECG changes are seen except' → B
  [ICL 2] 'Prescriptions as a proxy for asthma in children: a good choice?' → no
  [ICL 3] "I have been feeling really cold, even though it's warm outside. My back hurts an" → 7
  [TEST] 'Features of cardiac rest pain are all, except'

--- 1-1-1 | sample 13 | layer 8 ---
  [ICL 1] 'Does multi-modal cervical physical therapy improve tinnitus in patients with cer' → yes
  [ICL 2] "I've been having headaches and chest pain for a while now, and it's been getting" → 12
  [ICL 3] 'Sentinel surveillance is done for: September 2003' → A
  [TEST] 'Do women residents delay childbearing due to perceived career threats?'

--- 1-1-1 | sample 14 | layer 8 ---
  [ICL 1] "I have these red and bumpy spots on my skin that are itchy. They're also a diffe" → 10
  [ICL 2] 'An HIV1/2 point of care test on sputum for screening TB/HIV co-infection in Cent' → yes
  [ICL 3] '42 yrs old man presented with dizziness on standing,SBP falls by 50 mm Hg and HR' → C
  [TEST] 'I have a stomach ache and I am feeling feverish. I also have chills and a headac'

--- 1-1-1 | sample 15 | layer 8 ---
  [ICL 1] 'Do some U.S. states have higher/lower injury mortality rates than others?' → yes
  [ICL 2] 'I have mood swings and have trouble concentrating. My mind feels hazy and foggy ' → 8
  [ICL 3] 'Which of the following is selective myosin activator?' → B
  [TEST] 'Calculate the base deficit in a patient of weight 75 kg with a pH = 6.96, pCO2 ='

--- 1-1-1 | sample 16 | layer 8 ---
  [ICL 1] "I have to pee a lot, and it's hard to hold it in. I feel dizzy and confused. I c" → 8
  [ICL 2] 'Pancytopenia with cellular marrow is seen in all except -' → D
  [ICL 3] 'Prostatic syndrome and pleural effusion: are they different diseases?' → maybe
  [TEST] 'Does the lipid-lowering peroxisome proliferator-activated receptors ligand bezaf'

--- 1-1-1 | sample 17 | layer 8 ---
  [ICL 1] 'I have a lot of heartburn and acid reflux. I also feel sick after eating and som' → 11
  [ICL 2] 'The following is a marker of acute hepatitis B infection -' → A
  [ICL 3] 'Upstream solutions: does the supplemental security income program reduce disabil' → yes
  [TEST] 'I have been having a headache for the past week. It started out as a dull ache, '

--- 1-1-1 | sample 18 | layer 8 ---
  [ICL 1] "I've been experiencing a lot of itching, chills, vomiting, and a fever. I also h" → 15
  [ICL 2] 'All of the following statements about mitral valve prolapse are true except:' → B
  [ICL 3] 'Is the international normalised ratio (INR) reliable?' → maybe
  [TEST] 'Valvular lesion most often resulting from myocardial infarction is:'

--- 1-1-1 | sample 19 | layer 8 ---
  [ICL 1] 'I have noticed that my legs are swollen and the blood vessels are visible. I hav' → 22
  [ICL 2] "Does Paget's disease exist in India?" → yes
  [ICL 3] 'A 45-year-old woman has developed increasing SOB on exertion and fatigue. She ha' → B
  [TEST] 'Does a febrile reaction to platelets predispose recipients to red blood cell all'


======================================================================
EXPERIMENT : sweep_layers (format_tasks) — layer 14
TIME       : 2026-05-15 10:38:49
======================================================================

--- 3-0-0 | sample 0 | layer 14 ---
  [ICL 1] 'The differential diagnosis of micro-angiopathic anemia includes all Except:' → C
  [ICL 2] 'An 80 year old female presents with progressive loss of memory, difficulty in re' → A
  [ICL 3] 'Aplastic anemia in sickle cell anemia is due to infection of -' → B
  [TEST] 'Coarse tremors of tongue is seen in all except:'

--- 3-0-0 | sample 1 | layer 14 ---
  [ICL 1] 'A 64-year-old woman is admitted to the hospital with right lobar pneumonia and s' → C
  [ICL 2] 'Floating water lilly sign on chest x-ray is characteristic of-' → A
  [ICL 3] "Which of the following is the established biological therapy for Crohn's disease" → A
  [TEST] 'A 55- year old diabetic patient presents with transient obscuration in vision fo'

--- 3-0-0 | sample 2 | layer 14 ---
  [ICL 1] 'Features of restrictive lung disease is-' → D
  [ICL 2] "Hepatitis B surface antigen in a patient's serum indicates" → B
  [ICL 3] 'Anticipation phenomenon is seen in' → D
  [TEST] 'Which heart sound indicates stiffness of ventricular wall'

--- 3-0-0 | sample 3 | layer 14 ---
  [ICL 1] 'All are useful for management of severe Clostridium difficle treatment except -' → B
  [ICL 2] 'A cardiac patient must be asked to stop one of the following drugs when he is co' → C
  [ICL 3] 'Wide fixed splitting of the second hea sound is typical of-' → A
  [TEST] "Which of the following is not true about the salivary gland output in Sjogren's "

--- 3-0-0 | sample 4 | layer 14 ---
  [ICL 1] 'Alkaline phosphatase is found in all organs,except -a) Boneb) Heartc) Placentad)' → B
  [ICL 2] 'Esophageal adenocarcinoma is predisposed by' → B
  [ICL 3] 'A female patient presents with upper respiratory tract infection. Two days after' → A
  [TEST] "Which of the following is not true about the salivary gland output in Sjogren's "

--- 3-0-0 | sample 5 | layer 14 ---
  [ICL 1] 'Patient presents with fasting sugar as 167mg/dl, skin pigmentation and hypogonad' → C
  [ICL 2] 'All the following are used for treatment of chronic Hepatitis B except?' → C
  [ICL 3] 'Sarcodiosis can be associated with' → A
  [TEST] 'First time causative agent of AIDS was discovered in:'

--- 3-0-0 | sample 6 | layer 14 ---
  [ICL 1] "Which of the following is the established biological therapy for Crohn's disease" → A
  [ICL 2] "Not seen in cushing's syndrome: March 2009" → D
  [ICL 3] 'Occupational exposure which is yet NOT confirmed on causing a lung problem: Marc' → C
  [TEST] 'Which of the following disease cause damage of vertebral body & intervertebral s'

--- 3-0-0 | sample 7 | layer 14 ---
  [ICL 1] '50 year old Dharma is admitted for chest discomfo. A right bundle branch block l' → D
  [ICL 2] 'Which of the following is associated with adult polycystic kidney disease -' → A
  [ICL 3] 'Immume complex mediated gloomerular damage is seen in all except -' → B
  [TEST] 'Lead cause following except'

--- 3-0-0 | sample 8 | layer 14 ---
  [ICL 1] '"Setting Sun" sign is seen in' → A
  [ICL 2] 'Most common inherited peripheral neuropathy is?' → B
  [ICL 3] 'A 38 year old male presents to OPD with history of progressive sholess of breath' → B
  [TEST] "Which of the following is not true about the salivary gland output in Sjogren's "

--- 3-0-0 | sample 9 | layer 14 ---
  [ICL 1] 'Atherosclerosis is inversely proport- ionnal to:' → D
  [ICL 2] 'In hypokalaemia all ECG changes are seen except' → B
  [ICL 3] 'Peripheral resistance of arteries measures:' → B
  [TEST] 'Myocardial infarction; signs are all except'

--- 3-0-0 | sample 10 | layer 14 ---
  [ICL 1] 'Most common cause of pleural effusion in AIDS patients' → A
  [ICL 2] 'Indications for use of cyclophosphamide in SLE is' → C
  [ICL 3] 'All the following are manifestations of CMV infection following Lung transplant ' → D
  [TEST] 'Which of the following disease cause damage of vertebral body & intervertebral s'

--- 3-0-0 | sample 11 | layer 14 ---
  [ICL 1] 'Pulses paradoxus is seen in:' → C
  [ICL 2] 'Which laboratory determinations would be most helpful in distinguishing iron def' → D
  [ICL 3] 'True about polycythemia rubra vera is all except -' → D
  [TEST] 'Myocardial infarction; signs are all except'

--- 3-0-0 | sample 12 | layer 14 ---
  [ICL 1] 'In hypokalaemia all ECG changes are seen except' → B
  [ICL 2] 'Drug for management of hypeension in Phaeochromocytoma' → A
  [ICL 3] 'ECG with ST -elevation low BP. Best line of management is -' → C
  [TEST] 'Features of cardiac rest pain are all, except'

--- 3-0-0 | sample 13 | layer 14 ---
  [ICL 1] 'Regarding medullary sponge kidney-a) Autosomal dominantb) Nephrocalcinosisc) Min' → C
  [ICL 2] 'Sentinel surveillance is done for: September 2003' → A
  [ICL 3] 'Generally speaking, the distal, burning, painful dysesthesias with reduced pinpr' → A
  [TEST] 'Which drug is not given in Wilson disease?'

--- 3-0-0 | sample 14 | layer 14 ---
  [ICL 1] 'All are true regarding GB syndrome, Except -' → C
  [ICL 2] '42 yrs old man presented with dizziness on standing,SBP falls by 50 mm Hg and HR' → C
  [ICL 3] 'A 23-year-old male patient presented with a history of back pain, which is more ' → D
  [TEST] 'Staphylococcus aureus and pneumoniae are responsible for:'

--- 3-0-0 | sample 15 | layer 14 ---
  [ICL 1] 'A 45-year-old woman has developed increasing SOB on exertion and fatigue. She ha' → B
  [ICL 2] 'All of the following are chromosomal breakage syndromes except -' → B
  [ICL 3] 'Which of the following is selective myosin activator?' → B
  [TEST] 'Calculate the base deficit in a patient of weight 75 kg with a pH = 6.96, pCO2 ='

--- 3-0-0 | sample 16 | layer 14 ---
  [ICL 1] 'A raised serum creatinine phosphokinase level in unusual in -' → C
  [ICL 2] 'Pancytopenia with cellular marrow is seen in all except -' → D
  [ICL 3] 'All the following are manifestations of CMV infection following Lung transplant ' → D
  [TEST] 'Facial nerve injury during forceps delivery in labour is due to:'

--- 3-0-0 | sample 17 | layer 14 ---
  [ICL 1] 'Investigation of choice for diagnosing primary hypothyroidism: March 2007, Septe' → C
  [ICL 2] 'The following is a marker of acute hepatitis B infection -' → A
  [ICL 3] 'Alkaline phosphatase is found in all organs,except -a) Boneb) Heartc) Placentad)' → B
  [TEST] 'A 29 yrs old woman with a pregnancy of 17 week has a 10 years old boy with down '

--- 3-0-0 | sample 18 | layer 14 ---
  [ICL 1] 'Right axis deviation is seen in all except' → B
  [ICL 2] 'All of the following statements about mitral valve prolapse are true except:' → B
  [ICL 3] 'Kespar Hauser syndrome is due to' → D
  [TEST] 'Valvular lesion most often resulting from myocardial infarction is:'

--- 3-0-0 | sample 19 | layer 14 ---
  [ICL 1] 'Which of the following is not a cause of cirrhosis?' → C
  [ICL 2] 'Which cranial nerve(s) is/are not involved in "Locked in syndrome"?' → C
  [ICL 3] 'A 45-year-old woman has developed increasing SOB on exertion and fatigue. She ha' → B
  [TEST] 'Which heart sound indicates stiffness of ventricular wall'

--- 0-3-0 | sample 0 | layer 14 ---
  [ICL 1] 'Can infundibular height predict the clearance of lower pole calyceal stone after' → yes
  [ICL 2] 'The clinical significance of bile duct sludge: is it different from bile duct st' → no
  [ICL 3] 'Is pelvic pain associated with defecatory symptoms in women with pelvic organ pr' → yes
  [TEST] 'Does preoperative anemia adversely affect colon and rectal surgery outcomes?'

--- 0-3-0 | sample 1 | layer 14 ---
  [ICL 1] 'The colour of pain: can patients use colour to describe osteoarthritis pain?' → yes
  [ICL 2] 'Is fetal gender associated with emergency department visits for asthma during pr' → no
  [ICL 3] 'Is the atopy patch test with house dust mites specific for atopic dermatitis?' → yes
  [TEST] "Are the GFRUP's recommendations for withholding or withdrawing treatments in cri"

--- 0-3-0 | sample 2 | layer 14 ---
  [ICL 1] 'Can magnetic resonance-ultrasound fusion biopsy improve cancer detection in enla' → yes
  [ICL 2] 'Is double-balloon enteroscopy an accurate method to diagnose small-bowel disorde' → yes
  [ICL 3] 'Does gestational age misclassification explain the difference in birthweights fo' → no
  [TEST] 'Does a febrile reaction to platelets predispose recipients to red blood cell all'

--- 0-3-0 | sample 3 | layer 14 ---
  [ICL 1] 'Are head and neck specific quality of life measures necessary?' → yes
  [ICL 2] 'Does prior benign prostate biopsy predict outcome for patients treated with radi' → yes
  [ICL 3] "Can ki-67 play a role in prediction of breast cancer patients' response to neoad" → yes
  [TEST] 'Do nontriploid partial hydatidiform moles exist?'

--- 0-3-0 | sample 4 | layer 14 ---
  [ICL 1] 'Transient tachypnea of the newborn (TTN): a role for polymorphisms in the beta-a' → yes
  [ICL 2] 'Upstream solutions: does the supplemental security income program reduce disabil' → yes
  [ICL 3] 'Does menopausal transition affect the quality of life?' → no
  [TEST] 'Do nontriploid partial hydatidiform moles exist?'

--- 0-3-0 | sample 5 | layer 14 ---
  [ICL 1] 'Acute hepatitis C in Israel: a predominantly iatrogenic disease?' → yes
  [ICL 2] 'The colour of pain: can patients use colour to describe osteoarthritis pain?' → yes
  [ICL 3] 'An HIV1/2 point of care test on sputum for screening TB/HIV co-infection in Cent' → yes
  [TEST] 'Advanced epithelial ovarian carcinoma in Thai women: should we continue to offer'

--- 0-3-0 | sample 6 | layer 14 ---
  [ICL 1] 'Has the prevalence of health care services use increased over the last decade (2' → yes
  [ICL 2] 'Does telmisartan prevent hepatic fibrosis in rats with alloxan-induced diabetes?' → yes
  [ICL 3] 'Is amoxapine an atypical antipsychotic?' → yes
  [TEST] 'Does tranexamic acid reduce desmopressin-induced hyperfibrinolysis?'

--- 0-3-0 | sample 7 | layer 14 ---
  [ICL 1] 'Does cognitive function predict frequency compressed speech recognition in liste' → no
  [ICL 2] 'Is there a relationship between homocysteine and vitiligo?' → yes
  [ICL 3] 'Do women with ovaries of polycystic morphology without any other features of PCO' → no
  [TEST] 'Xanthogranulomatous cholecystitis: a premalignant condition?'

--- 0-3-0 | sample 8 | layer 14 ---
  [ICL 1] 'Is low birth weight a risk indicator for congenital cytomegalovirus infection?' → no
  [ICL 2] 'Steroids in aminoglycoside-containing ear drops: do they reduce cochlear toxicit' → yes
  [ICL 3] 'Do approved doctors and medical referees in the UK agree when assessing a seafar' → no
  [TEST] 'Do nontriploid partial hydatidiform moles exist?'

--- 0-3-0 | sample 9 | layer 14 ---
  [ICL 1] 'Does ethnicity affect where people with cancer die?' → yes
  [ICL 2] 'Does the central venous pressure predict fluid responsiveness?' → no
  [ICL 3] 'Cycloplegic autorefraction in young adults: is it mandatory?' → maybe
  [TEST] 'Vaginal dose assessment in image-guided brachytherapy for cervical cancer: Can w'

--- 0-3-0 | sample 10 | layer 14 ---
  [ICL 1] 'Implementation of epidural analgesia for labor: is the standard of effective ana' → yes
  [ICL 2] 'Mammographic screening in Sami speaking municipalities and a control group. Are ' → yes
  [ICL 3] 'Does short-term treatment with proton pump inhibitors cause rebound aggravation ' → no
  [TEST] 'Does tranexamic acid reduce desmopressin-induced hyperfibrinolysis?'

--- 0-3-0 | sample 11 | layer 14 ---
  [ICL 1] 'Does elective re-siting of intravenous cannulae decrease peripheral thrombophleb' → yes
  [ICL 2] 'Are opioid dependence and methadone maintenance treatment (MMT) documented in th' → maybe
  [ICL 3] 'Scrotal approach to both palpable and impalpable undescended testes: should it b' → yes
  [TEST] 'Vaginal dose assessment in image-guided brachytherapy for cervical cancer: Can w'

--- 0-3-0 | sample 12 | layer 14 ---
  [ICL 1] 'Do mitochondria play a role in remodelling lace plant leaves during programmed c' → yes
  [ICL 2] 'Prescriptions as a proxy for asthma in children: a good choice?' → no
  [ICL 3] 'Did the call for boycott by the Catholic bishops affect the polio vaccination co' → no
  [TEST] 'Are performance measurement systems useful?'

--- 0-3-0 | sample 13 | layer 14 ---
  [ICL 1] 'Does multi-modal cervical physical therapy improve tinnitus in patients with cer' → yes
  [ICL 2] 'An HIV1/2 point of care test on sputum for screening TB/HIV co-infection in Cent' → yes
  [ICL 3] 'Are even impaired fasting blood glucose levels preoperatively associated with in' → yes
  [TEST] 'Do women residents delay childbearing due to perceived career threats?'

--- 0-3-0 | sample 14 | layer 14 ---
  [ICL 1] 'Do African American women require fewer calories to maintain weight?' → no
  [ICL 2] 'An HIV1/2 point of care test on sputum for screening TB/HIV co-infection in Cent' → yes
  [ICL 3] 'Does maternal obesity have an influence on feeding behavior of obese children?' → no
  [TEST] 'PREVALENCE OF THE STREPTOCOCUS AGALACTIAE IN THE PREGNANT WOMAN FROM THE AUTONOM'

--- 0-3-0 | sample 15 | layer 14 ---
  [ICL 1] 'Do some U.S. states have higher/lower injury mortality rates than others?' → yes
  [ICL 2] 'Subclavian steal syndrome: can the blood pressure difference between arms predic' → yes
  [ICL 3] 'Does high-dose radiotherapy benefit palliative lung cancer patients?' → no
  [TEST] 'Is portable ultrasonography accurate in the evaluation of Schanz pin placement d'

--- 0-3-0 | sample 16 | layer 14 ---
  [ICL 1] 'Continuation of pregnancy after antenatal corticosteroid administration: opportu' → maybe
  [ICL 2] 'Traumatic aortic injury: does the anatomy of the aortic arch influence aortic tr' → yes
  [ICL 3] 'Prostatic syndrome and pleural effusion: are they different diseases?' → maybe
  [TEST] 'Does the lipid-lowering peroxisome proliferator-activated receptors ligand bezaf'

--- 0-3-0 | sample 17 | layer 14 ---
  [ICL 1] 'Is specialty care associated with improved survival of patients with congestive ' → yes
  [ICL 2] 'Do microbiological factors account for poor pregnancy outcome among unmarried pr' → yes
  [ICL 3] 'Upstream solutions: does the supplemental security income program reduce disabil' → yes
  [TEST] 'Serum angiotensin-converting enzyme and frequency of severe hypoglycaemia in Typ'

--- 0-3-0 | sample 18 | layer 14 ---
  [ICL 1] 'Does concomitant anterior/apical repair during midurethral sling improve the ove' → no
  [ICL 2] 'Percutaneous ethanol injection for benign cystic thyroid nodules: is aspiration ' → no
  [ICL 3] 'Is the international normalised ratio (INR) reliable?' → maybe
  [TEST] 'Household and food shopping environments: do they play a role in socioeconomic i'

--- 0-3-0 | sample 19 | layer 14 ---
  [ICL 1] 'Juvenile osteochondritis dissecans: is it a growth disturbance of the secondary ' → yes
  [ICL 2] "Does Paget's disease exist in India?" → yes
  [ICL 3] 'Does a family meetings intervention prevent depression and anxiety in family car' → no
  [TEST] 'Does a febrile reaction to platelets predispose recipients to red blood cell all'

--- 0-0-3 | sample 0 | layer 14 ---
  [ICL 1] 'I have a rash on my legs that is giving me a lot of pain. There appears to be a ' → 22
  [ICL 2] "I have red, itchy bumps all over my body. They're especially bad on my arms and " → 5
  [ICL 3] 'I have been feeling a lot of pain in my legs lately. It feels like a cramp and i' → 22
  [TEST] 'I have been having a lot of problems with my skin. It is constantly peeling and '

--- 0-0-3 | sample 1 | layer 14 ---
  [ICL 1] "My skin has been acting up recently, it's been itchy and I've been getting rashe" → 10
  [ICL 2] 'I have been experiencing abdominal pain for a few days now. It is really painful' → 20
  [ICL 3] 'I have a rash on my skin that is itchy and uncomfortable. There are also some od' → 10
  [TEST] "I have red, irritated skin on my arms, face, and back. It's often itchy and unco"

--- 0-0-3 | sample 2 | layer 14 ---
  [ICL 1] "I've been having chills, fatigue, and a cough for a few days. I've also been swe" → 18
  [ICL 2] "I've been having trouble breathing, and I've been coughing a lot. I've been coug" → 3
  [ICL 3] 'I have a lot of nausea and chest pain. My chest has been hurting for a while now' → 9
  [TEST] "I have to go to the bathroom a lot, but when I get there, I can't seem to empty "

--- 0-0-3 | sample 3 | layer 14 ---
  [ICL 1] "I have these large, bulging veins on my legs that are really painful. They're re" → 22
  [ICL 2] "I've been feeling really sick lately. I've been having a lot of nausea and I fee" → 5
  [ICL 3] "I've been having diarrhea and constipation, which is really bothering me. I have" → 20
  [TEST] 'I have a hard time concentrating and my emotions are all over the place. I feel '

--- 0-0-3 | sample 4 | layer 14 ---
  [ICL 1] "I've gained a lot of weight and am currently quite fat. I have many inclinations" → 9
  [ICL 2] "I've been feeling really sick lately. I've been itchy and throwing up, and I've " → 14
  [ICL 3] "I have rashes that sometimes cause my skin to flake off. I'm more likely to get " → 9
  [TEST] 'I have a hard time concentrating and my emotions are all over the place. I feel '

--- 0-0-3 | sample 5 | layer 14 ---
  [ICL 1] "I have blood in my urine and a low-grade fever. I've also been having headaches " → 21
  [ICL 2] 'I have rashes and skin irritations especially in the folds of my skin. My cuts a' → 8
  [ICL 3] 'I have swelling in my legs and it is causing me to have difficulty fitting into ' → 22
  [TEST] 'I have a pretty irritating itch all over my body, and my skin also has a few red'

--- 0-0-3 | sample 6 | layer 14 ---
  [ICL 1] "I have trouble breathing, especially when I'm outside. I start to feel hot and s" → 8
  [ICL 2] "I've been feeling really sick and tired. I've lost weight and have a fever. My u" → 14
  [ICL 3] 'I have been having rashes on my skin for a while now. They are not healing and a' → 19
  [TEST] "I've been experiencing stiffness and weakness in my neck muscles recently. I've "

--- 0-0-3 | sample 7 | layer 14 ---
  [ICL 1] "I've been feeling really tired and weak, and I can't seem to get enough sleep. I" → 7
  [ICL 2] 'I have a rash all over my body that is really itchy. I also have some bumps that' → 10
  [ICL 3] "I've been having trouble concentrating and focusing. I've also been experiencing" → 12
  [TEST] "I have a rash that sometimes causes my skin to peel off. I'm more susceptible to"

--- 0-0-3 | sample 8 | layer 14 ---
  [ICL 1] "I've been having a lot of pain in my joints and my neck has been really tight. I" → 2
  [ICL 2] 'I have a sour taste in my mouth. I burp and belch a lot. I have pressure or full' → 17
  [ICL 3] "My muscles are weak and I have back pain. I've been feeling lightheaded and dizz" → 4
  [TEST] 'I have a hard time concentrating and my emotions are all over the place. I feel '

--- 0-0-3 | sample 9 | layer 14 ---
  [ICL 1] "I've been feeling really tired lately and have had this cough for a few days. It" → 3
  [ICL 2] "I have a fever and I can't breathe through my nose or mouth. I'm tired and I've " → 3
  [ICL 3] 'I have a lot of pain in my legs, especially when I stand or walk for a long time' → 22
  [TEST] 'I have been feeling really sick lately. I have been having chills and fever, and'

--- 0-0-3 | sample 10 | layer 14 ---
  [ICL 1] "I've been vomiting and having diarrhea for a few days. I've also been having a f" → 20
  [ICL 2] "I've been having trouble breathing lately. I've been coughing a lot, and my ches" → 3
  [ICL 3] "I have a lot of pain in my neck and back. I also feel weak and lightheaded. I've" → 4
  [TEST] "I've been experiencing stiffness and weakness in my neck muscles recently. I've "

--- 0-0-3 | sample 11 | layer 14 ---
  [ICL 1] 'I have been experiencing pain and swelling in my legs. The pain is worse when I ' → 22
  [ICL 2] "I'm having trouble breathing, and I have a really high fever. I'm sweating a lot" → 18
  [ICL 3] "I've been feeling really sick for the past few days. I have a fever, I can't cat" → 18
  [TEST] 'I have been feeling really sick lately. I have been having chills and fever, and'

--- 0-0-3 | sample 12 | layer 14 ---
  [ICL 1] 'I have a high fever, chills, nausea, and severe itching. I also have a headache ' → 15
  [ICL 2] 'I have a lot of pain in my legs, especially when I stand for long periods of tim' → 22
  [ICL 3] "I have been feeling really cold, even though it's warm outside. My back hurts an" → 7
  [TEST] "I've been sneezing a lot and I'm really tired. My throat hurts and I have a lot "

--- 0-0-3 | sample 13 | layer 14 ---
  [ICL 1] 'I have been feeling very thirsty and hungry lately. I also feel very tired at ti' → 8
  [ICL 2] "I'm experiencing a high fever, chills, nausea, and severe itching. I also have a" → 15
  [ICL 3] 'I feel weak and my lymph nodes are swollen. My eyes burn and my throat hurts. My' → 6
  [TEST] 'I have been feeling very tired and weak. I have also been vomiting and have deve'

--- 0-0-3 | sample 14 | layer 14 ---
  [ICL 1] "I have a fever, headache, and swollen lymph nodes. I feel weak and fatigued. I'm" → 5
  [ICL 2] 'I have a constant hunger and appetite. Sometimes my stomach will cramp and spasm' → 17
  [ICL 3] 'I have been having a lot of skin problems lately. I have red, scaly patches on m' → 19
  [TEST] 'I have a stomach ache and I am feeling feverish. I also have chills and a headac'

--- 0-0-3 | sample 15 | layer 14 ---
  [ICL 1] "I've had a high fever, vomiting, chills, and intense itching. I also have a head" → 15
  [ICL 2] 'I have mood swings and have trouble concentrating. My mind feels hazy and foggy ' → 8
  [ICL 3] 'I have a rash on my skin that is itchy and uncomfortable. I have also noticed sm' → 19
  [TEST] 'I have a skin rash that gets worse in the winter when the air is dry. I have to '

--- 0-0-3 | sample 16 | layer 14 ---
  [ICL 1] "I have to pee a lot, and it's hard to hold it in. I feel dizzy and confused. I c" → 8
  [ICL 2] 'I have been feeling dizzy and lightheaded, and I have also had trouble keeping m' → 12
  [ICL 3] 'I feel tired all the time, and my throat feels tingly. I also have dry, flaky sk' → 1
  [TEST] "I've been feeling really sick and I have a rash all over my body. I'm worried ab"

--- 0-0-3 | sample 17 | layer 14 ---
  [ICL 1] "I'm always tired, my taste is off, and my throat is really scratchy. I also have" → 1
  [ICL 2] "I've gained a lot of weight and am currently quite fat. I have many inclinations" → 9
  [ICL 3] 'I have a rash on my back and chest, and my entire body itches. My skin may be dr' → 9
  [TEST] 'I have been having a headache for the past week. It started out as a dull ache, '

--- 0-0-3 | sample 18 | layer 14 ---
  [ICL 1] "I've been experiencing a lot of itching, chills, vomiting, and a fever. I also h" → 15
  [ICL 2] "I have a rash on my face and it's really painful. There are little blisters arou" → 13
  [ICL 3] 'I have had diarrhea for a few days now. It is very watery and smells bad. I also' → 20
  [TEST] "I've been feeling really sick lately. I've been throwing up and I'm itchy all ov"

--- 0-0-3 | sample 19 | layer 14 ---
  [ICL 1] "I've been feeling really sick lately. I've been getting chills and I'm always ti" → 18
  [ICL 2] "I've been having a runny nose and a sore throat for a few days now. I also feel " → 6
  [ICL 3] "I have a rash all over my body, and it's really itchy. I have some bumps that ar" → 10
  [TEST] "I have to go to the bathroom a lot, but when I get there, I can't seem to empty "

--- 1-1-1 | sample 0 | layer 14 ---
  [ICL 1] 'The differential diagnosis of micro-angiopathic anemia includes all Except:' → C
  [ICL 2] "I have red, itchy bumps all over my body. They're especially bad on my arms and " → 5
  [ICL 3] 'Can infundibular height predict the clearance of lower pole calyceal stone after' → yes
  [TEST] 'Coarse tremors of tongue is seen in all except:'

--- 1-1-1 | sample 1 | layer 14 ---
  [ICL 1] 'I have rashes and skin irritations especially in the folds of my skin. My cuts a' → 8
  [ICL 2] 'Is fetal gender associated with emergency department visits for asthma during pr' → no
  [ICL 3] 'Floating water lilly sign on chest x-ray is characteristic of-' → A
  [TEST] "Are the GFRUP's recommendations for withholding or withdrawing treatments in cri"

--- 1-1-1 | sample 2 | layer 14 ---
  [ICL 1] "I've been having chills, fatigue, and a cough for a few days. I've also been swe" → 18
  [ICL 2] 'Is double-balloon enteroscopy an accurate method to diagnose small-bowel disorde' → yes
  [ICL 3] 'Anticipation phenomenon is seen in' → D
  [TEST] "I have to go to the bathroom a lot, but when I get there, I can't seem to empty "

--- 1-1-1 | sample 3 | layer 14 ---
  [ICL 1] 'All are useful for management of severe Clostridium difficle treatment except -' → B
  [ICL 2] "I've been feeling really sick lately. I've been having a lot of nausea and I fee" → 5
  [ICL 3] "Can ki-67 play a role in prediction of breast cancer patients' response to neoad" → yes
  [TEST] "Which of the following is not true about the salivary gland output in Sjogren's "

--- 1-1-1 | sample 4 | layer 14 ---
  [ICL 1] 'Alkaline phosphatase is found in all organs,except -a) Boneb) Heartc) Placentad)' → B
  [ICL 2] "I've been feeling really sick lately. I've been itchy and throwing up, and I've " → 14
  [ICL 3] 'Does menopausal transition affect the quality of life?' → no
  [TEST] 'Do nontriploid partial hydatidiform moles exist?'

--- 1-1-1 | sample 5 | layer 14 ---
  [ICL 1] 'Acute hepatitis C in Israel: a predominantly iatrogenic disease?' → yes
  [ICL 2] 'All the following are used for treatment of chronic Hepatitis B except?' → C
  [ICL 3] 'I have been experiencing pain in my legs, especially when I exercise. The veins ' → 22
  [TEST] 'I have a pretty irritating itch all over my body, and my skin also has a few red'

--- 1-1-1 | sample 6 | layer 14 ---
  [ICL 1] 'I have a burning pain in my stomach that comes and goes. I also have a lot of ga' → 17
  [ICL 2] "Not seen in cushing's syndrome: March 2009" → D
  [ICL 3] 'Has the prevalence of health care services use increased over the last decade (2' → yes
  [TEST] 'Which of the following disease cause damage of vertebral body & intervertebral s'

--- 1-1-1 | sample 7 | layer 14 ---
  [ICL 1] 'Does cognitive function predict frequency compressed speech recognition in liste' → no
  [ICL 2] 'I have a rash all over my body that is really itchy. I also have some bumps that' → 10
  [ICL 3] 'Immume complex mediated gloomerular damage is seen in all except -' → B
  [TEST] 'Xanthogranulomatous cholecystitis: a premalignant condition?'

--- 1-1-1 | sample 8 | layer 14 ---
  [ICL 1] 'Is low birth weight a risk indicator for congenital cytomegalovirus infection?' → no
  [ICL 2] 'I have a sour taste in my mouth. I burp and belch a lot. I have pressure or full' → 17
  [ICL 3] 'A 38 year old male presents to OPD with history of progressive sholess of breath' → B
  [TEST] 'I have a hard time concentrating and my emotions are all over the place. I feel '

--- 1-1-1 | sample 9 | layer 14 ---
  [ICL 1] 'Does ethnicity affect where people with cancer die?' → yes
  [ICL 2] "I have a fever and I can't breathe through my nose or mouth. I'm tired and I've " → 3
  [ICL 3] 'Peripheral resistance of arteries measures:' → B
  [TEST] 'Myocardial infarction; signs are all except'

--- 1-1-1 | sample 10 | layer 14 ---
  [ICL 1] 'Implementation of epidural analgesia for labor: is the standard of effective ana' → yes
  [ICL 2] 'Indications for use of cyclophosphamide in SLE is' → C
  [ICL 3] "I have a lot of pain in my neck and back. I also feel weak and lightheaded. I've" → 4
  [TEST] 'Does tranexamic acid reduce desmopressin-induced hyperfibrinolysis?'

--- 1-1-1 | sample 11 | layer 14 ---
  [ICL 1] 'Does elective re-siting of intravenous cannulae decrease peripheral thrombophleb' → yes
  [ICL 2] 'Which laboratory determinations would be most helpful in distinguishing iron def' → D
  [ICL 3] "I've been having a strange odor in my urine, it's been red or black, and both. M" → 21
  [TEST] 'I have been feeling really sick lately. I have been having chills and fever, and'

--- 1-1-1 | sample 12 | layer 14 ---
  [ICL 1] 'In hypokalaemia all ECG changes are seen except' → B
  [ICL 2] 'Prescriptions as a proxy for asthma in children: a good choice?' → no
  [ICL 3] "I have been feeling really cold, even though it's warm outside. My back hurts an" → 7
  [TEST] 'Features of cardiac rest pain are all, except'

--- 1-1-1 | sample 13 | layer 14 ---
  [ICL 1] 'Does multi-modal cervical physical therapy improve tinnitus in patients with cer' → yes
  [ICL 2] "I've been having headaches and chest pain for a while now, and it's been getting" → 12
  [ICL 3] 'Sentinel surveillance is done for: September 2003' → A
  [TEST] 'Do women residents delay childbearing due to perceived career threats?'

--- 1-1-1 | sample 14 | layer 14 ---
  [ICL 1] "I have these red and bumpy spots on my skin that are itchy. They're also a diffe" → 10
  [ICL 2] 'An HIV1/2 point of care test on sputum for screening TB/HIV co-infection in Cent' → yes
  [ICL 3] '42 yrs old man presented with dizziness on standing,SBP falls by 50 mm Hg and HR' → C
  [TEST] 'I have a stomach ache and I am feeling feverish. I also have chills and a headac'

--- 1-1-1 | sample 15 | layer 14 ---
  [ICL 1] 'Do some U.S. states have higher/lower injury mortality rates than others?' → yes
  [ICL 2] 'I have mood swings and have trouble concentrating. My mind feels hazy and foggy ' → 8
  [ICL 3] 'Which of the following is selective myosin activator?' → B
  [TEST] 'Calculate the base deficit in a patient of weight 75 kg with a pH = 6.96, pCO2 ='

--- 1-1-1 | sample 16 | layer 14 ---
  [ICL 1] "I have to pee a lot, and it's hard to hold it in. I feel dizzy and confused. I c" → 8
  [ICL 2] 'Pancytopenia with cellular marrow is seen in all except -' → D
  [ICL 3] 'Prostatic syndrome and pleural effusion: are they different diseases?' → maybe
  [TEST] 'Does the lipid-lowering peroxisome proliferator-activated receptors ligand bezaf'

--- 1-1-1 | sample 17 | layer 14 ---
  [ICL 1] 'I have a lot of heartburn and acid reflux. I also feel sick after eating and som' → 11
  [ICL 2] 'The following is a marker of acute hepatitis B infection -' → A
  [ICL 3] 'Upstream solutions: does the supplemental security income program reduce disabil' → yes
  [TEST] 'I have been having a headache for the past week. It started out as a dull ache, '

--- 1-1-1 | sample 18 | layer 14 ---
  [ICL 1] "I've been experiencing a lot of itching, chills, vomiting, and a fever. I also h" → 15
  [ICL 2] 'All of the following statements about mitral valve prolapse are true except:' → B
  [ICL 3] 'Is the international normalised ratio (INR) reliable?' → maybe
  [TEST] 'Valvular lesion most often resulting from myocardial infarction is:'

--- 1-1-1 | sample 19 | layer 14 ---
  [ICL 1] 'I have noticed that my legs are swollen and the blood vessels are visible. I hav' → 22
  [ICL 2] "Does Paget's disease exist in India?" → yes
  [ICL 3] 'A 45-year-old woman has developed increasing SOB on exertion and fatigue. She ha' → B
  [TEST] 'Does a febrile reaction to platelets predispose recipients to red blood cell all'


======================================================================
EXPERIMENT : sweep_layers (format_tasks) — layer 20
TIME       : 2026-05-15 10:39:54
======================================================================

--- 3-0-0 | sample 0 | layer 20 ---
  [ICL 1] 'The differential diagnosis of micro-angiopathic anemia includes all Except:' → C
  [ICL 2] 'An 80 year old female presents with progressive loss of memory, difficulty in re' → A
  [ICL 3] 'Aplastic anemia in sickle cell anemia is due to infection of -' → B
  [TEST] 'Coarse tremors of tongue is seen in all except:'

--- 3-0-0 | sample 1 | layer 20 ---
  [ICL 1] 'A 64-year-old woman is admitted to the hospital with right lobar pneumonia and s' → C
  [ICL 2] 'Floating water lilly sign on chest x-ray is characteristic of-' → A
  [ICL 3] "Which of the following is the established biological therapy for Crohn's disease" → A
  [TEST] 'A 55- year old diabetic patient presents with transient obscuration in vision fo'

--- 3-0-0 | sample 2 | layer 20 ---
  [ICL 1] 'Features of restrictive lung disease is-' → D
  [ICL 2] "Hepatitis B surface antigen in a patient's serum indicates" → B
  [ICL 3] 'Anticipation phenomenon is seen in' → D
  [TEST] 'Which heart sound indicates stiffness of ventricular wall'

--- 3-0-0 | sample 3 | layer 20 ---
  [ICL 1] 'All are useful for management of severe Clostridium difficle treatment except -' → B
  [ICL 2] 'A cardiac patient must be asked to stop one of the following drugs when he is co' → C
  [ICL 3] 'Wide fixed splitting of the second hea sound is typical of-' → A
  [TEST] "Which of the following is not true about the salivary gland output in Sjogren's "

--- 3-0-0 | sample 4 | layer 20 ---
  [ICL 1] 'Alkaline phosphatase is found in all organs,except -a) Boneb) Heartc) Placentad)' → B
  [ICL 2] 'Esophageal adenocarcinoma is predisposed by' → B
  [ICL 3] 'A female patient presents with upper respiratory tract infection. Two days after' → A
  [TEST] "Which of the following is not true about the salivary gland output in Sjogren's "

--- 3-0-0 | sample 5 | layer 20 ---
  [ICL 1] 'Patient presents with fasting sugar as 167mg/dl, skin pigmentation and hypogonad' → C
  [ICL 2] 'All the following are used for treatment of chronic Hepatitis B except?' → C
  [ICL 3] 'Sarcodiosis can be associated with' → A
  [TEST] 'First time causative agent of AIDS was discovered in:'

--- 3-0-0 | sample 6 | layer 20 ---
  [ICL 1] "Which of the following is the established biological therapy for Crohn's disease" → A
  [ICL 2] "Not seen in cushing's syndrome: March 2009" → D
  [ICL 3] 'Occupational exposure which is yet NOT confirmed on causing a lung problem: Marc' → C
  [TEST] 'Which of the following disease cause damage of vertebral body & intervertebral s'

--- 3-0-0 | sample 7 | layer 20 ---
  [ICL 1] '50 year old Dharma is admitted for chest discomfo. A right bundle branch block l' → D
  [ICL 2] 'Which of the following is associated with adult polycystic kidney disease -' → A
  [ICL 3] 'Immume complex mediated gloomerular damage is seen in all except -' → B
  [TEST] 'Lead cause following except'

--- 3-0-0 | sample 8 | layer 20 ---
  [ICL 1] '"Setting Sun" sign is seen in' → A
  [ICL 2] 'Most common inherited peripheral neuropathy is?' → B
  [ICL 3] 'A 38 year old male presents to OPD with history of progressive sholess of breath' → B
  [TEST] "Which of the following is not true about the salivary gland output in Sjogren's "

--- 3-0-0 | sample 9 | layer 20 ---
  [ICL 1] 'Atherosclerosis is inversely proport- ionnal to:' → D
  [ICL 2] 'In hypokalaemia all ECG changes are seen except' → B
  [ICL 3] 'Peripheral resistance of arteries measures:' → B
  [TEST] 'Myocardial infarction; signs are all except'

--- 3-0-0 | sample 10 | layer 20 ---
  [ICL 1] 'Most common cause of pleural effusion in AIDS patients' → A
  [ICL 2] 'Indications for use of cyclophosphamide in SLE is' → C
  [ICL 3] 'All the following are manifestations of CMV infection following Lung transplant ' → D
  [TEST] 'Which of the following disease cause damage of vertebral body & intervertebral s'

--- 3-0-0 | sample 11 | layer 20 ---
  [ICL 1] 'Pulses paradoxus is seen in:' → C
  [ICL 2] 'Which laboratory determinations would be most helpful in distinguishing iron def' → D
  [ICL 3] 'True about polycythemia rubra vera is all except -' → D
  [TEST] 'Myocardial infarction; signs are all except'

--- 3-0-0 | sample 12 | layer 20 ---
  [ICL 1] 'In hypokalaemia all ECG changes are seen except' → B
  [ICL 2] 'Drug for management of hypeension in Phaeochromocytoma' → A
  [ICL 3] 'ECG with ST -elevation low BP. Best line of management is -' → C
  [TEST] 'Features of cardiac rest pain are all, except'

--- 3-0-0 | sample 13 | layer 20 ---
  [ICL 1] 'Regarding medullary sponge kidney-a) Autosomal dominantb) Nephrocalcinosisc) Min' → C
  [ICL 2] 'Sentinel surveillance is done for: September 2003' → A
  [ICL 3] 'Generally speaking, the distal, burning, painful dysesthesias with reduced pinpr' → A
  [TEST] 'Which drug is not given in Wilson disease?'

--- 3-0-0 | sample 14 | layer 20 ---
  [ICL 1] 'All are true regarding GB syndrome, Except -' → C
  [ICL 2] '42 yrs old man presented with dizziness on standing,SBP falls by 50 mm Hg and HR' → C
  [ICL 3] 'A 23-year-old male patient presented with a history of back pain, which is more ' → D
  [TEST] 'Staphylococcus aureus and pneumoniae are responsible for:'

--- 3-0-0 | sample 15 | layer 20 ---
  [ICL 1] 'A 45-year-old woman has developed increasing SOB on exertion and fatigue. She ha' → B
  [ICL 2] 'All of the following are chromosomal breakage syndromes except -' → B
  [ICL 3] 'Which of the following is selective myosin activator?' → B
  [TEST] 'Calculate the base deficit in a patient of weight 75 kg with a pH = 6.96, pCO2 ='

--- 3-0-0 | sample 16 | layer 20 ---
  [ICL 1] 'A raised serum creatinine phosphokinase level in unusual in -' → C
  [ICL 2] 'Pancytopenia with cellular marrow is seen in all except -' → D
  [ICL 3] 'All the following are manifestations of CMV infection following Lung transplant ' → D
  [TEST] 'Facial nerve injury during forceps delivery in labour is due to:'

--- 3-0-0 | sample 17 | layer 20 ---
  [ICL 1] 'Investigation of choice for diagnosing primary hypothyroidism: March 2007, Septe' → C
  [ICL 2] 'The following is a marker of acute hepatitis B infection -' → A
  [ICL 3] 'Alkaline phosphatase is found in all organs,except -a) Boneb) Heartc) Placentad)' → B
  [TEST] 'A 29 yrs old woman with a pregnancy of 17 week has a 10 years old boy with down '

--- 3-0-0 | sample 18 | layer 20 ---
  [ICL 1] 'Right axis deviation is seen in all except' → B
  [ICL 2] 'All of the following statements about mitral valve prolapse are true except:' → B
  [ICL 3] 'Kespar Hauser syndrome is due to' → D
  [TEST] 'Valvular lesion most often resulting from myocardial infarction is:'

--- 3-0-0 | sample 19 | layer 20 ---
  [ICL 1] 'Which of the following is not a cause of cirrhosis?' → C
  [ICL 2] 'Which cranial nerve(s) is/are not involved in "Locked in syndrome"?' → C
  [ICL 3] 'A 45-year-old woman has developed increasing SOB on exertion and fatigue. She ha' → B
  [TEST] 'Which heart sound indicates stiffness of ventricular wall'

--- 0-3-0 | sample 0 | layer 20 ---
  [ICL 1] 'Can infundibular height predict the clearance of lower pole calyceal stone after' → yes
  [ICL 2] 'The clinical significance of bile duct sludge: is it different from bile duct st' → no
  [ICL 3] 'Is pelvic pain associated with defecatory symptoms in women with pelvic organ pr' → yes
  [TEST] 'Does preoperative anemia adversely affect colon and rectal surgery outcomes?'

--- 0-3-0 | sample 1 | layer 20 ---
  [ICL 1] 'The colour of pain: can patients use colour to describe osteoarthritis pain?' → yes
  [ICL 2] 'Is fetal gender associated with emergency department visits for asthma during pr' → no
  [ICL 3] 'Is the atopy patch test with house dust mites specific for atopic dermatitis?' → yes
  [TEST] "Are the GFRUP's recommendations for withholding or withdrawing treatments in cri"

--- 0-3-0 | sample 2 | layer 20 ---
  [ICL 1] 'Can magnetic resonance-ultrasound fusion biopsy improve cancer detection in enla' → yes
  [ICL 2] 'Is double-balloon enteroscopy an accurate method to diagnose small-bowel disorde' → yes
  [ICL 3] 'Does gestational age misclassification explain the difference in birthweights fo' → no
  [TEST] 'Does a febrile reaction to platelets predispose recipients to red blood cell all'

--- 0-3-0 | sample 3 | layer 20 ---
  [ICL 1] 'Are head and neck specific quality of life measures necessary?' → yes
  [ICL 2] 'Does prior benign prostate biopsy predict outcome for patients treated with radi' → yes
  [ICL 3] "Can ki-67 play a role in prediction of breast cancer patients' response to neoad" → yes
  [TEST] 'Do nontriploid partial hydatidiform moles exist?'

--- 0-3-0 | sample 4 | layer 20 ---
  [ICL 1] 'Transient tachypnea of the newborn (TTN): a role for polymorphisms in the beta-a' → yes
  [ICL 2] 'Upstream solutions: does the supplemental security income program reduce disabil' → yes
  [ICL 3] 'Does menopausal transition affect the quality of life?' → no
  [TEST] 'Do nontriploid partial hydatidiform moles exist?'

--- 0-3-0 | sample 5 | layer 20 ---
  [ICL 1] 'Acute hepatitis C in Israel: a predominantly iatrogenic disease?' → yes
  [ICL 2] 'The colour of pain: can patients use colour to describe osteoarthritis pain?' → yes
  [ICL 3] 'An HIV1/2 point of care test on sputum for screening TB/HIV co-infection in Cent' → yes
  [TEST] 'Advanced epithelial ovarian carcinoma in Thai women: should we continue to offer'

--- 0-3-0 | sample 6 | layer 20 ---
  [ICL 1] 'Has the prevalence of health care services use increased over the last decade (2' → yes
  [ICL 2] 'Does telmisartan prevent hepatic fibrosis in rats with alloxan-induced diabetes?' → yes
  [ICL 3] 'Is amoxapine an atypical antipsychotic?' → yes
  [TEST] 'Does tranexamic acid reduce desmopressin-induced hyperfibrinolysis?'

--- 0-3-0 | sample 7 | layer 20 ---
  [ICL 1] 'Does cognitive function predict frequency compressed speech recognition in liste' → no
  [ICL 2] 'Is there a relationship between homocysteine and vitiligo?' → yes
  [ICL 3] 'Do women with ovaries of polycystic morphology without any other features of PCO' → no
  [TEST] 'Xanthogranulomatous cholecystitis: a premalignant condition?'

--- 0-3-0 | sample 8 | layer 20 ---
  [ICL 1] 'Is low birth weight a risk indicator for congenital cytomegalovirus infection?' → no
  [ICL 2] 'Steroids in aminoglycoside-containing ear drops: do they reduce cochlear toxicit' → yes
  [ICL 3] 'Do approved doctors and medical referees in the UK agree when assessing a seafar' → no
  [TEST] 'Do nontriploid partial hydatidiform moles exist?'

--- 0-3-0 | sample 9 | layer 20 ---
  [ICL 1] 'Does ethnicity affect where people with cancer die?' → yes
  [ICL 2] 'Does the central venous pressure predict fluid responsiveness?' → no
  [ICL 3] 'Cycloplegic autorefraction in young adults: is it mandatory?' → maybe
  [TEST] 'Vaginal dose assessment in image-guided brachytherapy for cervical cancer: Can w'

--- 0-3-0 | sample 10 | layer 20 ---
  [ICL 1] 'Implementation of epidural analgesia for labor: is the standard of effective ana' → yes
  [ICL 2] 'Mammographic screening in Sami speaking municipalities and a control group. Are ' → yes
  [ICL 3] 'Does short-term treatment with proton pump inhibitors cause rebound aggravation ' → no
  [TEST] 'Does tranexamic acid reduce desmopressin-induced hyperfibrinolysis?'

--- 0-3-0 | sample 11 | layer 20 ---
  [ICL 1] 'Does elective re-siting of intravenous cannulae decrease peripheral thrombophleb' → yes
  [ICL 2] 'Are opioid dependence and methadone maintenance treatment (MMT) documented in th' → maybe
  [ICL 3] 'Scrotal approach to both palpable and impalpable undescended testes: should it b' → yes
  [TEST] 'Vaginal dose assessment in image-guided brachytherapy for cervical cancer: Can w'

--- 0-3-0 | sample 12 | layer 20 ---
  [ICL 1] 'Do mitochondria play a role in remodelling lace plant leaves during programmed c' → yes
  [ICL 2] 'Prescriptions as a proxy for asthma in children: a good choice?' → no
  [ICL 3] 'Did the call for boycott by the Catholic bishops affect the polio vaccination co' → no
  [TEST] 'Are performance measurement systems useful?'

--- 0-3-0 | sample 13 | layer 20 ---
  [ICL 1] 'Does multi-modal cervical physical therapy improve tinnitus in patients with cer' → yes
  [ICL 2] 'An HIV1/2 point of care test on sputum for screening TB/HIV co-infection in Cent' → yes
  [ICL 3] 'Are even impaired fasting blood glucose levels preoperatively associated with in' → yes
  [TEST] 'Do women residents delay childbearing due to perceived career threats?'

--- 0-3-0 | sample 14 | layer 20 ---
  [ICL 1] 'Do African American women require fewer calories to maintain weight?' → no
  [ICL 2] 'An HIV1/2 point of care test on sputum for screening TB/HIV co-infection in Cent' → yes
  [ICL 3] 'Does maternal obesity have an influence on feeding behavior of obese children?' → no
  [TEST] 'PREVALENCE OF THE STREPTOCOCUS AGALACTIAE IN THE PREGNANT WOMAN FROM THE AUTONOM'

--- 0-3-0 | sample 15 | layer 20 ---
  [ICL 1] 'Do some U.S. states have higher/lower injury mortality rates than others?' → yes
  [ICL 2] 'Subclavian steal syndrome: can the blood pressure difference between arms predic' → yes
  [ICL 3] 'Does high-dose radiotherapy benefit palliative lung cancer patients?' → no
  [TEST] 'Is portable ultrasonography accurate in the evaluation of Schanz pin placement d'

--- 0-3-0 | sample 16 | layer 20 ---
  [ICL 1] 'Continuation of pregnancy after antenatal corticosteroid administration: opportu' → maybe
  [ICL 2] 'Traumatic aortic injury: does the anatomy of the aortic arch influence aortic tr' → yes
  [ICL 3] 'Prostatic syndrome and pleural effusion: are they different diseases?' → maybe
  [TEST] 'Does the lipid-lowering peroxisome proliferator-activated receptors ligand bezaf'

--- 0-3-0 | sample 17 | layer 20 ---
  [ICL 1] 'Is specialty care associated with improved survival of patients with congestive ' → yes
  [ICL 2] 'Do microbiological factors account for poor pregnancy outcome among unmarried pr' → yes
  [ICL 3] 'Upstream solutions: does the supplemental security income program reduce disabil' → yes
  [TEST] 'Serum angiotensin-converting enzyme and frequency of severe hypoglycaemia in Typ'

--- 0-3-0 | sample 18 | layer 20 ---
  [ICL 1] 'Does concomitant anterior/apical repair during midurethral sling improve the ove' → no
  [ICL 2] 'Percutaneous ethanol injection for benign cystic thyroid nodules: is aspiration ' → no
  [ICL 3] 'Is the international normalised ratio (INR) reliable?' → maybe
  [TEST] 'Household and food shopping environments: do they play a role in socioeconomic i'

--- 0-3-0 | sample 19 | layer 20 ---
  [ICL 1] 'Juvenile osteochondritis dissecans: is it a growth disturbance of the secondary ' → yes
  [ICL 2] "Does Paget's disease exist in India?" → yes
  [ICL 3] 'Does a family meetings intervention prevent depression and anxiety in family car' → no
  [TEST] 'Does a febrile reaction to platelets predispose recipients to red blood cell all'

--- 0-0-3 | sample 0 | layer 20 ---
  [ICL 1] 'I have a rash on my legs that is giving me a lot of pain. There appears to be a ' → 22
  [ICL 2] "I have red, itchy bumps all over my body. They're especially bad on my arms and " → 5
  [ICL 3] 'I have been feeling a lot of pain in my legs lately. It feels like a cramp and i' → 22
  [TEST] 'I have been having a lot of problems with my skin. It is constantly peeling and '

--- 0-0-3 | sample 1 | layer 20 ---
  [ICL 1] "My skin has been acting up recently, it's been itchy and I've been getting rashe" → 10
  [ICL 2] 'I have been experiencing abdominal pain for a few days now. It is really painful' → 20
  [ICL 3] 'I have a rash on my skin that is itchy and uncomfortable. There are also some od' → 10
  [TEST] "I have red, irritated skin on my arms, face, and back. It's often itchy and unco"

--- 0-0-3 | sample 2 | layer 20 ---
  [ICL 1] "I've been having chills, fatigue, and a cough for a few days. I've also been swe" → 18
  [ICL 2] "I've been having trouble breathing, and I've been coughing a lot. I've been coug" → 3
  [ICL 3] 'I have a lot of nausea and chest pain. My chest has been hurting for a while now' → 9
  [TEST] "I have to go to the bathroom a lot, but when I get there, I can't seem to empty "

--- 0-0-3 | sample 3 | layer 20 ---
  [ICL 1] "I have these large, bulging veins on my legs that are really painful. They're re" → 22
  [ICL 2] "I've been feeling really sick lately. I've been having a lot of nausea and I fee" → 5
  [ICL 3] "I've been having diarrhea and constipation, which is really bothering me. I have" → 20
  [TEST] 'I have a hard time concentrating and my emotions are all over the place. I feel '

--- 0-0-3 | sample 4 | layer 20 ---
  [ICL 1] "I've gained a lot of weight and am currently quite fat. I have many inclinations" → 9
  [ICL 2] "I've been feeling really sick lately. I've been itchy and throwing up, and I've " → 14
  [ICL 3] "I have rashes that sometimes cause my skin to flake off. I'm more likely to get " → 9
  [TEST] 'I have a hard time concentrating and my emotions are all over the place. I feel '

--- 0-0-3 | sample 5 | layer 20 ---
  [ICL 1] "I have blood in my urine and a low-grade fever. I've also been having headaches " → 21
  [ICL 2] 'I have rashes and skin irritations especially in the folds of my skin. My cuts a' → 8
  [ICL 3] 'I have swelling in my legs and it is causing me to have difficulty fitting into ' → 22
  [TEST] 'I have a pretty irritating itch all over my body, and my skin also has a few red'

--- 0-0-3 | sample 6 | layer 20 ---
  [ICL 1] "I have trouble breathing, especially when I'm outside. I start to feel hot and s" → 8
  [ICL 2] "I've been feeling really sick and tired. I've lost weight and have a fever. My u" → 14
  [ICL 3] 'I have been having rashes on my skin for a while now. They are not healing and a' → 19
  [TEST] "I've been experiencing stiffness and weakness in my neck muscles recently. I've "

--- 0-0-3 | sample 7 | layer 20 ---
  [ICL 1] "I've been feeling really tired and weak, and I can't seem to get enough sleep. I" → 7
  [ICL 2] 'I have a rash all over my body that is really itchy. I also have some bumps that' → 10
  [ICL 3] "I've been having trouble concentrating and focusing. I've also been experiencing" → 12
  [TEST] "I have a rash that sometimes causes my skin to peel off. I'm more susceptible to"

--- 0-0-3 | sample 8 | layer 20 ---
  [ICL 1] "I've been having a lot of pain in my joints and my neck has been really tight. I" → 2
  [ICL 2] 'I have a sour taste in my mouth. I burp and belch a lot. I have pressure or full' → 17
  [ICL 3] "My muscles are weak and I have back pain. I've been feeling lightheaded and dizz" → 4
  [TEST] 'I have a hard time concentrating and my emotions are all over the place. I feel '

--- 0-0-3 | sample 9 | layer 20 ---
  [ICL 1] "I've been feeling really tired lately and have had this cough for a few days. It" → 3
  [ICL 2] "I have a fever and I can't breathe through my nose or mouth. I'm tired and I've " → 3
  [ICL 3] 'I have a lot of pain in my legs, especially when I stand or walk for a long time' → 22
  [TEST] 'I have been feeling really sick lately. I have been having chills and fever, and'

--- 0-0-3 | sample 10 | layer 20 ---
  [ICL 1] "I've been vomiting and having diarrhea for a few days. I've also been having a f" → 20
  [ICL 2] "I've been having trouble breathing lately. I've been coughing a lot, and my ches" → 3
  [ICL 3] "I have a lot of pain in my neck and back. I also feel weak and lightheaded. I've" → 4
  [TEST] "I've been experiencing stiffness and weakness in my neck muscles recently. I've "

--- 0-0-3 | sample 11 | layer 20 ---
  [ICL 1] 'I have been experiencing pain and swelling in my legs. The pain is worse when I ' → 22
  [ICL 2] "I'm having trouble breathing, and I have a really high fever. I'm sweating a lot" → 18
  [ICL 3] "I've been feeling really sick for the past few days. I have a fever, I can't cat" → 18
  [TEST] 'I have been feeling really sick lately. I have been having chills and fever, and'

--- 0-0-3 | sample 12 | layer 20 ---
  [ICL 1] 'I have a high fever, chills, nausea, and severe itching. I also have a headache ' → 15
  [ICL 2] 'I have a lot of pain in my legs, especially when I stand for long periods of tim' → 22
  [ICL 3] "I have been feeling really cold, even though it's warm outside. My back hurts an" → 7
  [TEST] "I've been sneezing a lot and I'm really tired. My throat hurts and I have a lot "

--- 0-0-3 | sample 13 | layer 20 ---
  [ICL 1] 'I have been feeling very thirsty and hungry lately. I also feel very tired at ti' → 8
  [ICL 2] "I'm experiencing a high fever, chills, nausea, and severe itching. I also have a" → 15
  [ICL 3] 'I feel weak and my lymph nodes are swollen. My eyes burn and my throat hurts. My' → 6
  [TEST] 'I have been feeling very tired and weak. I have also been vomiting and have deve'

--- 0-0-3 | sample 14 | layer 20 ---
  [ICL 1] "I have a fever, headache, and swollen lymph nodes. I feel weak and fatigued. I'm" → 5
  [ICL 2] 'I have a constant hunger and appetite. Sometimes my stomach will cramp and spasm' → 17
  [ICL 3] 'I have been having a lot of skin problems lately. I have red, scaly patches on m' → 19
  [TEST] 'I have a stomach ache and I am feeling feverish. I also have chills and a headac'

--- 0-0-3 | sample 15 | layer 20 ---
  [ICL 1] "I've had a high fever, vomiting, chills, and intense itching. I also have a head" → 15
  [ICL 2] 'I have mood swings and have trouble concentrating. My mind feels hazy and foggy ' → 8
  [ICL 3] 'I have a rash on my skin that is itchy and uncomfortable. I have also noticed sm' → 19
  [TEST] 'I have a skin rash that gets worse in the winter when the air is dry. I have to '

--- 0-0-3 | sample 16 | layer 20 ---
  [ICL 1] "I have to pee a lot, and it's hard to hold it in. I feel dizzy and confused. I c" → 8
  [ICL 2] 'I have been feeling dizzy and lightheaded, and I have also had trouble keeping m' → 12
  [ICL 3] 'I feel tired all the time, and my throat feels tingly. I also have dry, flaky sk' → 1
  [TEST] "I've been feeling really sick and I have a rash all over my body. I'm worried ab"

--- 0-0-3 | sample 17 | layer 20 ---
  [ICL 1] "I'm always tired, my taste is off, and my throat is really scratchy. I also have" → 1
  [ICL 2] "I've gained a lot of weight and am currently quite fat. I have many inclinations" → 9
  [ICL 3] 'I have a rash on my back and chest, and my entire body itches. My skin may be dr' → 9
  [TEST] 'I have been having a headache for the past week. It started out as a dull ache, '

--- 0-0-3 | sample 18 | layer 20 ---
  [ICL 1] "I've been experiencing a lot of itching, chills, vomiting, and a fever. I also h" → 15
  [ICL 2] "I have a rash on my face and it's really painful. There are little blisters arou" → 13
  [ICL 3] 'I have had diarrhea for a few days now. It is very watery and smells bad. I also' → 20
  [TEST] "I've been feeling really sick lately. I've been throwing up and I'm itchy all ov"

--- 0-0-3 | sample 19 | layer 20 ---
  [ICL 1] "I've been feeling really sick lately. I've been getting chills and I'm always ti" → 18
  [ICL 2] "I've been having a runny nose and a sore throat for a few days now. I also feel " → 6
  [ICL 3] "I have a rash all over my body, and it's really itchy. I have some bumps that ar" → 10
  [TEST] "I have to go to the bathroom a lot, but when I get there, I can't seem to empty "

--- 1-1-1 | sample 0 | layer 20 ---
  [ICL 1] 'The differential diagnosis of micro-angiopathic anemia includes all Except:' → C
  [ICL 2] "I have red, itchy bumps all over my body. They're especially bad on my arms and " → 5
  [ICL 3] 'Can infundibular height predict the clearance of lower pole calyceal stone after' → yes
  [TEST] 'Coarse tremors of tongue is seen in all except:'

--- 1-1-1 | sample 1 | layer 20 ---
  [ICL 1] 'I have rashes and skin irritations especially in the folds of my skin. My cuts a' → 8
  [ICL 2] 'Is fetal gender associated with emergency department visits for asthma during pr' → no
  [ICL 3] 'Floating water lilly sign on chest x-ray is characteristic of-' → A
  [TEST] "Are the GFRUP's recommendations for withholding or withdrawing treatments in cri"

--- 1-1-1 | sample 2 | layer 20 ---
  [ICL 1] "I've been having chills, fatigue, and a cough for a few days. I've also been swe" → 18
  [ICL 2] 'Is double-balloon enteroscopy an accurate method to diagnose small-bowel disorde' → yes
  [ICL 3] 'Anticipation phenomenon is seen in' → D
  [TEST] "I have to go to the bathroom a lot, but when I get there, I can't seem to empty "

--- 1-1-1 | sample 3 | layer 20 ---
  [ICL 1] 'All are useful for management of severe Clostridium difficle treatment except -' → B
  [ICL 2] "I've been feeling really sick lately. I've been having a lot of nausea and I fee" → 5
  [ICL 3] "Can ki-67 play a role in prediction of breast cancer patients' response to neoad" → yes
  [TEST] "Which of the following is not true about the salivary gland output in Sjogren's "

--- 1-1-1 | sample 4 | layer 20 ---
  [ICL 1] 'Alkaline phosphatase is found in all organs,except -a) Boneb) Heartc) Placentad)' → B
  [ICL 2] "I've been feeling really sick lately. I've been itchy and throwing up, and I've " → 14
  [ICL 3] 'Does menopausal transition affect the quality of life?' → no
  [TEST] 'Do nontriploid partial hydatidiform moles exist?'

--- 1-1-1 | sample 5 | layer 20 ---
  [ICL 1] 'Acute hepatitis C in Israel: a predominantly iatrogenic disease?' → yes
  [ICL 2] 'All the following are used for treatment of chronic Hepatitis B except?' → C
  [ICL 3] 'I have been experiencing pain in my legs, especially when I exercise. The veins ' → 22
  [TEST] 'I have a pretty irritating itch all over my body, and my skin also has a few red'

--- 1-1-1 | sample 6 | layer 20 ---
  [ICL 1] 'I have a burning pain in my stomach that comes and goes. I also have a lot of ga' → 17
  [ICL 2] "Not seen in cushing's syndrome: March 2009" → D
  [ICL 3] 'Has the prevalence of health care services use increased over the last decade (2' → yes
  [TEST] 'Which of the following disease cause damage of vertebral body & intervertebral s'

--- 1-1-1 | sample 7 | layer 20 ---
  [ICL 1] 'Does cognitive function predict frequency compressed speech recognition in liste' → no
  [ICL 2] 'I have a rash all over my body that is really itchy. I also have some bumps that' → 10
  [ICL 3] 'Immume complex mediated gloomerular damage is seen in all except -' → B
  [TEST] 'Xanthogranulomatous cholecystitis: a premalignant condition?'

--- 1-1-1 | sample 8 | layer 20 ---
  [ICL 1] 'Is low birth weight a risk indicator for congenital cytomegalovirus infection?' → no
  [ICL 2] 'I have a sour taste in my mouth. I burp and belch a lot. I have pressure or full' → 17
  [ICL 3] 'A 38 year old male presents to OPD with history of progressive sholess of breath' → B
  [TEST] 'I have a hard time concentrating and my emotions are all over the place. I feel '

--- 1-1-1 | sample 9 | layer 20 ---
  [ICL 1] 'Does ethnicity affect where people with cancer die?' → yes
  [ICL 2] "I have a fever and I can't breathe through my nose or mouth. I'm tired and I've " → 3
  [ICL 3] 'Peripheral resistance of arteries measures:' → B
  [TEST] 'Myocardial infarction; signs are all except'

--- 1-1-1 | sample 10 | layer 20 ---
  [ICL 1] 'Implementation of epidural analgesia for labor: is the standard of effective ana' → yes
  [ICL 2] 'Indications for use of cyclophosphamide in SLE is' → C
  [ICL 3] "I have a lot of pain in my neck and back. I also feel weak and lightheaded. I've" → 4
  [TEST] 'Does tranexamic acid reduce desmopressin-induced hyperfibrinolysis?'

--- 1-1-1 | sample 11 | layer 20 ---
  [ICL 1] 'Does elective re-siting of intravenous cannulae decrease peripheral thrombophleb' → yes
  [ICL 2] 'Which laboratory determinations would be most helpful in distinguishing iron def' → D
  [ICL 3] "I've been having a strange odor in my urine, it's been red or black, and both. M" → 21
  [TEST] 'I have been feeling really sick lately. I have been having chills and fever, and'

--- 1-1-1 | sample 12 | layer 20 ---
  [ICL 1] 'In hypokalaemia all ECG changes are seen except' → B
  [ICL 2] 'Prescriptions as a proxy for asthma in children: a good choice?' → no
  [ICL 3] "I have been feeling really cold, even though it's warm outside. My back hurts an" → 7
  [TEST] 'Features of cardiac rest pain are all, except'

--- 1-1-1 | sample 13 | layer 20 ---
  [ICL 1] 'Does multi-modal cervical physical therapy improve tinnitus in patients with cer' → yes
  [ICL 2] "I've been having headaches and chest pain for a while now, and it's been getting" → 12
  [ICL 3] 'Sentinel surveillance is done for: September 2003' → A
  [TEST] 'Do women residents delay childbearing due to perceived career threats?'

--- 1-1-1 | sample 14 | layer 20 ---
  [ICL 1] "I have these red and bumpy spots on my skin that are itchy. They're also a diffe" → 10
  [ICL 2] 'An HIV1/2 point of care test on sputum for screening TB/HIV co-infection in Cent' → yes
  [ICL 3] '42 yrs old man presented with dizziness on standing,SBP falls by 50 mm Hg and HR' → C
  [TEST] 'I have a stomach ache and I am feeling feverish. I also have chills and a headac'

--- 1-1-1 | sample 15 | layer 20 ---
  [ICL 1] 'Do some U.S. states have higher/lower injury mortality rates than others?' → yes
  [ICL 2] 'I have mood swings and have trouble concentrating. My mind feels hazy and foggy ' → 8
  [ICL 3] 'Which of the following is selective myosin activator?' → B
  [TEST] 'Calculate the base deficit in a patient of weight 75 kg with a pH = 6.96, pCO2 ='

--- 1-1-1 | sample 16 | layer 20 ---
  [ICL 1] "I have to pee a lot, and it's hard to hold it in. I feel dizzy and confused. I c" → 8
  [ICL 2] 'Pancytopenia with cellular marrow is seen in all except -' → D
  [ICL 3] 'Prostatic syndrome and pleural effusion: are they different diseases?' → maybe
  [TEST] 'Does the lipid-lowering peroxisome proliferator-activated receptors ligand bezaf'

--- 1-1-1 | sample 17 | layer 20 ---
  [ICL 1] 'I have a lot of heartburn and acid reflux. I also feel sick after eating and som' → 11
  [ICL 2] 'The following is a marker of acute hepatitis B infection -' → A
  [ICL 3] 'Upstream solutions: does the supplemental security income program reduce disabil' → yes
  [TEST] 'I have been having a headache for the past week. It started out as a dull ache, '

--- 1-1-1 | sample 18 | layer 20 ---
  [ICL 1] "I've been experiencing a lot of itching, chills, vomiting, and a fever. I also h" → 15
  [ICL 2] 'All of the following statements about mitral valve prolapse are true except:' → B
  [ICL 3] 'Is the international normalised ratio (INR) reliable?' → maybe
  [TEST] 'Valvular lesion most often resulting from myocardial infarction is:'

--- 1-1-1 | sample 19 | layer 20 ---
  [ICL 1] 'I have noticed that my legs are swollen and the blood vessels are visible. I hav' → 22
  [ICL 2] "Does Paget's disease exist in India?" → yes
  [ICL 3] 'A 45-year-old woman has developed increasing SOB on exertion and fatigue. She ha' → B
  [TEST] 'Does a febrile reaction to platelets predispose recipients to red blood cell all'


======================================================================
EXPERIMENT : sweep_layers (format_tasks) — layer 26
TIME       : 2026-05-15 10:40:59
======================================================================

--- 3-0-0 | sample 0 | layer 26 ---
  [ICL 1] 'The differential diagnosis of micro-angiopathic anemia includes all Except:' → C
  [ICL 2] 'An 80 year old female presents with progressive loss of memory, difficulty in re' → A
  [ICL 3] 'Aplastic anemia in sickle cell anemia is due to infection of -' → B
  [TEST] 'Coarse tremors of tongue is seen in all except:'

--- 3-0-0 | sample 1 | layer 26 ---
  [ICL 1] 'A 64-year-old woman is admitted to the hospital with right lobar pneumonia and s' → C
  [ICL 2] 'Floating water lilly sign on chest x-ray is characteristic of-' → A
  [ICL 3] "Which of the following is the established biological therapy for Crohn's disease" → A
  [TEST] 'A 55- year old diabetic patient presents with transient obscuration in vision fo'

--- 3-0-0 | sample 2 | layer 26 ---
  [ICL 1] 'Features of restrictive lung disease is-' → D
  [ICL 2] "Hepatitis B surface antigen in a patient's serum indicates" → B
  [ICL 3] 'Anticipation phenomenon is seen in' → D
  [TEST] 'Which heart sound indicates stiffness of ventricular wall'

--- 3-0-0 | sample 3 | layer 26 ---
  [ICL 1] 'All are useful for management of severe Clostridium difficle treatment except -' → B
  [ICL 2] 'A cardiac patient must be asked to stop one of the following drugs when he is co' → C
  [ICL 3] 'Wide fixed splitting of the second hea sound is typical of-' → A
  [TEST] "Which of the following is not true about the salivary gland output in Sjogren's "

--- 3-0-0 | sample 4 | layer 26 ---
  [ICL 1] 'Alkaline phosphatase is found in all organs,except -a) Boneb) Heartc) Placentad)' → B
  [ICL 2] 'Esophageal adenocarcinoma is predisposed by' → B
  [ICL 3] 'A female patient presents with upper respiratory tract infection. Two days after' → A
  [TEST] "Which of the following is not true about the salivary gland output in Sjogren's "

--- 3-0-0 | sample 5 | layer 26 ---
  [ICL 1] 'Patient presents with fasting sugar as 167mg/dl, skin pigmentation and hypogonad' → C
  [ICL 2] 'All the following are used for treatment of chronic Hepatitis B except?' → C
  [ICL 3] 'Sarcodiosis can be associated with' → A
  [TEST] 'First time causative agent of AIDS was discovered in:'

--- 3-0-0 | sample 6 | layer 26 ---
  [ICL 1] "Which of the following is the established biological therapy for Crohn's disease" → A
  [ICL 2] "Not seen in cushing's syndrome: March 2009" → D
  [ICL 3] 'Occupational exposure which is yet NOT confirmed on causing a lung problem: Marc' → C
  [TEST] 'Which of the following disease cause damage of vertebral body & intervertebral s'

--- 3-0-0 | sample 7 | layer 26 ---
  [ICL 1] '50 year old Dharma is admitted for chest discomfo. A right bundle branch block l' → D
  [ICL 2] 'Which of the following is associated with adult polycystic kidney disease -' → A
  [ICL 3] 'Immume complex mediated gloomerular damage is seen in all except -' → B
  [TEST] 'Lead cause following except'

--- 3-0-0 | sample 8 | layer 26 ---
  [ICL 1] '"Setting Sun" sign is seen in' → A
  [ICL 2] 'Most common inherited peripheral neuropathy is?' → B
  [ICL 3] 'A 38 year old male presents to OPD with history of progressive sholess of breath' → B
  [TEST] "Which of the following is not true about the salivary gland output in Sjogren's "

--- 3-0-0 | sample 9 | layer 26 ---
  [ICL 1] 'Atherosclerosis is inversely proport- ionnal to:' → D
  [ICL 2] 'In hypokalaemia all ECG changes are seen except' → B
  [ICL 3] 'Peripheral resistance of arteries measures:' → B
  [TEST] 'Myocardial infarction; signs are all except'

--- 3-0-0 | sample 10 | layer 26 ---
  [ICL 1] 'Most common cause of pleural effusion in AIDS patients' → A
  [ICL 2] 'Indications for use of cyclophosphamide in SLE is' → C
  [ICL 3] 'All the following are manifestations of CMV infection following Lung transplant ' → D
  [TEST] 'Which of the following disease cause damage of vertebral body & intervertebral s'

--- 3-0-0 | sample 11 | layer 26 ---
  [ICL 1] 'Pulses paradoxus is seen in:' → C
  [ICL 2] 'Which laboratory determinations would be most helpful in distinguishing iron def' → D
  [ICL 3] 'True about polycythemia rubra vera is all except -' → D
  [TEST] 'Myocardial infarction; signs are all except'

--- 3-0-0 | sample 12 | layer 26 ---
  [ICL 1] 'In hypokalaemia all ECG changes are seen except' → B
  [ICL 2] 'Drug for management of hypeension in Phaeochromocytoma' → A
  [ICL 3] 'ECG with ST -elevation low BP. Best line of management is -' → C
  [TEST] 'Features of cardiac rest pain are all, except'

--- 3-0-0 | sample 13 | layer 26 ---
  [ICL 1] 'Regarding medullary sponge kidney-a) Autosomal dominantb) Nephrocalcinosisc) Min' → C
  [ICL 2] 'Sentinel surveillance is done for: September 2003' → A
  [ICL 3] 'Generally speaking, the distal, burning, painful dysesthesias with reduced pinpr' → A
  [TEST] 'Which drug is not given in Wilson disease?'

--- 3-0-0 | sample 14 | layer 26 ---
  [ICL 1] 'All are true regarding GB syndrome, Except -' → C
  [ICL 2] '42 yrs old man presented with dizziness on standing,SBP falls by 50 mm Hg and HR' → C
  [ICL 3] 'A 23-year-old male patient presented with a history of back pain, which is more ' → D
  [TEST] 'Staphylococcus aureus and pneumoniae are responsible for:'

--- 3-0-0 | sample 15 | layer 26 ---
  [ICL 1] 'A 45-year-old woman has developed increasing SOB on exertion and fatigue. She ha' → B
  [ICL 2] 'All of the following are chromosomal breakage syndromes except -' → B
  [ICL 3] 'Which of the following is selective myosin activator?' → B
  [TEST] 'Calculate the base deficit in a patient of weight 75 kg with a pH = 6.96, pCO2 ='

--- 3-0-0 | sample 16 | layer 26 ---
  [ICL 1] 'A raised serum creatinine phosphokinase level in unusual in -' → C
  [ICL 2] 'Pancytopenia with cellular marrow is seen in all except -' → D
  [ICL 3] 'All the following are manifestations of CMV infection following Lung transplant ' → D
  [TEST] 'Facial nerve injury during forceps delivery in labour is due to:'

--- 3-0-0 | sample 17 | layer 26 ---
  [ICL 1] 'Investigation of choice for diagnosing primary hypothyroidism: March 2007, Septe' → C
  [ICL 2] 'The following is a marker of acute hepatitis B infection -' → A
  [ICL 3] 'Alkaline phosphatase is found in all organs,except -a) Boneb) Heartc) Placentad)' → B
  [TEST] 'A 29 yrs old woman with a pregnancy of 17 week has a 10 years old boy with down '

--- 3-0-0 | sample 18 | layer 26 ---
  [ICL 1] 'Right axis deviation is seen in all except' → B
  [ICL 2] 'All of the following statements about mitral valve prolapse are true except:' → B
  [ICL 3] 'Kespar Hauser syndrome is due to' → D
  [TEST] 'Valvular lesion most often resulting from myocardial infarction is:'

--- 3-0-0 | sample 19 | layer 26 ---
  [ICL 1] 'Which of the following is not a cause of cirrhosis?' → C
  [ICL 2] 'Which cranial nerve(s) is/are not involved in "Locked in syndrome"?' → C
  [ICL 3] 'A 45-year-old woman has developed increasing SOB on exertion and fatigue. She ha' → B
  [TEST] 'Which heart sound indicates stiffness of ventricular wall'

--- 0-3-0 | sample 0 | layer 26 ---
  [ICL 1] 'Can infundibular height predict the clearance of lower pole calyceal stone after' → yes
  [ICL 2] 'The clinical significance of bile duct sludge: is it different from bile duct st' → no
  [ICL 3] 'Is pelvic pain associated with defecatory symptoms in women with pelvic organ pr' → yes
  [TEST] 'Does preoperative anemia adversely affect colon and rectal surgery outcomes?'

--- 0-3-0 | sample 1 | layer 26 ---
  [ICL 1] 'The colour of pain: can patients use colour to describe osteoarthritis pain?' → yes
  [ICL 2] 'Is fetal gender associated with emergency department visits for asthma during pr' → no
  [ICL 3] 'Is the atopy patch test with house dust mites specific for atopic dermatitis?' → yes
  [TEST] "Are the GFRUP's recommendations for withholding or withdrawing treatments in cri"

--- 0-3-0 | sample 2 | layer 26 ---
  [ICL 1] 'Can magnetic resonance-ultrasound fusion biopsy improve cancer detection in enla' → yes
  [ICL 2] 'Is double-balloon enteroscopy an accurate method to diagnose small-bowel disorde' → yes
  [ICL 3] 'Does gestational age misclassification explain the difference in birthweights fo' → no
  [TEST] 'Does a febrile reaction to platelets predispose recipients to red blood cell all'

--- 0-3-0 | sample 3 | layer 26 ---
  [ICL 1] 'Are head and neck specific quality of life measures necessary?' → yes
  [ICL 2] 'Does prior benign prostate biopsy predict outcome for patients treated with radi' → yes
  [ICL 3] "Can ki-67 play a role in prediction of breast cancer patients' response to neoad" → yes
  [TEST] 'Do nontriploid partial hydatidiform moles exist?'

--- 0-3-0 | sample 4 | layer 26 ---
  [ICL 1] 'Transient tachypnea of the newborn (TTN): a role for polymorphisms in the beta-a' → yes
  [ICL 2] 'Upstream solutions: does the supplemental security income program reduce disabil' → yes
  [ICL 3] 'Does menopausal transition affect the quality of life?' → no
  [TEST] 'Do nontriploid partial hydatidiform moles exist?'

--- 0-3-0 | sample 5 | layer 26 ---
  [ICL 1] 'Acute hepatitis C in Israel: a predominantly iatrogenic disease?' → yes
  [ICL 2] 'The colour of pain: can patients use colour to describe osteoarthritis pain?' → yes
  [ICL 3] 'An HIV1/2 point of care test on sputum for screening TB/HIV co-infection in Cent' → yes
  [TEST] 'Advanced epithelial ovarian carcinoma in Thai women: should we continue to offer'

--- 0-3-0 | sample 6 | layer 26 ---
  [ICL 1] 'Has the prevalence of health care services use increased over the last decade (2' → yes
  [ICL 2] 'Does telmisartan prevent hepatic fibrosis in rats with alloxan-induced diabetes?' → yes
  [ICL 3] 'Is amoxapine an atypical antipsychotic?' → yes
  [TEST] 'Does tranexamic acid reduce desmopressin-induced hyperfibrinolysis?'

--- 0-3-0 | sample 7 | layer 26 ---
  [ICL 1] 'Does cognitive function predict frequency compressed speech recognition in liste' → no
  [ICL 2] 'Is there a relationship between homocysteine and vitiligo?' → yes
  [ICL 3] 'Do women with ovaries of polycystic morphology without any other features of PCO' → no
  [TEST] 'Xanthogranulomatous cholecystitis: a premalignant condition?'

--- 0-3-0 | sample 8 | layer 26 ---
  [ICL 1] 'Is low birth weight a risk indicator for congenital cytomegalovirus infection?' → no
  [ICL 2] 'Steroids in aminoglycoside-containing ear drops: do they reduce cochlear toxicit' → yes
  [ICL 3] 'Do approved doctors and medical referees in the UK agree when assessing a seafar' → no
  [TEST] 'Do nontriploid partial hydatidiform moles exist?'

--- 0-3-0 | sample 9 | layer 26 ---
  [ICL 1] 'Does ethnicity affect where people with cancer die?' → yes
  [ICL 2] 'Does the central venous pressure predict fluid responsiveness?' → no
  [ICL 3] 'Cycloplegic autorefraction in young adults: is it mandatory?' → maybe
  [TEST] 'Vaginal dose assessment in image-guided brachytherapy for cervical cancer: Can w'

--- 0-3-0 | sample 10 | layer 26 ---
  [ICL 1] 'Implementation of epidural analgesia for labor: is the standard of effective ana' → yes
  [ICL 2] 'Mammographic screening in Sami speaking municipalities and a control group. Are ' → yes
  [ICL 3] 'Does short-term treatment with proton pump inhibitors cause rebound aggravation ' → no
  [TEST] 'Does tranexamic acid reduce desmopressin-induced hyperfibrinolysis?'

--- 0-3-0 | sample 11 | layer 26 ---
  [ICL 1] 'Does elective re-siting of intravenous cannulae decrease peripheral thrombophleb' → yes
  [ICL 2] 'Are opioid dependence and methadone maintenance treatment (MMT) documented in th' → maybe
  [ICL 3] 'Scrotal approach to both palpable and impalpable undescended testes: should it b' → yes
  [TEST] 'Vaginal dose assessment in image-guided brachytherapy for cervical cancer: Can w'

--- 0-3-0 | sample 12 | layer 26 ---
  [ICL 1] 'Do mitochondria play a role in remodelling lace plant leaves during programmed c' → yes
  [ICL 2] 'Prescriptions as a proxy for asthma in children: a good choice?' → no
  [ICL 3] 'Did the call for boycott by the Catholic bishops affect the polio vaccination co' → no
  [TEST] 'Are performance measurement systems useful?'

--- 0-3-0 | sample 13 | layer 26 ---
  [ICL 1] 'Does multi-modal cervical physical therapy improve tinnitus in patients with cer' → yes
  [ICL 2] 'An HIV1/2 point of care test on sputum for screening TB/HIV co-infection in Cent' → yes
  [ICL 3] 'Are even impaired fasting blood glucose levels preoperatively associated with in' → yes
  [TEST] 'Do women residents delay childbearing due to perceived career threats?'

--- 0-3-0 | sample 14 | layer 26 ---
  [ICL 1] 'Do African American women require fewer calories to maintain weight?' → no
  [ICL 2] 'An HIV1/2 point of care test on sputum for screening TB/HIV co-infection in Cent' → yes
  [ICL 3] 'Does maternal obesity have an influence on feeding behavior of obese children?' → no
  [TEST] 'PREVALENCE OF THE STREPTOCOCUS AGALACTIAE IN THE PREGNANT WOMAN FROM THE AUTONOM'

--- 0-3-0 | sample 15 | layer 26 ---
  [ICL 1] 'Do some U.S. states have higher/lower injury mortality rates than others?' → yes
  [ICL 2] 'Subclavian steal syndrome: can the blood pressure difference between arms predic' → yes
  [ICL 3] 'Does high-dose radiotherapy benefit palliative lung cancer patients?' → no
  [TEST] 'Is portable ultrasonography accurate in the evaluation of Schanz pin placement d'

--- 0-3-0 | sample 16 | layer 26 ---
  [ICL 1] 'Continuation of pregnancy after antenatal corticosteroid administration: opportu' → maybe
  [ICL 2] 'Traumatic aortic injury: does the anatomy of the aortic arch influence aortic tr' → yes
  [ICL 3] 'Prostatic syndrome and pleural effusion: are they different diseases?' → maybe
  [TEST] 'Does the lipid-lowering peroxisome proliferator-activated receptors ligand bezaf'

--- 0-3-0 | sample 17 | layer 26 ---
  [ICL 1] 'Is specialty care associated with improved survival of patients with congestive ' → yes
  [ICL 2] 'Do microbiological factors account for poor pregnancy outcome among unmarried pr' → yes
  [ICL 3] 'Upstream solutions: does the supplemental security income program reduce disabil' → yes
  [TEST] 'Serum angiotensin-converting enzyme and frequency of severe hypoglycaemia in Typ'

--- 0-3-0 | sample 18 | layer 26 ---
  [ICL 1] 'Does concomitant anterior/apical repair during midurethral sling improve the ove' → no
  [ICL 2] 'Percutaneous ethanol injection for benign cystic thyroid nodules: is aspiration ' → no
  [ICL 3] 'Is the international normalised ratio (INR) reliable?' → maybe
  [TEST] 'Household and food shopping environments: do they play a role in socioeconomic i'

--- 0-3-0 | sample 19 | layer 26 ---
  [ICL 1] 'Juvenile osteochondritis dissecans: is it a growth disturbance of the secondary ' → yes
  [ICL 2] "Does Paget's disease exist in India?" → yes
  [ICL 3] 'Does a family meetings intervention prevent depression and anxiety in family car' → no
  [TEST] 'Does a febrile reaction to platelets predispose recipients to red blood cell all'

--- 0-0-3 | sample 0 | layer 26 ---
  [ICL 1] 'I have a rash on my legs that is giving me a lot of pain. There appears to be a ' → 22
  [ICL 2] "I have red, itchy bumps all over my body. They're especially bad on my arms and " → 5
  [ICL 3] 'I have been feeling a lot of pain in my legs lately. It feels like a cramp and i' → 22
  [TEST] 'I have been having a lot of problems with my skin. It is constantly peeling and '

--- 0-0-3 | sample 1 | layer 26 ---
  [ICL 1] "My skin has been acting up recently, it's been itchy and I've been getting rashe" → 10
  [ICL 2] 'I have been experiencing abdominal pain for a few days now. It is really painful' → 20
  [ICL 3] 'I have a rash on my skin that is itchy and uncomfortable. There are also some od' → 10
  [TEST] "I have red, irritated skin on my arms, face, and back. It's often itchy and unco"

--- 0-0-3 | sample 2 | layer 26 ---
  [ICL 1] "I've been having chills, fatigue, and a cough for a few days. I've also been swe" → 18
  [ICL 2] "I've been having trouble breathing, and I've been coughing a lot. I've been coug" → 3
  [ICL 3] 'I have a lot of nausea and chest pain. My chest has been hurting for a while now' → 9
  [TEST] "I have to go to the bathroom a lot, but when I get there, I can't seem to empty "

--- 0-0-3 | sample 3 | layer 26 ---
  [ICL 1] "I have these large, bulging veins on my legs that are really painful. They're re" → 22
  [ICL 2] "I've been feeling really sick lately. I've been having a lot of nausea and I fee" → 5
  [ICL 3] "I've been having diarrhea and constipation, which is really bothering me. I have" → 20
  [TEST] 'I have a hard time concentrating and my emotions are all over the place. I feel '

--- 0-0-3 | sample 4 | layer 26 ---
  [ICL 1] "I've gained a lot of weight and am currently quite fat. I have many inclinations" → 9
  [ICL 2] "I've been feeling really sick lately. I've been itchy and throwing up, and I've " → 14
  [ICL 3] "I have rashes that sometimes cause my skin to flake off. I'm more likely to get " → 9
  [TEST] 'I have a hard time concentrating and my emotions are all over the place. I feel '

--- 0-0-3 | sample 5 | layer 26 ---
  [ICL 1] "I have blood in my urine and a low-grade fever. I've also been having headaches " → 21
  [ICL 2] 'I have rashes and skin irritations especially in the folds of my skin. My cuts a' → 8
  [ICL 3] 'I have swelling in my legs and it is causing me to have difficulty fitting into ' → 22
  [TEST] 'I have a pretty irritating itch all over my body, and my skin also has a few red'

--- 0-0-3 | sample 6 | layer 26 ---
  [ICL 1] "I have trouble breathing, especially when I'm outside. I start to feel hot and s" → 8
  [ICL 2] "I've been feeling really sick and tired. I've lost weight and have a fever. My u" → 14
  [ICL 3] 'I have been having rashes on my skin for a while now. They are not healing and a' → 19
  [TEST] "I've been experiencing stiffness and weakness in my neck muscles recently. I've "

--- 0-0-3 | sample 7 | layer 26 ---
  [ICL 1] "I've been feeling really tired and weak, and I can't seem to get enough sleep. I" → 7
  [ICL 2] 'I have a rash all over my body that is really itchy. I also have some bumps that' → 10
  [ICL 3] "I've been having trouble concentrating and focusing. I've also been experiencing" → 12
  [TEST] "I have a rash that sometimes causes my skin to peel off. I'm more susceptible to"

--- 0-0-3 | sample 8 | layer 26 ---
  [ICL 1] "I've been having a lot of pain in my joints and my neck has been really tight. I" → 2
  [ICL 2] 'I have a sour taste in my mouth. I burp and belch a lot. I have pressure or full' → 17
  [ICL 3] "My muscles are weak and I have back pain. I've been feeling lightheaded and dizz" → 4
  [TEST] 'I have a hard time concentrating and my emotions are all over the place. I feel '

--- 0-0-3 | sample 9 | layer 26 ---
  [ICL 1] "I've been feeling really tired lately and have had this cough for a few days. It" → 3
  [ICL 2] "I have a fever and I can't breathe through my nose or mouth. I'm tired and I've " → 3
  [ICL 3] 'I have a lot of pain in my legs, especially when I stand or walk for a long time' → 22
  [TEST] 'I have been feeling really sick lately. I have been having chills and fever, and'

--- 0-0-3 | sample 10 | layer 26 ---
  [ICL 1] "I've been vomiting and having diarrhea for a few days. I've also been having a f" → 20
  [ICL 2] "I've been having trouble breathing lately. I've been coughing a lot, and my ches" → 3
  [ICL 3] "I have a lot of pain in my neck and back. I also feel weak and lightheaded. I've" → 4
  [TEST] "I've been experiencing stiffness and weakness in my neck muscles recently. I've "

--- 0-0-3 | sample 11 | layer 26 ---
  [ICL 1] 'I have been experiencing pain and swelling in my legs. The pain is worse when I ' → 22
  [ICL 2] "I'm having trouble breathing, and I have a really high fever. I'm sweating a lot" → 18
  [ICL 3] "I've been feeling really sick for the past few days. I have a fever, I can't cat" → 18
  [TEST] 'I have been feeling really sick lately. I have been having chills and fever, and'

--- 0-0-3 | sample 12 | layer 26 ---
  [ICL 1] 'I have a high fever, chills, nausea, and severe itching. I also have a headache ' → 15
  [ICL 2] 'I have a lot of pain in my legs, especially when I stand for long periods of tim' → 22
  [ICL 3] "I have been feeling really cold, even though it's warm outside. My back hurts an" → 7
  [TEST] "I've been sneezing a lot and I'm really tired. My throat hurts and I have a lot "

--- 0-0-3 | sample 13 | layer 26 ---
  [ICL 1] 'I have been feeling very thirsty and hungry lately. I also feel very tired at ti' → 8
  [ICL 2] "I'm experiencing a high fever, chills, nausea, and severe itching. I also have a" → 15
  [ICL 3] 'I feel weak and my lymph nodes are swollen. My eyes burn and my throat hurts. My' → 6
  [TEST] 'I have been feeling very tired and weak. I have also been vomiting and have deve'

--- 0-0-3 | sample 14 | layer 26 ---
  [ICL 1] "I have a fever, headache, and swollen lymph nodes. I feel weak and fatigued. I'm" → 5
  [ICL 2] 'I have a constant hunger and appetite. Sometimes my stomach will cramp and spasm' → 17
  [ICL 3] 'I have been having a lot of skin problems lately. I have red, scaly patches on m' → 19
  [TEST] 'I have a stomach ache and I am feeling feverish. I also have chills and a headac'

--- 0-0-3 | sample 15 | layer 26 ---
  [ICL 1] "I've had a high fever, vomiting, chills, and intense itching. I also have a head" → 15
  [ICL 2] 'I have mood swings and have trouble concentrating. My mind feels hazy and foggy ' → 8
  [ICL 3] 'I have a rash on my skin that is itchy and uncomfortable. I have also noticed sm' → 19
  [TEST] 'I have a skin rash that gets worse in the winter when the air is dry. I have to '

--- 0-0-3 | sample 16 | layer 26 ---
  [ICL 1] "I have to pee a lot, and it's hard to hold it in. I feel dizzy and confused. I c" → 8
  [ICL 2] 'I have been feeling dizzy and lightheaded, and I have also had trouble keeping m' → 12
  [ICL 3] 'I feel tired all the time, and my throat feels tingly. I also have dry, flaky sk' → 1
  [TEST] "I've been feeling really sick and I have a rash all over my body. I'm worried ab"

--- 0-0-3 | sample 17 | layer 26 ---
  [ICL 1] "I'm always tired, my taste is off, and my throat is really scratchy. I also have" → 1
  [ICL 2] "I've gained a lot of weight and am currently quite fat. I have many inclinations" → 9
  [ICL 3] 'I have a rash on my back and chest, and my entire body itches. My skin may be dr' → 9
  [TEST] 'I have been having a headache for the past week. It started out as a dull ache, '

--- 0-0-3 | sample 18 | layer 26 ---
  [ICL 1] "I've been experiencing a lot of itching, chills, vomiting, and a fever. I also h" → 15
  [ICL 2] "I have a rash on my face and it's really painful. There are little blisters arou" → 13
  [ICL 3] 'I have had diarrhea for a few days now. It is very watery and smells bad. I also' → 20
  [TEST] "I've been feeling really sick lately. I've been throwing up and I'm itchy all ov"

--- 0-0-3 | sample 19 | layer 26 ---
  [ICL 1] "I've been feeling really sick lately. I've been getting chills and I'm always ti" → 18
  [ICL 2] "I've been having a runny nose and a sore throat for a few days now. I also feel " → 6
  [ICL 3] "I have a rash all over my body, and it's really itchy. I have some bumps that ar" → 10
  [TEST] "I have to go to the bathroom a lot, but when I get there, I can't seem to empty "

--- 1-1-1 | sample 0 | layer 26 ---
  [ICL 1] 'The differential diagnosis of micro-angiopathic anemia includes all Except:' → C
  [ICL 2] "I have red, itchy bumps all over my body. They're especially bad on my arms and " → 5
  [ICL 3] 'Can infundibular height predict the clearance of lower pole calyceal stone after' → yes
  [TEST] 'Coarse tremors of tongue is seen in all except:'

--- 1-1-1 | sample 1 | layer 26 ---
  [ICL 1] 'I have rashes and skin irritations especially in the folds of my skin. My cuts a' → 8
  [ICL 2] 'Is fetal gender associated with emergency department visits for asthma during pr' → no
  [ICL 3] 'Floating water lilly sign on chest x-ray is characteristic of-' → A
  [TEST] "Are the GFRUP's recommendations for withholding or withdrawing treatments in cri"

--- 1-1-1 | sample 2 | layer 26 ---
  [ICL 1] "I've been having chills, fatigue, and a cough for a few days. I've also been swe" → 18
  [ICL 2] 'Is double-balloon enteroscopy an accurate method to diagnose small-bowel disorde' → yes
  [ICL 3] 'Anticipation phenomenon is seen in' → D
  [TEST] "I have to go to the bathroom a lot, but when I get there, I can't seem to empty "

--- 1-1-1 | sample 3 | layer 26 ---
  [ICL 1] 'All are useful for management of severe Clostridium difficle treatment except -' → B
  [ICL 2] "I've been feeling really sick lately. I've been having a lot of nausea and I fee" → 5
  [ICL 3] "Can ki-67 play a role in prediction of breast cancer patients' response to neoad" → yes
  [TEST] "Which of the following is not true about the salivary gland output in Sjogren's "

--- 1-1-1 | sample 4 | layer 26 ---
  [ICL 1] 'Alkaline phosphatase is found in all organs,except -a) Boneb) Heartc) Placentad)' → B
  [ICL 2] "I've been feeling really sick lately. I've been itchy and throwing up, and I've " → 14
  [ICL 3] 'Does menopausal transition affect the quality of life?' → no
  [TEST] 'Do nontriploid partial hydatidiform moles exist?'

--- 1-1-1 | sample 5 | layer 26 ---
  [ICL 1] 'Acute hepatitis C in Israel: a predominantly iatrogenic disease?' → yes
  [ICL 2] 'All the following are used for treatment of chronic Hepatitis B except?' → C
  [ICL 3] 'I have been experiencing pain in my legs, especially when I exercise. The veins ' → 22
  [TEST] 'I have a pretty irritating itch all over my body, and my skin also has a few red'

--- 1-1-1 | sample 6 | layer 26 ---
  [ICL 1] 'I have a burning pain in my stomach that comes and goes. I also have a lot of ga' → 17
  [ICL 2] "Not seen in cushing's syndrome: March 2009" → D
  [ICL 3] 'Has the prevalence of health care services use increased over the last decade (2' → yes
  [TEST] 'Which of the following disease cause damage of vertebral body & intervertebral s'

--- 1-1-1 | sample 7 | layer 26 ---
  [ICL 1] 'Does cognitive function predict frequency compressed speech recognition in liste' → no
  [ICL 2] 'I have a rash all over my body that is really itchy. I also have some bumps that' → 10
  [ICL 3] 'Immume complex mediated gloomerular damage is seen in all except -' → B
  [TEST] 'Xanthogranulomatous cholecystitis: a premalignant condition?'

--- 1-1-1 | sample 8 | layer 26 ---
  [ICL 1] 'Is low birth weight a risk indicator for congenital cytomegalovirus infection?' → no
  [ICL 2] 'I have a sour taste in my mouth. I burp and belch a lot. I have pressure or full' → 17
  [ICL 3] 'A 38 year old male presents to OPD with history of progressive sholess of breath' → B
  [TEST] 'I have a hard time concentrating and my emotions are all over the place. I feel '

--- 1-1-1 | sample 9 | layer 26 ---
  [ICL 1] 'Does ethnicity affect where people with cancer die?' → yes
  [ICL 2] "I have a fever and I can't breathe through my nose or mouth. I'm tired and I've " → 3
  [ICL 3] 'Peripheral resistance of arteries measures:' → B
  [TEST] 'Myocardial infarction; signs are all except'

--- 1-1-1 | sample 10 | layer 26 ---
  [ICL 1] 'Implementation of epidural analgesia for labor: is the standard of effective ana' → yes
  [ICL 2] 'Indications for use of cyclophosphamide in SLE is' → C
  [ICL 3] "I have a lot of pain in my neck and back. I also feel weak and lightheaded. I've" → 4
  [TEST] 'Does tranexamic acid reduce desmopressin-induced hyperfibrinolysis?'

--- 1-1-1 | sample 11 | layer 26 ---
  [ICL 1] 'Does elective re-siting of intravenous cannulae decrease peripheral thrombophleb' → yes
  [ICL 2] 'Which laboratory determinations would be most helpful in distinguishing iron def' → D
  [ICL 3] "I've been having a strange odor in my urine, it's been red or black, and both. M" → 21
  [TEST] 'I have been feeling really sick lately. I have been having chills and fever, and'

--- 1-1-1 | sample 12 | layer 26 ---
  [ICL 1] 'In hypokalaemia all ECG changes are seen except' → B
  [ICL 2] 'Prescriptions as a proxy for asthma in children: a good choice?' → no
  [ICL 3] "I have been feeling really cold, even though it's warm outside. My back hurts an" → 7
  [TEST] 'Features of cardiac rest pain are all, except'

--- 1-1-1 | sample 13 | layer 26 ---
  [ICL 1] 'Does multi-modal cervical physical therapy improve tinnitus in patients with cer' → yes
  [ICL 2] "I've been having headaches and chest pain for a while now, and it's been getting" → 12
  [ICL 3] 'Sentinel surveillance is done for: September 2003' → A
  [TEST] 'Do women residents delay childbearing due to perceived career threats?'

--- 1-1-1 | sample 14 | layer 26 ---
  [ICL 1] "I have these red and bumpy spots on my skin that are itchy. They're also a diffe" → 10
  [ICL 2] 'An HIV1/2 point of care test on sputum for screening TB/HIV co-infection in Cent' → yes
  [ICL 3] '42 yrs old man presented with dizziness on standing,SBP falls by 50 mm Hg and HR' → C
  [TEST] 'I have a stomach ache and I am feeling feverish. I also have chills and a headac'

--- 1-1-1 | sample 15 | layer 26 ---
  [ICL 1] 'Do some U.S. states have higher/lower injury mortality rates than others?' → yes
  [ICL 2] 'I have mood swings and have trouble concentrating. My mind feels hazy and foggy ' → 8
  [ICL 3] 'Which of the following is selective myosin activator?' → B
  [TEST] 'Calculate the base deficit in a patient of weight 75 kg with a pH = 6.96, pCO2 ='

--- 1-1-1 | sample 16 | layer 26 ---
  [ICL 1] "I have to pee a lot, and it's hard to hold it in. I feel dizzy and confused. I c" → 8
  [ICL 2] 'Pancytopenia with cellular marrow is seen in all except -' → D
  [ICL 3] 'Prostatic syndrome and pleural effusion: are they different diseases?' → maybe
  [TEST] 'Does the lipid-lowering peroxisome proliferator-activated receptors ligand bezaf'

--- 1-1-1 | sample 17 | layer 26 ---
  [ICL 1] 'I have a lot of heartburn and acid reflux. I also feel sick after eating and som' → 11
  [ICL 2] 'The following is a marker of acute hepatitis B infection -' → A
  [ICL 3] 'Upstream solutions: does the supplemental security income program reduce disabil' → yes
  [TEST] 'I have been having a headache for the past week. It started out as a dull ache, '

--- 1-1-1 | sample 18 | layer 26 ---
  [ICL 1] "I've been experiencing a lot of itching, chills, vomiting, and a fever. I also h" → 15
  [ICL 2] 'All of the following statements about mitral valve prolapse are true except:' → B
  [ICL 3] 'Is the international normalised ratio (INR) reliable?' → maybe
  [TEST] 'Valvular lesion most often resulting from myocardial infarction is:'

--- 1-1-1 | sample 19 | layer 26 ---
  [ICL 1] 'I have noticed that my legs are swollen and the blood vessels are visible. I hav' → 22
  [ICL 2] "Does Paget's disease exist in India?" → yes
  [ICL 3] 'A 45-year-old woman has developed increasing SOB on exertion and fatigue. She ha' → B
  [TEST] 'Does a febrile reaction to platelets predispose recipients to red blood cell all'


======================================================================
EXPERIMENT : sweep_icl_ratios (format_tasks) — layer 3
TIME       : 2026-05-15 10:47:01
======================================================================

--- 3-0-0 | sample 0 | layer 3 ---
  [ICL 1] 'The differential diagnosis of micro-angiopathic anemia includes all Except:' → C
  [ICL 2] 'An 80 year old female presents with progressive loss of memory, difficulty in re' → A
  [ICL 3] 'Aplastic anemia in sickle cell anemia is due to infection of -' → B
  [TEST] 'Coarse tremors of tongue is seen in all except:'

--- 3-0-0 | sample 1 | layer 3 ---
  [ICL 1] 'A 64-year-old woman is admitted to the hospital with right lobar pneumonia and s' → C
  [ICL 2] 'Floating water lilly sign on chest x-ray is characteristic of-' → A
  [ICL 3] "Which of the following is the established biological therapy for Crohn's disease" → A
  [TEST] 'A 55- year old diabetic patient presents with transient obscuration in vision fo'

--- 3-0-0 | sample 2 | layer 3 ---
  [ICL 1] 'Features of restrictive lung disease is-' → D
  [ICL 2] "Hepatitis B surface antigen in a patient's serum indicates" → B
  [ICL 3] 'Anticipation phenomenon is seen in' → D
  [TEST] 'Which heart sound indicates stiffness of ventricular wall'

--- 3-0-0 | sample 3 | layer 3 ---
  [ICL 1] 'All are useful for management of severe Clostridium difficle treatment except -' → B
  [ICL 2] 'A cardiac patient must be asked to stop one of the following drugs when he is co' → C
  [ICL 3] 'Wide fixed splitting of the second hea sound is typical of-' → A
  [TEST] "Which of the following is not true about the salivary gland output in Sjogren's "

--- 3-0-0 | sample 4 | layer 3 ---
  [ICL 1] 'Alkaline phosphatase is found in all organs,except -a) Boneb) Heartc) Placentad)' → B
  [ICL 2] 'Esophageal adenocarcinoma is predisposed by' → B
  [ICL 3] 'A female patient presents with upper respiratory tract infection. Two days after' → A
  [TEST] "Which of the following is not true about the salivary gland output in Sjogren's "

--- 3-0-0 | sample 5 | layer 3 ---
  [ICL 1] 'Patient presents with fasting sugar as 167mg/dl, skin pigmentation and hypogonad' → C
  [ICL 2] 'All the following are used for treatment of chronic Hepatitis B except?' → C
  [ICL 3] 'Sarcodiosis can be associated with' → A
  [TEST] 'First time causative agent of AIDS was discovered in:'

--- 3-0-0 | sample 6 | layer 3 ---
  [ICL 1] "Which of the following is the established biological therapy for Crohn's disease" → A
  [ICL 2] "Not seen in cushing's syndrome: March 2009" → D
  [ICL 3] 'Occupational exposure which is yet NOT confirmed on causing a lung problem: Marc' → C
  [TEST] 'Which of the following disease cause damage of vertebral body & intervertebral s'

--- 3-0-0 | sample 7 | layer 3 ---
  [ICL 1] '50 year old Dharma is admitted for chest discomfo. A right bundle branch block l' → D
  [ICL 2] 'Which of the following is associated with adult polycystic kidney disease -' → A
  [ICL 3] 'Immume complex mediated gloomerular damage is seen in all except -' → B
  [TEST] 'Lead cause following except'

--- 3-0-0 | sample 8 | layer 3 ---
  [ICL 1] '"Setting Sun" sign is seen in' → A
  [ICL 2] 'Most common inherited peripheral neuropathy is?' → B
  [ICL 3] 'A 38 year old male presents to OPD with history of progressive sholess of breath' → B
  [TEST] "Which of the following is not true about the salivary gland output in Sjogren's "

--- 3-0-0 | sample 9 | layer 3 ---
  [ICL 1] 'Atherosclerosis is inversely proport- ionnal to:' → D
  [ICL 2] 'In hypokalaemia all ECG changes are seen except' → B
  [ICL 3] 'Peripheral resistance of arteries measures:' → B
  [TEST] 'Myocardial infarction; signs are all except'

--- 3-0-0 | sample 10 | layer 3 ---
  [ICL 1] 'Most common cause of pleural effusion in AIDS patients' → A
  [ICL 2] 'Indications for use of cyclophosphamide in SLE is' → C
  [ICL 3] 'All the following are manifestations of CMV infection following Lung transplant ' → D
  [TEST] 'Which of the following disease cause damage of vertebral body & intervertebral s'

--- 3-0-0 | sample 11 | layer 3 ---
  [ICL 1] 'Pulses paradoxus is seen in:' → C
  [ICL 2] 'Which laboratory determinations would be most helpful in distinguishing iron def' → D
  [ICL 3] 'True about polycythemia rubra vera is all except -' → D
  [TEST] 'Myocardial infarction; signs are all except'

--- 3-0-0 | sample 12 | layer 3 ---
  [ICL 1] 'In hypokalaemia all ECG changes are seen except' → B
  [ICL 2] 'Drug for management of hypeension in Phaeochromocytoma' → A
  [ICL 3] 'ECG with ST -elevation low BP. Best line of management is -' → C
  [TEST] 'Features of cardiac rest pain are all, except'

--- 3-0-0 | sample 13 | layer 3 ---
  [ICL 1] 'Regarding medullary sponge kidney-a) Autosomal dominantb) Nephrocalcinosisc) Min' → C
  [ICL 2] 'Sentinel surveillance is done for: September 2003' → A
  [ICL 3] 'Generally speaking, the distal, burning, painful dysesthesias with reduced pinpr' → A
  [TEST] 'Which drug is not given in Wilson disease?'

--- 3-0-0 | sample 14 | layer 3 ---
  [ICL 1] 'All are true regarding GB syndrome, Except -' → C
  [ICL 2] '42 yrs old man presented with dizziness on standing,SBP falls by 50 mm Hg and HR' → C
  [ICL 3] 'A 23-year-old male patient presented with a history of back pain, which is more ' → D
  [TEST] 'Staphylococcus aureus and pneumoniae are responsible for:'

--- 3-0-0 | sample 15 | layer 3 ---
  [ICL 1] 'A 45-year-old woman has developed increasing SOB on exertion and fatigue. She ha' → B
  [ICL 2] 'All of the following are chromosomal breakage syndromes except -' → B
  [ICL 3] 'Which of the following is selective myosin activator?' → B
  [TEST] 'Calculate the base deficit in a patient of weight 75 kg with a pH = 6.96, pCO2 ='

--- 3-0-0 | sample 16 | layer 3 ---
  [ICL 1] 'A raised serum creatinine phosphokinase level in unusual in -' → C
  [ICL 2] 'Pancytopenia with cellular marrow is seen in all except -' → D
  [ICL 3] 'All the following are manifestations of CMV infection following Lung transplant ' → D
  [TEST] 'Facial nerve injury during forceps delivery in labour is due to:'

--- 3-0-0 | sample 17 | layer 3 ---
  [ICL 1] 'Investigation of choice for diagnosing primary hypothyroidism: March 2007, Septe' → C
  [ICL 2] 'The following is a marker of acute hepatitis B infection -' → A
  [ICL 3] 'Alkaline phosphatase is found in all organs,except -a) Boneb) Heartc) Placentad)' → B
  [TEST] 'A 29 yrs old woman with a pregnancy of 17 week has a 10 years old boy with down '

--- 3-0-0 | sample 18 | layer 3 ---
  [ICL 1] 'Right axis deviation is seen in all except' → B
  [ICL 2] 'All of the following statements about mitral valve prolapse are true except:' → B
  [ICL 3] 'Kespar Hauser syndrome is due to' → D
  [TEST] 'Valvular lesion most often resulting from myocardial infarction is:'

--- 3-0-0 | sample 19 | layer 3 ---
  [ICL 1] 'Which of the following is not a cause of cirrhosis?' → C
  [ICL 2] 'Which cranial nerve(s) is/are not involved in "Locked in syndrome"?' → C
  [ICL 3] 'A 45-year-old woman has developed increasing SOB on exertion and fatigue. She ha' → B
  [TEST] 'Which heart sound indicates stiffness of ventricular wall'

--- 0-3-0 | sample 0 | layer 3 ---
  [ICL 1] 'Can infundibular height predict the clearance of lower pole calyceal stone after' → yes
  [ICL 2] 'The clinical significance of bile duct sludge: is it different from bile duct st' → no
  [ICL 3] 'Is pelvic pain associated with defecatory symptoms in women with pelvic organ pr' → yes
  [TEST] 'Does preoperative anemia adversely affect colon and rectal surgery outcomes?'

--- 0-3-0 | sample 1 | layer 3 ---
  [ICL 1] 'The colour of pain: can patients use colour to describe osteoarthritis pain?' → yes
  [ICL 2] 'Is fetal gender associated with emergency department visits for asthma during pr' → no
  [ICL 3] 'Is the atopy patch test with house dust mites specific for atopic dermatitis?' → yes
  [TEST] "Are the GFRUP's recommendations for withholding or withdrawing treatments in cri"

--- 0-3-0 | sample 2 | layer 3 ---
  [ICL 1] 'Can magnetic resonance-ultrasound fusion biopsy improve cancer detection in enla' → yes
  [ICL 2] 'Is double-balloon enteroscopy an accurate method to diagnose small-bowel disorde' → yes
  [ICL 3] 'Does gestational age misclassification explain the difference in birthweights fo' → no
  [TEST] 'Does a febrile reaction to platelets predispose recipients to red blood cell all'

--- 0-3-0 | sample 3 | layer 3 ---
  [ICL 1] 'Are head and neck specific quality of life measures necessary?' → yes
  [ICL 2] 'Does prior benign prostate biopsy predict outcome for patients treated with radi' → yes
  [ICL 3] "Can ki-67 play a role in prediction of breast cancer patients' response to neoad" → yes
  [TEST] 'Do nontriploid partial hydatidiform moles exist?'

--- 0-3-0 | sample 4 | layer 3 ---
  [ICL 1] 'Transient tachypnea of the newborn (TTN): a role for polymorphisms in the beta-a' → yes
  [ICL 2] 'Upstream solutions: does the supplemental security income program reduce disabil' → yes
  [ICL 3] 'Does menopausal transition affect the quality of life?' → no
  [TEST] 'Do nontriploid partial hydatidiform moles exist?'

--- 0-3-0 | sample 5 | layer 3 ---
  [ICL 1] 'Acute hepatitis C in Israel: a predominantly iatrogenic disease?' → yes
  [ICL 2] 'The colour of pain: can patients use colour to describe osteoarthritis pain?' → yes
  [ICL 3] 'An HIV1/2 point of care test on sputum for screening TB/HIV co-infection in Cent' → yes
  [TEST] 'Advanced epithelial ovarian carcinoma in Thai women: should we continue to offer'

--- 0-3-0 | sample 6 | layer 3 ---
  [ICL 1] 'Has the prevalence of health care services use increased over the last decade (2' → yes
  [ICL 2] 'Does telmisartan prevent hepatic fibrosis in rats with alloxan-induced diabetes?' → yes
  [ICL 3] 'Is amoxapine an atypical antipsychotic?' → yes
  [TEST] 'Does tranexamic acid reduce desmopressin-induced hyperfibrinolysis?'

--- 0-3-0 | sample 7 | layer 3 ---
  [ICL 1] 'Does cognitive function predict frequency compressed speech recognition in liste' → no
  [ICL 2] 'Is there a relationship between homocysteine and vitiligo?' → yes
  [ICL 3] 'Do women with ovaries of polycystic morphology without any other features of PCO' → no
  [TEST] 'Xanthogranulomatous cholecystitis: a premalignant condition?'

--- 0-3-0 | sample 8 | layer 3 ---
  [ICL 1] 'Is low birth weight a risk indicator for congenital cytomegalovirus infection?' → no
  [ICL 2] 'Steroids in aminoglycoside-containing ear drops: do they reduce cochlear toxicit' → yes
  [ICL 3] 'Do approved doctors and medical referees in the UK agree when assessing a seafar' → no
  [TEST] 'Do nontriploid partial hydatidiform moles exist?'

--- 0-3-0 | sample 9 | layer 3 ---
  [ICL 1] 'Does ethnicity affect where people with cancer die?' → yes
  [ICL 2] 'Does the central venous pressure predict fluid responsiveness?' → no
  [ICL 3] 'Cycloplegic autorefraction in young adults: is it mandatory?' → maybe
  [TEST] 'Vaginal dose assessment in image-guided brachytherapy for cervical cancer: Can w'

--- 0-3-0 | sample 10 | layer 3 ---
  [ICL 1] 'Implementation of epidural analgesia for labor: is the standard of effective ana' → yes
  [ICL 2] 'Mammographic screening in Sami speaking municipalities and a control group. Are ' → yes
  [ICL 3] 'Does short-term treatment with proton pump inhibitors cause rebound aggravation ' → no
  [TEST] 'Does tranexamic acid reduce desmopressin-induced hyperfibrinolysis?'

--- 0-3-0 | sample 11 | layer 3 ---
  [ICL 1] 'Does elective re-siting of intravenous cannulae decrease peripheral thrombophleb' → yes
  [ICL 2] 'Are opioid dependence and methadone maintenance treatment (MMT) documented in th' → maybe
  [ICL 3] 'Scrotal approach to both palpable and impalpable undescended testes: should it b' → yes
  [TEST] 'Vaginal dose assessment in image-guided brachytherapy for cervical cancer: Can w'

--- 0-3-0 | sample 12 | layer 3 ---
  [ICL 1] 'Do mitochondria play a role in remodelling lace plant leaves during programmed c' → yes
  [ICL 2] 'Prescriptions as a proxy for asthma in children: a good choice?' → no
  [ICL 3] 'Did the call for boycott by the Catholic bishops affect the polio vaccination co' → no
  [TEST] 'Are performance measurement systems useful?'

--- 0-3-0 | sample 13 | layer 3 ---
  [ICL 1] 'Does multi-modal cervical physical therapy improve tinnitus in patients with cer' → yes
  [ICL 2] 'An HIV1/2 point of care test on sputum for screening TB/HIV co-infection in Cent' → yes
  [ICL 3] 'Are even impaired fasting blood glucose levels preoperatively associated with in' → yes
  [TEST] 'Do women residents delay childbearing due to perceived career threats?'

--- 0-3-0 | sample 14 | layer 3 ---
  [ICL 1] 'Do African American women require fewer calories to maintain weight?' → no
  [ICL 2] 'An HIV1/2 point of care test on sputum for screening TB/HIV co-infection in Cent' → yes
  [ICL 3] 'Does maternal obesity have an influence on feeding behavior of obese children?' → no
  [TEST] 'PREVALENCE OF THE STREPTOCOCUS AGALACTIAE IN THE PREGNANT WOMAN FROM THE AUTONOM'

--- 0-3-0 | sample 15 | layer 3 ---
  [ICL 1] 'Do some U.S. states have higher/lower injury mortality rates than others?' → yes
  [ICL 2] 'Subclavian steal syndrome: can the blood pressure difference between arms predic' → yes
  [ICL 3] 'Does high-dose radiotherapy benefit palliative lung cancer patients?' → no
  [TEST] 'Is portable ultrasonography accurate in the evaluation of Schanz pin placement d'

--- 0-3-0 | sample 16 | layer 3 ---
  [ICL 1] 'Continuation of pregnancy after antenatal corticosteroid administration: opportu' → maybe
  [ICL 2] 'Traumatic aortic injury: does the anatomy of the aortic arch influence aortic tr' → yes
  [ICL 3] 'Prostatic syndrome and pleural effusion: are they different diseases?' → maybe
  [TEST] 'Does the lipid-lowering peroxisome proliferator-activated receptors ligand bezaf'

--- 0-3-0 | sample 17 | layer 3 ---
  [ICL 1] 'Is specialty care associated with improved survival of patients with congestive ' → yes
  [ICL 2] 'Do microbiological factors account for poor pregnancy outcome among unmarried pr' → yes
  [ICL 3] 'Upstream solutions: does the supplemental security income program reduce disabil' → yes
  [TEST] 'Serum angiotensin-converting enzyme and frequency of severe hypoglycaemia in Typ'

--- 0-3-0 | sample 18 | layer 3 ---
  [ICL 1] 'Does concomitant anterior/apical repair during midurethral sling improve the ove' → no
  [ICL 2] 'Percutaneous ethanol injection for benign cystic thyroid nodules: is aspiration ' → no
  [ICL 3] 'Is the international normalised ratio (INR) reliable?' → maybe
  [TEST] 'Household and food shopping environments: do they play a role in socioeconomic i'

--- 0-3-0 | sample 19 | layer 3 ---
  [ICL 1] 'Juvenile osteochondritis dissecans: is it a growth disturbance of the secondary ' → yes
  [ICL 2] "Does Paget's disease exist in India?" → yes
  [ICL 3] 'Does a family meetings intervention prevent depression and anxiety in family car' → no
  [TEST] 'Does a febrile reaction to platelets predispose recipients to red blood cell all'

--- 0-0-3 | sample 0 | layer 3 ---
  [ICL 1] 'I have a rash on my legs that is giving me a lot of pain. There appears to be a ' → 22
  [ICL 2] "I have red, itchy bumps all over my body. They're especially bad on my arms and " → 5
  [ICL 3] 'I have been feeling a lot of pain in my legs lately. It feels like a cramp and i' → 22
  [TEST] 'I have been having a lot of problems with my skin. It is constantly peeling and '

--- 0-0-3 | sample 1 | layer 3 ---
  [ICL 1] "My skin has been acting up recently, it's been itchy and I've been getting rashe" → 10
  [ICL 2] 'I have been experiencing abdominal pain for a few days now. It is really painful' → 20
  [ICL 3] 'I have a rash on my skin that is itchy and uncomfortable. There are also some od' → 10
  [TEST] "I have red, irritated skin on my arms, face, and back. It's often itchy and unco"

--- 0-0-3 | sample 2 | layer 3 ---
  [ICL 1] "I've been having chills, fatigue, and a cough for a few days. I've also been swe" → 18
  [ICL 2] "I've been having trouble breathing, and I've been coughing a lot. I've been coug" → 3
  [ICL 3] 'I have a lot of nausea and chest pain. My chest has been hurting for a while now' → 9
  [TEST] "I have to go to the bathroom a lot, but when I get there, I can't seem to empty "

--- 0-0-3 | sample 3 | layer 3 ---
  [ICL 1] "I have these large, bulging veins on my legs that are really painful. They're re" → 22
  [ICL 2] "I've been feeling really sick lately. I've been having a lot of nausea and I fee" → 5
  [ICL 3] "I've been having diarrhea and constipation, which is really bothering me. I have" → 20
  [TEST] 'I have a hard time concentrating and my emotions are all over the place. I feel '

--- 0-0-3 | sample 4 | layer 3 ---
  [ICL 1] "I've gained a lot of weight and am currently quite fat. I have many inclinations" → 9
  [ICL 2] "I've been feeling really sick lately. I've been itchy and throwing up, and I've " → 14
  [ICL 3] "I have rashes that sometimes cause my skin to flake off. I'm more likely to get " → 9
  [TEST] 'I have a hard time concentrating and my emotions are all over the place. I feel '

--- 0-0-3 | sample 5 | layer 3 ---
  [ICL 1] "I have blood in my urine and a low-grade fever. I've also been having headaches " → 21
  [ICL 2] 'I have rashes and skin irritations especially in the folds of my skin. My cuts a' → 8
  [ICL 3] 'I have swelling in my legs and it is causing me to have difficulty fitting into ' → 22
  [TEST] 'I have a pretty irritating itch all over my body, and my skin also has a few red'

--- 0-0-3 | sample 6 | layer 3 ---
  [ICL 1] "I have trouble breathing, especially when I'm outside. I start to feel hot and s" → 8
  [ICL 2] "I've been feeling really sick and tired. I've lost weight and have a fever. My u" → 14
  [ICL 3] 'I have been having rashes on my skin for a while now. They are not healing and a' → 19
  [TEST] "I've been experiencing stiffness and weakness in my neck muscles recently. I've "

--- 0-0-3 | sample 7 | layer 3 ---
  [ICL 1] "I've been feeling really tired and weak, and I can't seem to get enough sleep. I" → 7
  [ICL 2] 'I have a rash all over my body that is really itchy. I also have some bumps that' → 10
  [ICL 3] "I've been having trouble concentrating and focusing. I've also been experiencing" → 12
  [TEST] "I have a rash that sometimes causes my skin to peel off. I'm more susceptible to"

--- 0-0-3 | sample 8 | layer 3 ---
  [ICL 1] "I've been having a lot of pain in my joints and my neck has been really tight. I" → 2
  [ICL 2] 'I have a sour taste in my mouth. I burp and belch a lot. I have pressure or full' → 17
  [ICL 3] "My muscles are weak and I have back pain. I've been feeling lightheaded and dizz" → 4
  [TEST] 'I have a hard time concentrating and my emotions are all over the place. I feel '

--- 0-0-3 | sample 9 | layer 3 ---
  [ICL 1] "I've been feeling really tired lately and have had this cough for a few days. It" → 3
  [ICL 2] "I have a fever and I can't breathe through my nose or mouth. I'm tired and I've " → 3
  [ICL 3] 'I have a lot of pain in my legs, especially when I stand or walk for a long time' → 22
  [TEST] 'I have been feeling really sick lately. I have been having chills and fever, and'

--- 0-0-3 | sample 10 | layer 3 ---
  [ICL 1] "I've been vomiting and having diarrhea for a few days. I've also been having a f" → 20
  [ICL 2] "I've been having trouble breathing lately. I've been coughing a lot, and my ches" → 3
  [ICL 3] "I have a lot of pain in my neck and back. I also feel weak and lightheaded. I've" → 4
  [TEST] "I've been experiencing stiffness and weakness in my neck muscles recently. I've "

--- 0-0-3 | sample 11 | layer 3 ---
  [ICL 1] 'I have been experiencing pain and swelling in my legs. The pain is worse when I ' → 22
  [ICL 2] "I'm having trouble breathing, and I have a really high fever. I'm sweating a lot" → 18
  [ICL 3] "I've been feeling really sick for the past few days. I have a fever, I can't cat" → 18
  [TEST] 'I have been feeling really sick lately. I have been having chills and fever, and'

--- 0-0-3 | sample 12 | layer 3 ---
  [ICL 1] 'I have a high fever, chills, nausea, and severe itching. I also have a headache ' → 15
  [ICL 2] 'I have a lot of pain in my legs, especially when I stand for long periods of tim' → 22
  [ICL 3] "I have been feeling really cold, even though it's warm outside. My back hurts an" → 7
  [TEST] "I've been sneezing a lot and I'm really tired. My throat hurts and I have a lot "

--- 0-0-3 | sample 13 | layer 3 ---
  [ICL 1] 'I have been feeling very thirsty and hungry lately. I also feel very tired at ti' → 8
  [ICL 2] "I'm experiencing a high fever, chills, nausea, and severe itching. I also have a" → 15
  [ICL 3] 'I feel weak and my lymph nodes are swollen. My eyes burn and my throat hurts. My' → 6
  [TEST] 'I have been feeling very tired and weak. I have also been vomiting and have deve'

--- 0-0-3 | sample 14 | layer 3 ---
  [ICL 1] "I have a fever, headache, and swollen lymph nodes. I feel weak and fatigued. I'm" → 5
  [ICL 2] 'I have a constant hunger and appetite. Sometimes my stomach will cramp and spasm' → 17
  [ICL 3] 'I have been having a lot of skin problems lately. I have red, scaly patches on m' → 19
  [TEST] 'I have a stomach ache and I am feeling feverish. I also have chills and a headac'

--- 0-0-3 | sample 15 | layer 3 ---
  [ICL 1] "I've had a high fever, vomiting, chills, and intense itching. I also have a head" → 15
  [ICL 2] 'I have mood swings and have trouble concentrating. My mind feels hazy and foggy ' → 8
  [ICL 3] 'I have a rash on my skin that is itchy and uncomfortable. I have also noticed sm' → 19
  [TEST] 'I have a skin rash that gets worse in the winter when the air is dry. I have to '

--- 0-0-3 | sample 16 | layer 3 ---
  [ICL 1] "I have to pee a lot, and it's hard to hold it in. I feel dizzy and confused. I c" → 8
  [ICL 2] 'I have been feeling dizzy and lightheaded, and I have also had trouble keeping m' → 12
  [ICL 3] 'I feel tired all the time, and my throat feels tingly. I also have dry, flaky sk' → 1
  [TEST] "I've been feeling really sick and I have a rash all over my body. I'm worried ab"

--- 0-0-3 | sample 17 | layer 3 ---
  [ICL 1] "I'm always tired, my taste is off, and my throat is really scratchy. I also have" → 1
  [ICL 2] "I've gained a lot of weight and am currently quite fat. I have many inclinations" → 9
  [ICL 3] 'I have a rash on my back and chest, and my entire body itches. My skin may be dr' → 9
  [TEST] 'I have been having a headache for the past week. It started out as a dull ache, '

--- 0-0-3 | sample 18 | layer 3 ---
  [ICL 1] "I've been experiencing a lot of itching, chills, vomiting, and a fever. I also h" → 15
  [ICL 2] "I have a rash on my face and it's really painful. There are little blisters arou" → 13
  [ICL 3] 'I have had diarrhea for a few days now. It is very watery and smells bad. I also' → 20
  [TEST] "I've been feeling really sick lately. I've been throwing up and I'm itchy all ov"

--- 0-0-3 | sample 19 | layer 3 ---
  [ICL 1] "I've been feeling really sick lately. I've been getting chills and I'm always ti" → 18
  [ICL 2] "I've been having a runny nose and a sore throat for a few days now. I also feel " → 6
  [ICL 3] "I have a rash all over my body, and it's really itchy. I have some bumps that ar" → 10
  [TEST] "I have to go to the bathroom a lot, but when I get there, I can't seem to empty "

--- 2-1-0 | sample 0 | layer 3 ---
  [ICL 1] 'The differential diagnosis of micro-angiopathic anemia includes all Except:' → C
  [ICL 2] 'The clinical significance of bile duct sludge: is it different from bile duct st' → no
  [ICL 3] 'Aplastic anemia in sickle cell anemia is due to infection of -' → B
  [TEST] 'Coarse tremors of tongue is seen in all except:'

--- 2-1-0 | sample 1 | layer 3 ---
  [ICL 1] 'Is fetal gender associated with emergency department visits for asthma during pr' → no
  [ICL 2] 'Floating water lilly sign on chest x-ray is characteristic of-' → A
  [ICL 3] "Which of the following is the established biological therapy for Crohn's disease" → A
  [TEST] "Are the GFRUP's recommendations for withholding or withdrawing treatments in cri"

--- 2-1-0 | sample 2 | layer 3 ---
  [ICL 1] 'Can magnetic resonance-ultrasound fusion biopsy improve cancer detection in enla' → yes
  [ICL 2] "Hepatitis B surface antigen in a patient's serum indicates" → B
  [ICL 3] 'Anticipation phenomenon is seen in' → D
  [TEST] "I have to go to the bathroom a lot, but when I get there, I can't seem to empty "

--- 2-1-0 | sample 3 | layer 3 ---
  [ICL 1] 'All are useful for management of severe Clostridium difficle treatment except -' → B
  [ICL 2] 'Does prior benign prostate biopsy predict outcome for patients treated with radi' → yes
  [ICL 3] 'Wide fixed splitting of the second hea sound is typical of-' → A
  [TEST] "Which of the following is not true about the salivary gland output in Sjogren's "

--- 2-1-0 | sample 4 | layer 3 ---
  [ICL 1] 'Transient tachypnea of the newborn (TTN): a role for polymorphisms in the beta-a' → yes
  [ICL 2] 'Alkaline phosphatase is found in all organs,except -a) Boneb) Heartc) Placentad)' → B
  [ICL 3] 'A female patient presents with upper respiratory tract infection. Two days after' → A
  [TEST] 'Do nontriploid partial hydatidiform moles exist?'

--- 2-1-0 | sample 5 | layer 3 ---
  [ICL 1] 'Patient presents with fasting sugar as 167mg/dl, skin pigmentation and hypogonad' → C
  [ICL 2] 'All the following are used for treatment of chronic Hepatitis B except?' → C
  [ICL 3] 'Acute hepatitis C in Israel: a predominantly iatrogenic disease?' → yes
  [TEST] 'I have a pretty irritating itch all over my body, and my skin also has a few red'

--- 2-1-0 | sample 6 | layer 3 ---
  [ICL 1] 'Occupational exposure which is yet NOT confirmed on causing a lung problem: Marc' → C
  [ICL 2] 'Does telmisartan prevent hepatic fibrosis in rats with alloxan-induced diabetes?' → yes
  [ICL 3] "Not seen in cushing's syndrome: March 2009" → D
  [TEST] 'Which of the following disease cause damage of vertebral body & intervertebral s'

--- 2-1-0 | sample 7 | layer 3 ---
  [ICL 1] '50 year old Dharma is admitted for chest discomfo. A right bundle branch block l' → D
  [ICL 2] 'Is there a relationship between homocysteine and vitiligo?' → yes
  [ICL 3] 'Immume complex mediated gloomerular damage is seen in all except -' → B
  [TEST] 'Xanthogranulomatous cholecystitis: a premalignant condition?'

--- 2-1-0 | sample 8 | layer 3 ---
  [ICL 1] '"Setting Sun" sign is seen in' → A
  [ICL 2] 'Steroids in aminoglycoside-containing ear drops: do they reduce cochlear toxicit' → yes
  [ICL 3] 'A 38 year old male presents to OPD with history of progressive sholess of breath' → B
  [TEST] 'I have a hard time concentrating and my emotions are all over the place. I feel '

--- 2-1-0 | sample 9 | layer 3 ---
  [ICL 1] 'Atherosclerosis is inversely proport- ionnal to:' → D
  [ICL 2] 'Does the central venous pressure predict fluid responsiveness?' → no
  [ICL 3] 'Peripheral resistance of arteries measures:' → B
  [TEST] 'Myocardial infarction; signs are all except'

--- 2-1-0 | sample 10 | layer 3 ---
  [ICL 1] 'Most common cause of pleural effusion in AIDS patients' → A
  [ICL 2] 'Indications for use of cyclophosphamide in SLE is' → C
  [ICL 3] 'Does short-term treatment with proton pump inhibitors cause rebound aggravation ' → no
  [TEST] 'Does tranexamic acid reduce desmopressin-induced hyperfibrinolysis?'

--- 2-1-0 | sample 11 | layer 3 ---
  [ICL 1] 'Does elective re-siting of intravenous cannulae decrease peripheral thrombophleb' → yes
  [ICL 2] 'Which laboratory determinations would be most helpful in distinguishing iron def' → D
  [ICL 3] 'True about polycythemia rubra vera is all except -' → D
  [TEST] 'I have been feeling really sick lately. I have been having chills and fever, and'

--- 2-1-0 | sample 12 | layer 3 ---
  [ICL 1] 'In hypokalaemia all ECG changes are seen except' → B
  [ICL 2] 'Drug for management of hypeension in Phaeochromocytoma' → A
  [ICL 3] 'Did the call for boycott by the Catholic bishops affect the polio vaccination co' → no
  [TEST] 'Features of cardiac rest pain are all, except'

--- 2-1-0 | sample 13 | layer 3 ---
  [ICL 1] 'Regarding medullary sponge kidney-a) Autosomal dominantb) Nephrocalcinosisc) Min' → C
  [ICL 2] 'Sentinel surveillance is done for: September 2003' → A
  [ICL 3] 'Does multi-modal cervical physical therapy improve tinnitus in patients with cer' → yes
  [TEST] 'Do women residents delay childbearing due to perceived career threats?'

--- 2-1-0 | sample 14 | layer 3 ---
  [ICL 1] 'All are true regarding GB syndrome, Except -' → C
  [ICL 2] '42 yrs old man presented with dizziness on standing,SBP falls by 50 mm Hg and HR' → C
  [ICL 3] 'An HIV1/2 point of care test on sputum for screening TB/HIV co-infection in Cent' → yes
  [TEST] 'I have a stomach ache and I am feeling feverish. I also have chills and a headac'

--- 2-1-0 | sample 15 | layer 3 ---
  [ICL 1] 'A 45-year-old woman has developed increasing SOB on exertion and fatigue. She ha' → B
  [ICL 2] 'Subclavian steal syndrome: can the blood pressure difference between arms predic' → yes
  [ICL 3] 'Which of the following is selective myosin activator?' → B
  [TEST] 'Calculate the base deficit in a patient of weight 75 kg with a pH = 6.96, pCO2 ='

--- 2-1-0 | sample 16 | layer 3 ---
  [ICL 1] 'Continuation of pregnancy after antenatal corticosteroid administration: opportu' → maybe
  [ICL 2] 'Pancytopenia with cellular marrow is seen in all except -' → D
  [ICL 3] 'All the following are manifestations of CMV infection following Lung transplant ' → D
  [TEST] 'Does the lipid-lowering peroxisome proliferator-activated receptors ligand bezaf'

--- 2-1-0 | sample 17 | layer 3 ---
  [ICL 1] 'Is specialty care associated with improved survival of patients with congestive ' → yes
  [ICL 2] 'The following is a marker of acute hepatitis B infection -' → A
  [ICL 3] 'Alkaline phosphatase is found in all organs,except -a) Boneb) Heartc) Placentad)' → B
  [TEST] 'I have been having a headache for the past week. It started out as a dull ache, '

--- 2-1-0 | sample 18 | layer 3 ---
  [ICL 1] 'Does concomitant anterior/apical repair during midurethral sling improve the ove' → no
  [ICL 2] 'All of the following statements about mitral valve prolapse are true except:' → B
  [ICL 3] 'Kespar Hauser syndrome is due to' → D
  [TEST] 'Valvular lesion most often resulting from myocardial infarction is:'

--- 2-1-0 | sample 19 | layer 3 ---
  [ICL 1] 'Juvenile osteochondritis dissecans: is it a growth disturbance of the secondary ' → yes
  [ICL 2] 'Which cranial nerve(s) is/are not involved in "Locked in syndrome"?' → C
  [ICL 3] 'A 45-year-old woman has developed increasing SOB on exertion and fatigue. She ha' → B
  [TEST] 'Does a febrile reaction to platelets predispose recipients to red blood cell all'

--- 1-2-0 | sample 0 | layer 3 ---
  [ICL 1] 'The differential diagnosis of micro-angiopathic anemia includes all Except:' → C
  [ICL 2] 'The clinical significance of bile duct sludge: is it different from bile duct st' → no
  [ICL 3] 'Can infundibular height predict the clearance of lower pole calyceal stone after' → yes
  [TEST] 'Coarse tremors of tongue is seen in all except:'

--- 1-2-0 | sample 1 | layer 3 ---
  [ICL 1] 'The colour of pain: can patients use colour to describe osteoarthritis pain?' → yes
  [ICL 2] 'Is fetal gender associated with emergency department visits for asthma during pr' → no
  [ICL 3] 'Floating water lilly sign on chest x-ray is characteristic of-' → A
  [TEST] "Are the GFRUP's recommendations for withholding or withdrawing treatments in cri"

--- 1-2-0 | sample 2 | layer 3 ---
  [ICL 1] 'Can magnetic resonance-ultrasound fusion biopsy improve cancer detection in enla' → yes
  [ICL 2] 'Is double-balloon enteroscopy an accurate method to diagnose small-bowel disorde' → yes
  [ICL 3] 'Anticipation phenomenon is seen in' → D
  [TEST] "I have to go to the bathroom a lot, but when I get there, I can't seem to empty "

--- 1-2-0 | sample 3 | layer 3 ---
  [ICL 1] 'All are useful for management of severe Clostridium difficle treatment except -' → B
  [ICL 2] 'Does prior benign prostate biopsy predict outcome for patients treated with radi' → yes
  [ICL 3] "Can ki-67 play a role in prediction of breast cancer patients' response to neoad" → yes
  [TEST] "Which of the following is not true about the salivary gland output in Sjogren's "

--- 1-2-0 | sample 4 | layer 3 ---
  [ICL 1] 'Transient tachypnea of the newborn (TTN): a role for polymorphisms in the beta-a' → yes
  [ICL 2] 'Alkaline phosphatase is found in all organs,except -a) Boneb) Heartc) Placentad)' → B
  [ICL 3] 'Does menopausal transition affect the quality of life?' → no
  [TEST] 'Do nontriploid partial hydatidiform moles exist?'

--- 1-2-0 | sample 5 | layer 3 ---
  [ICL 1] 'Acute hepatitis C in Israel: a predominantly iatrogenic disease?' → yes
  [ICL 2] 'All the following are used for treatment of chronic Hepatitis B except?' → C
  [ICL 3] 'An HIV1/2 point of care test on sputum for screening TB/HIV co-infection in Cent' → yes
  [TEST] 'I have a pretty irritating itch all over my body, and my skin also has a few red'

--- 1-2-0 | sample 6 | layer 3 ---
  [ICL 1] 'Has the prevalence of health care services use increased over the last decade (2' → yes
  [ICL 2] 'Does telmisartan prevent hepatic fibrosis in rats with alloxan-induced diabetes?' → yes
  [ICL 3] "Not seen in cushing's syndrome: March 2009" → D
  [TEST] 'Which of the following disease cause damage of vertebral body & intervertebral s'

--- 1-2-0 | sample 7 | layer 3 ---
  [ICL 1] 'Does cognitive function predict frequency compressed speech recognition in liste' → no
  [ICL 2] 'Is there a relationship between homocysteine and vitiligo?' → yes
  [ICL 3] 'Immume complex mediated gloomerular damage is seen in all except -' → B
  [TEST] 'Xanthogranulomatous cholecystitis: a premalignant condition?'

--- 1-2-0 | sample 8 | layer 3 ---
  [ICL 1] 'Is low birth weight a risk indicator for congenital cytomegalovirus infection?' → no
  [ICL 2] 'Steroids in aminoglycoside-containing ear drops: do they reduce cochlear toxicit' → yes
  [ICL 3] 'A 38 year old male presents to OPD with history of progressive sholess of breath' → B
  [TEST] 'I have a hard time concentrating and my emotions are all over the place. I feel '

--- 1-2-0 | sample 9 | layer 3 ---
  [ICL 1] 'Does ethnicity affect where people with cancer die?' → yes
  [ICL 2] 'Does the central venous pressure predict fluid responsiveness?' → no
  [ICL 3] 'Peripheral resistance of arteries measures:' → B
  [TEST] 'Myocardial infarction; signs are all except'

--- 1-2-0 | sample 10 | layer 3 ---
  [ICL 1] 'Implementation of epidural analgesia for labor: is the standard of effective ana' → yes
  [ICL 2] 'Indications for use of cyclophosphamide in SLE is' → C
  [ICL 3] 'Does short-term treatment with proton pump inhibitors cause rebound aggravation ' → no
  [TEST] 'Does tranexamic acid reduce desmopressin-induced hyperfibrinolysis?'

--- 1-2-0 | sample 11 | layer 3 ---
  [ICL 1] 'Does elective re-siting of intravenous cannulae decrease peripheral thrombophleb' → yes
  [ICL 2] 'Which laboratory determinations would be most helpful in distinguishing iron def' → D
  [ICL 3] 'Scrotal approach to both palpable and impalpable undescended testes: should it b' → yes
  [TEST] 'I have been feeling really sick lately. I have been having chills and fever, and'

--- 1-2-0 | sample 12 | layer 3 ---
  [ICL 1] 'In hypokalaemia all ECG changes are seen except' → B
  [ICL 2] 'Prescriptions as a proxy for asthma in children: a good choice?' → no
  [ICL 3] 'Did the call for boycott by the Catholic bishops affect the polio vaccination co' → no
  [TEST] 'Features of cardiac rest pain are all, except'

--- 1-2-0 | sample 13 | layer 3 ---
  [ICL 1] 'Does multi-modal cervical physical therapy improve tinnitus in patients with cer' → yes
  [ICL 2] 'An HIV1/2 point of care test on sputum for screening TB/HIV co-infection in Cent' → yes
  [ICL 3] 'Sentinel surveillance is done for: September 2003' → A
  [TEST] 'Do women residents delay childbearing due to perceived career threats?'

--- 1-2-0 | sample 14 | layer 3 ---
  [ICL 1] 'Do African American women require fewer calories to maintain weight?' → no
  [ICL 2] 'An HIV1/2 point of care test on sputum for screening TB/HIV co-infection in Cent' → yes
  [ICL 3] '42 yrs old man presented with dizziness on standing,SBP falls by 50 mm Hg and HR' → C
  [TEST] 'I have a stomach ache and I am feeling feverish. I also have chills and a headac'

--- 1-2-0 | sample 15 | layer 3 ---
  [ICL 1] 'Do some U.S. states have higher/lower injury mortality rates than others?' → yes
  [ICL 2] 'Subclavian steal syndrome: can the blood pressure difference between arms predic' → yes
  [ICL 3] 'Which of the following is selective myosin activator?' → B
  [TEST] 'Calculate the base deficit in a patient of weight 75 kg with a pH = 6.96, pCO2 ='

--- 1-2-0 | sample 16 | layer 3 ---
  [ICL 1] 'Continuation of pregnancy after antenatal corticosteroid administration: opportu' → maybe
  [ICL 2] 'Pancytopenia with cellular marrow is seen in all except -' → D
  [ICL 3] 'Prostatic syndrome and pleural effusion: are they different diseases?' → maybe
  [TEST] 'Does the lipid-lowering peroxisome proliferator-activated receptors ligand bezaf'

--- 1-2-0 | sample 17 | layer 3 ---
  [ICL 1] 'Is specialty care associated with improved survival of patients with congestive ' → yes
  [ICL 2] 'The following is a marker of acute hepatitis B infection -' → A
  [ICL 3] 'Upstream solutions: does the supplemental security income program reduce disabil' → yes
  [TEST] 'I have been having a headache for the past week. It started out as a dull ache, '

--- 1-2-0 | sample 18 | layer 3 ---
  [ICL 1] 'Does concomitant anterior/apical repair during midurethral sling improve the ove' → no
  [ICL 2] 'All of the following statements about mitral valve prolapse are true except:' → B
  [ICL 3] 'Is the international normalised ratio (INR) reliable?' → maybe
  [TEST] 'Valvular lesion most often resulting from myocardial infarction is:'

--- 1-2-0 | sample 19 | layer 3 ---
  [ICL 1] 'Juvenile osteochondritis dissecans: is it a growth disturbance of the secondary ' → yes
  [ICL 2] "Does Paget's disease exist in India?" → yes
  [ICL 3] 'A 45-year-old woman has developed increasing SOB on exertion and fatigue. She ha' → B
  [TEST] 'Does a febrile reaction to platelets predispose recipients to red blood cell all'

--- 0-2-1 | sample 0 | layer 3 ---
  [ICL 1] 'Can infundibular height predict the clearance of lower pole calyceal stone after' → yes
  [ICL 2] 'The clinical significance of bile duct sludge: is it different from bile duct st' → no
  [ICL 3] "I'm having trouble sleeping because of stomach pain. I'm also tired after using " → 17
  [TEST] 'Coarse tremors of tongue is seen in all except:'

--- 0-2-1 | sample 1 | layer 3 ---
  [ICL 1] 'I have rashes and skin irritations especially in the folds of my skin. My cuts a' → 8
  [ICL 2] 'Is fetal gender associated with emergency department visits for asthma during pr' → no
  [ICL 3] 'Is the atopy patch test with house dust mites specific for atopic dermatitis?' → yes
  [TEST] "Are the GFRUP's recommendations for withholding or withdrawing treatments in cri"

--- 0-2-1 | sample 2 | layer 3 ---
  [ICL 1] "I've been having chills, fatigue, and a cough for a few days. I've also been swe" → 18
  [ICL 2] 'Is double-balloon enteroscopy an accurate method to diagnose small-bowel disorde' → yes
  [ICL 3] 'Does gestational age misclassification explain the difference in birthweights fo' → no
  [TEST] "I have to go to the bathroom a lot, but when I get there, I can't seem to empty "

--- 0-2-1 | sample 3 | layer 3 ---
  [ICL 1] 'Are head and neck specific quality of life measures necessary?' → yes
  [ICL 2] "I've been feeling really sick lately. I've been having a lot of nausea and I fee" → 5
  [ICL 3] "Can ki-67 play a role in prediction of breast cancer patients' response to neoad" → yes
  [TEST] "Which of the following is not true about the salivary gland output in Sjogren's "

--- 0-2-1 | sample 4 | layer 3 ---
  [ICL 1] 'Upstream solutions: does the supplemental security income program reduce disabil' → yes
  [ICL 2] "I've been feeling really sick lately. I've been itchy and throwing up, and I've " → 14
  [ICL 3] 'Does menopausal transition affect the quality of life?' → no
  [TEST] 'Do nontriploid partial hydatidiform moles exist?'

--- 0-2-1 | sample 5 | layer 3 ---
  [ICL 1] 'Acute hepatitis C in Israel: a predominantly iatrogenic disease?' → yes
  [ICL 2] 'The colour of pain: can patients use colour to describe osteoarthritis pain?' → yes
  [ICL 3] 'I have been experiencing pain in my legs, especially when I exercise. The veins ' → 22
  [TEST] 'I have a pretty irritating itch all over my body, and my skin also has a few red'

--- 0-2-1 | sample 6 | layer 3 ---
  [ICL 1] 'I have a burning pain in my stomach that comes and goes. I also have a lot of ga' → 17
  [ICL 2] 'Is amoxapine an atypical antipsychotic?' → yes
  [ICL 3] 'Has the prevalence of health care services use increased over the last decade (2' → yes
  [TEST] 'Which of the following disease cause damage of vertebral body & intervertebral s'

--- 0-2-1 | sample 7 | layer 3 ---
  [ICL 1] 'Does cognitive function predict frequency compressed speech recognition in liste' → no
  [ICL 2] 'I have a rash all over my body that is really itchy. I also have some bumps that' → 10
  [ICL 3] 'Do women with ovaries of polycystic morphology without any other features of PCO' → no
  [TEST] 'Xanthogranulomatous cholecystitis: a premalignant condition?'

--- 0-2-1 | sample 8 | layer 3 ---
  [ICL 1] 'Is low birth weight a risk indicator for congenital cytomegalovirus infection?' → no
  [ICL 2] 'I have a sour taste in my mouth. I burp and belch a lot. I have pressure or full' → 17
  [ICL 3] 'Do approved doctors and medical referees in the UK agree when assessing a seafar' → no
  [TEST] 'I have a hard time concentrating and my emotions are all over the place. I feel '

--- 0-2-1 | sample 9 | layer 3 ---
  [ICL 1] 'Does ethnicity affect where people with cancer die?' → yes
  [ICL 2] "I have a fever and I can't breathe through my nose or mouth. I'm tired and I've " → 3
  [ICL 3] 'Cycloplegic autorefraction in young adults: is it mandatory?' → maybe
  [TEST] 'Myocardial infarction; signs are all except'

--- 0-2-1 | sample 10 | layer 3 ---
  [ICL 1] 'Implementation of epidural analgesia for labor: is the standard of effective ana' → yes
  [ICL 2] 'Mammographic screening in Sami speaking municipalities and a control group. Are ' → yes
  [ICL 3] "I have a lot of pain in my neck and back. I also feel weak and lightheaded. I've" → 4
  [TEST] 'Does tranexamic acid reduce desmopressin-induced hyperfibrinolysis?'

--- 0-2-1 | sample 11 | layer 3 ---
  [ICL 1] 'Does elective re-siting of intravenous cannulae decrease peripheral thrombophleb' → yes
  [ICL 2] 'Are opioid dependence and methadone maintenance treatment (MMT) documented in th' → maybe
  [ICL 3] "I've been having a strange odor in my urine, it's been red or black, and both. M" → 21
  [TEST] 'I have been feeling really sick lately. I have been having chills and fever, and'

--- 0-2-1 | sample 12 | layer 3 ---
  [ICL 1] 'Do mitochondria play a role in remodelling lace plant leaves during programmed c' → yes
  [ICL 2] 'Prescriptions as a proxy for asthma in children: a good choice?' → no
  [ICL 3] "I have been feeling really cold, even though it's warm outside. My back hurts an" → 7
  [TEST] 'Features of cardiac rest pain are all, except'

--- 0-2-1 | sample 13 | layer 3 ---
  [ICL 1] 'Does multi-modal cervical physical therapy improve tinnitus in patients with cer' → yes
  [ICL 2] "I've been having headaches and chest pain for a while now, and it's been getting" → 12
  [ICL 3] 'Are even impaired fasting blood glucose levels preoperatively associated with in' → yes
  [TEST] 'Do women residents delay childbearing due to perceived career threats?'

--- 0-2-1 | sample 14 | layer 3 ---
  [ICL 1] "I have these red and bumpy spots on my skin that are itchy. They're also a diffe" → 10
  [ICL 2] 'An HIV1/2 point of care test on sputum for screening TB/HIV co-infection in Cent' → yes
  [ICL 3] 'Does maternal obesity have an influence on feeding behavior of obese children?' → no
  [TEST] 'I have a stomach ache and I am feeling feverish. I also have chills and a headac'

--- 0-2-1 | sample 15 | layer 3 ---
  [ICL 1] 'Do some U.S. states have higher/lower injury mortality rates than others?' → yes
  [ICL 2] 'I have mood swings and have trouble concentrating. My mind feels hazy and foggy ' → 8
  [ICL 3] 'Does high-dose radiotherapy benefit palliative lung cancer patients?' → no
  [TEST] 'Calculate the base deficit in a patient of weight 75 kg with a pH = 6.96, pCO2 ='

--- 0-2-1 | sample 16 | layer 3 ---
  [ICL 1] "I have to pee a lot, and it's hard to hold it in. I feel dizzy and confused. I c" → 8
  [ICL 2] 'Traumatic aortic injury: does the anatomy of the aortic arch influence aortic tr' → yes
  [ICL 3] 'Prostatic syndrome and pleural effusion: are they different diseases?' → maybe
  [TEST] 'Does the lipid-lowering peroxisome proliferator-activated receptors ligand bezaf'

--- 0-2-1 | sample 17 | layer 3 ---
  [ICL 1] 'I have a lot of heartburn and acid reflux. I also feel sick after eating and som' → 11
  [ICL 2] 'Do microbiological factors account for poor pregnancy outcome among unmarried pr' → yes
  [ICL 3] 'Upstream solutions: does the supplemental security income program reduce disabil' → yes
  [TEST] 'I have been having a headache for the past week. It started out as a dull ache, '

--- 0-2-1 | sample 18 | layer 3 ---
  [ICL 1] "I've been experiencing a lot of itching, chills, vomiting, and a fever. I also h" → 15
  [ICL 2] 'Percutaneous ethanol injection for benign cystic thyroid nodules: is aspiration ' → no
  [ICL 3] 'Is the international normalised ratio (INR) reliable?' → maybe
  [TEST] 'Valvular lesion most often resulting from myocardial infarction is:'

--- 0-2-1 | sample 19 | layer 3 ---
  [ICL 1] 'I have noticed that my legs are swollen and the blood vessels are visible. I hav' → 22
  [ICL 2] "Does Paget's disease exist in India?" → yes
  [ICL 3] 'Does a family meetings intervention prevent depression and anxiety in family car' → no
  [TEST] 'Does a febrile reaction to platelets predispose recipients to red blood cell all'

--- 0-1-2 | sample 0 | layer 3 ---
  [ICL 1] 'Can infundibular height predict the clearance of lower pole calyceal stone after' → yes
  [ICL 2] "I have red, itchy bumps all over my body. They're especially bad on my arms and " → 5
  [ICL 3] "I'm having trouble sleeping because of stomach pain. I'm also tired after using " → 17
  [TEST] 'Coarse tremors of tongue is seen in all except:'

--- 0-1-2 | sample 1 | layer 3 ---
  [ICL 1] "My skin has been acting up recently, it's been itchy and I've been getting rashe" → 10
  [ICL 2] 'I have been experiencing abdominal pain for a few days now. It is really painful' → 20
  [ICL 3] 'Is the atopy patch test with house dust mites specific for atopic dermatitis?' → yes
  [TEST] "Are the GFRUP's recommendations for withholding or withdrawing treatments in cri"

--- 0-1-2 | sample 2 | layer 3 ---
  [ICL 1] "I've been having chills, fatigue, and a cough for a few days. I've also been swe" → 18
  [ICL 2] "I've been having trouble breathing, and I've been coughing a lot. I've been coug" → 3
  [ICL 3] 'Does gestational age misclassification explain the difference in birthweights fo' → no
  [TEST] "I have to go to the bathroom a lot, but when I get there, I can't seem to empty "

--- 0-1-2 | sample 3 | layer 3 ---
  [ICL 1] 'Are head and neck specific quality of life measures necessary?' → yes
  [ICL 2] "I've been feeling really sick lately. I've been having a lot of nausea and I fee" → 5
  [ICL 3] "I've been having diarrhea and constipation, which is really bothering me. I have" → 20
  [TEST] "Which of the following is not true about the salivary gland output in Sjogren's "

--- 0-1-2 | sample 4 | layer 3 ---
  [ICL 1] 'Upstream solutions: does the supplemental security income program reduce disabil' → yes
  [ICL 2] "I've been feeling really sick lately. I've been itchy and throwing up, and I've " → 14
  [ICL 3] "I have rashes that sometimes cause my skin to flake off. I'm more likely to get " → 9
  [TEST] 'Do nontriploid partial hydatidiform moles exist?'

--- 0-1-2 | sample 5 | layer 3 ---
  [ICL 1] "I have blood in my urine and a low-grade fever. I've also been having headaches " → 21
  [ICL 2] 'The colour of pain: can patients use colour to describe osteoarthritis pain?' → yes
  [ICL 3] 'I have swelling in my legs and it is causing me to have difficulty fitting into ' → 22
  [TEST] 'I have a pretty irritating itch all over my body, and my skin also has a few red'

--- 0-1-2 | sample 6 | layer 3 ---
  [ICL 1] 'I have a burning pain in my stomach that comes and goes. I also have a lot of ga' → 17
  [ICL 2] 'Is amoxapine an atypical antipsychotic?' → yes
  [ICL 3] "I have trouble breathing, especially when I'm outside. I start to feel hot and s" → 8
  [TEST] 'Which of the following disease cause damage of vertebral body & intervertebral s'

--- 0-1-2 | sample 7 | layer 3 ---
  [ICL 1] "I've been feeling really tired and weak, and I can't seem to get enough sleep. I" → 7
  [ICL 2] 'I have a rash all over my body that is really itchy. I also have some bumps that' → 10
  [ICL 3] 'Do women with ovaries of polycystic morphology without any other features of PCO' → no
  [TEST] 'Xanthogranulomatous cholecystitis: a premalignant condition?'

--- 0-1-2 | sample 8 | layer 3 ---
  [ICL 1] "I've been having a lot of pain in my joints and my neck has been really tight. I" → 2
  [ICL 2] 'I have a sour taste in my mouth. I burp and belch a lot. I have pressure or full' → 17
  [ICL 3] 'Do approved doctors and medical referees in the UK agree when assessing a seafar' → no
  [TEST] 'I have a hard time concentrating and my emotions are all over the place. I feel '

--- 0-1-2 | sample 9 | layer 3 ---
  [ICL 1] "I've been feeling really tired lately and have had this cough for a few days. It" → 3
  [ICL 2] "I have a fever and I can't breathe through my nose or mouth. I'm tired and I've " → 3
  [ICL 3] 'Cycloplegic autorefraction in young adults: is it mandatory?' → maybe
  [TEST] 'Myocardial infarction; signs are all except'

--- 0-1-2 | sample 10 | layer 3 ---
  [ICL 1] "I've been vomiting and having diarrhea for a few days. I've also been having a f" → 20
  [ICL 2] 'Mammographic screening in Sami speaking municipalities and a control group. Are ' → yes
  [ICL 3] "I have a lot of pain in my neck and back. I also feel weak and lightheaded. I've" → 4
  [TEST] 'Does tranexamic acid reduce desmopressin-induced hyperfibrinolysis?'

--- 0-1-2 | sample 11 | layer 3 ---
  [ICL 1] 'I have been experiencing pain and swelling in my legs. The pain is worse when I ' → 22
  [ICL 2] 'Are opioid dependence and methadone maintenance treatment (MMT) documented in th' → maybe
  [ICL 3] "I've been feeling really sick for the past few days. I have a fever, I can't cat" → 18
  [TEST] 'I have been feeling really sick lately. I have been having chills and fever, and'

--- 0-1-2 | sample 12 | layer 3 ---
  [ICL 1] 'Do mitochondria play a role in remodelling lace plant leaves during programmed c' → yes
  [ICL 2] 'I have a lot of pain in my legs, especially when I stand for long periods of tim' → 22
  [ICL 3] "I have been feeling really cold, even though it's warm outside. My back hurts an" → 7
  [TEST] 'Features of cardiac rest pain are all, except'

--- 0-1-2 | sample 13 | layer 3 ---
  [ICL 1] 'I have been feeling very thirsty and hungry lately. I also feel very tired at ti' → 8
  [ICL 2] "I'm experiencing a high fever, chills, nausea, and severe itching. I also have a" → 15
  [ICL 3] 'Are even impaired fasting blood glucose levels preoperatively associated with in' → yes
  [TEST] 'Do women residents delay childbearing due to perceived career threats?'

--- 0-1-2 | sample 14 | layer 3 ---
  [ICL 1] "I have a fever, headache, and swollen lymph nodes. I feel weak and fatigued. I'm" → 5
  [ICL 2] 'Does maternal obesity have an influence on feeding behavior of obese children?' → no
  [ICL 3] 'I have been having a lot of skin problems lately. I have red, scaly patches on m' → 19
  [TEST] 'I have a stomach ache and I am feeling feverish. I also have chills and a headac'

--- 0-1-2 | sample 15 | layer 3 ---
  [ICL 1] "I've had a high fever, vomiting, chills, and intense itching. I also have a head" → 15
  [ICL 2] 'I have mood swings and have trouble concentrating. My mind feels hazy and foggy ' → 8
  [ICL 3] 'Does high-dose radiotherapy benefit palliative lung cancer patients?' → no
  [TEST] 'Calculate the base deficit in a patient of weight 75 kg with a pH = 6.96, pCO2 ='

--- 0-1-2 | sample 16 | layer 3 ---
  [ICL 1] "I have to pee a lot, and it's hard to hold it in. I feel dizzy and confused. I c" → 8
  [ICL 2] 'Traumatic aortic injury: does the anatomy of the aortic arch influence aortic tr' → yes
  [ICL 3] 'I feel tired all the time, and my throat feels tingly. I also have dry, flaky sk' → 1
  [TEST] 'Does the lipid-lowering peroxisome proliferator-activated receptors ligand bezaf'

--- 0-1-2 | sample 17 | layer 3 ---
  [ICL 1] 'Do microbiological factors account for poor pregnancy outcome among unmarried pr' → yes
  [ICL 2] "I've gained a lot of weight and am currently quite fat. I have many inclinations" → 9
  [ICL 3] 'I have a rash on my back and chest, and my entire body itches. My skin may be dr' → 9
  [TEST] 'I have been having a headache for the past week. It started out as a dull ache, '

--- 0-1-2 | sample 18 | layer 3 ---
  [ICL 1] "I've been experiencing a lot of itching, chills, vomiting, and a fever. I also h" → 15
  [ICL 2] 'Percutaneous ethanol injection for benign cystic thyroid nodules: is aspiration ' → no
  [ICL 3] 'I have had diarrhea for a few days now. It is very watery and smells bad. I also' → 20
  [TEST] 'Valvular lesion most often resulting from myocardial infarction is:'

--- 0-1-2 | sample 19 | layer 3 ---
  [ICL 1] 'I have noticed that my legs are swollen and the blood vessels are visible. I hav' → 22
  [ICL 2] "I have a rash all over my body, and it's really itchy. I have some bumps that ar" → 10
  [ICL 3] 'Does a family meetings intervention prevent depression and anxiety in family car' → no
  [TEST] 'Does a febrile reaction to platelets predispose recipients to red blood cell all'

--- 2-0-1 | sample 0 | layer 3 ---
  [ICL 1] 'The differential diagnosis of micro-angiopathic anemia includes all Except:' → C
  [ICL 2] "I have red, itchy bumps all over my body. They're especially bad on my arms and " → 5
  [ICL 3] 'Aplastic anemia in sickle cell anemia is due to infection of -' → B
  [TEST] 'Coarse tremors of tongue is seen in all except:'

--- 2-0-1 | sample 1 | layer 3 ---
  [ICL 1] 'I have been urinating blood. I sometimes feel sick to my stomach when I urinate.' → 21
  [ICL 2] 'Floating water lilly sign on chest x-ray is characteristic of-' → A
  [ICL 3] "Which of the following is the established biological therapy for Crohn's disease" → A
  [TEST] "Are the GFRUP's recommendations for withholding or withdrawing treatments in cri"

--- 2-0-1 | sample 2 | layer 3 ---
  [ICL 1] "I've been having chills, fatigue, and a cough for a few days. I've also been swe" → 18
  [ICL 2] "Hepatitis B surface antigen in a patient's serum indicates" → B
  [ICL 3] 'Anticipation phenomenon is seen in' → D
  [TEST] "I have to go to the bathroom a lot, but when I get there, I can't seem to empty "

--- 2-0-1 | sample 3 | layer 3 ---
  [ICL 1] 'All are useful for management of severe Clostridium difficle treatment except -' → B
  [ICL 2] "I've been feeling really sick lately. I've been having a lot of nausea and I fee" → 5
  [ICL 3] 'Wide fixed splitting of the second hea sound is typical of-' → A
  [TEST] "Which of the following is not true about the salivary gland output in Sjogren's "

--- 2-0-1 | sample 4 | layer 3 ---
  [ICL 1] 'Alkaline phosphatase is found in all organs,except -a) Boneb) Heartc) Placentad)' → B
  [ICL 2] "I've been feeling really sick lately. I've been itchy and throwing up, and I've " → 14
  [ICL 3] 'A female patient presents with upper respiratory tract infection. Two days after' → A
  [TEST] 'Do nontriploid partial hydatidiform moles exist?'

--- 2-0-1 | sample 5 | layer 3 ---
  [ICL 1] 'Patient presents with fasting sugar as 167mg/dl, skin pigmentation and hypogonad' → C
  [ICL 2] 'All the following are used for treatment of chronic Hepatitis B except?' → C
  [ICL 3] 'I have swelling in my legs and it is causing me to have difficulty fitting into ' → 22
  [TEST] 'I have a pretty irritating itch all over my body, and my skin also has a few red'

--- 2-0-1 | sample 6 | layer 3 ---
  [ICL 1] 'I have a burning pain in my stomach that comes and goes. I also have a lot of ga' → 17
  [ICL 2] "Not seen in cushing's syndrome: March 2009" → D
  [ICL 3] 'Occupational exposure which is yet NOT confirmed on causing a lung problem: Marc' → C
  [TEST] 'Which of the following disease cause damage of vertebral body & intervertebral s'

--- 2-0-1 | sample 7 | layer 3 ---
  [ICL 1] '50 year old Dharma is admitted for chest discomfo. A right bundle branch block l' → D
  [ICL 2] 'I have a rash all over my body that is really itchy. I also have some bumps that' → 10
  [ICL 3] 'Immume complex mediated gloomerular damage is seen in all except -' → B
  [TEST] 'Xanthogranulomatous cholecystitis: a premalignant condition?'

--- 2-0-1 | sample 8 | layer 3 ---
  [ICL 1] '"Setting Sun" sign is seen in' → A
  [ICL 2] 'I have a sour taste in my mouth. I burp and belch a lot. I have pressure or full' → 17
  [ICL 3] 'A 38 year old male presents to OPD with history of progressive sholess of breath' → B
  [TEST] 'I have a hard time concentrating and my emotions are all over the place. I feel '

--- 2-0-1 | sample 9 | layer 3 ---
  [ICL 1] 'Atherosclerosis is inversely proport- ionnal to:' → D
  [ICL 2] "I have a fever and I can't breathe through my nose or mouth. I'm tired and I've " → 3
  [ICL 3] 'Peripheral resistance of arteries measures:' → B
  [TEST] 'Myocardial infarction; signs are all except'

--- 2-0-1 | sample 10 | layer 3 ---
  [ICL 1] 'Most common cause of pleural effusion in AIDS patients' → A
  [ICL 2] 'Indications for use of cyclophosphamide in SLE is' → C
  [ICL 3] "I have a lot of pain in my neck and back. I also feel weak and lightheaded. I've" → 4
  [TEST] 'Does tranexamic acid reduce desmopressin-induced hyperfibrinolysis?'

--- 2-0-1 | sample 11 | layer 3 ---
  [ICL 1] 'I have been experiencing pain and swelling in my legs. The pain is worse when I ' → 22
  [ICL 2] 'Which laboratory determinations would be most helpful in distinguishing iron def' → D
  [ICL 3] 'True about polycythemia rubra vera is all except -' → D
  [TEST] 'I have been feeling really sick lately. I have been having chills and fever, and'

--- 2-0-1 | sample 12 | layer 3 ---
  [ICL 1] 'In hypokalaemia all ECG changes are seen except' → B
  [ICL 2] 'Drug for management of hypeension in Phaeochromocytoma' → A
  [ICL 3] "I have been feeling really cold, even though it's warm outside. My back hurts an" → 7
  [TEST] 'Features of cardiac rest pain are all, except'

--- 2-0-1 | sample 13 | layer 3 ---
  [ICL 1] 'Regarding medullary sponge kidney-a) Autosomal dominantb) Nephrocalcinosisc) Min' → C
  [ICL 2] "I'm experiencing a high fever, chills, nausea, and severe itching. I also have a" → 15
  [ICL 3] 'Sentinel surveillance is done for: September 2003' → A
  [TEST] 'Do women residents delay childbearing due to perceived career threats?'

--- 2-0-1 | sample 14 | layer 3 ---
  [ICL 1] 'All are true regarding GB syndrome, Except -' → C
  [ICL 2] '42 yrs old man presented with dizziness on standing,SBP falls by 50 mm Hg and HR' → C
  [ICL 3] 'I have been having a lot of skin problems lately. I have red, scaly patches on m' → 19
  [TEST] 'I have a stomach ache and I am feeling feverish. I also have chills and a headac'

--- 2-0-1 | sample 15 | layer 3 ---
  [ICL 1] 'A 45-year-old woman has developed increasing SOB on exertion and fatigue. She ha' → B
  [ICL 2] 'I have mood swings and have trouble concentrating. My mind feels hazy and foggy ' → 8
  [ICL 3] 'Which of the following is selective myosin activator?' → B
  [TEST] 'Calculate the base deficit in a patient of weight 75 kg with a pH = 6.96, pCO2 ='

--- 2-0-1 | sample 16 | layer 3 ---
  [ICL 1] "I have to pee a lot, and it's hard to hold it in. I feel dizzy and confused. I c" → 8
  [ICL 2] 'Pancytopenia with cellular marrow is seen in all except -' → D
  [ICL 3] 'All the following are manifestations of CMV infection following Lung transplant ' → D
  [TEST] 'Does the lipid-lowering peroxisome proliferator-activated receptors ligand bezaf'

--- 2-0-1 | sample 17 | layer 3 ---
  [ICL 1] 'I have a lot of heartburn and acid reflux. I also feel sick after eating and som' → 11
  [ICL 2] 'The following is a marker of acute hepatitis B infection -' → A
  [ICL 3] 'Alkaline phosphatase is found in all organs,except -a) Boneb) Heartc) Placentad)' → B
  [TEST] 'I have been having a headache for the past week. It started out as a dull ache, '

--- 2-0-1 | sample 18 | layer 3 ---
  [ICL 1] "I've been experiencing a lot of itching, chills, vomiting, and a fever. I also h" → 15
  [ICL 2] 'All of the following statements about mitral valve prolapse are true except:' → B
  [ICL 3] 'Kespar Hauser syndrome is due to' → D
  [TEST] 'Valvular lesion most often resulting from myocardial infarction is:'

--- 2-0-1 | sample 19 | layer 3 ---
  [ICL 1] 'I have noticed that my legs are swollen and the blood vessels are visible. I hav' → 22
  [ICL 2] 'Which cranial nerve(s) is/are not involved in "Locked in syndrome"?' → C
  [ICL 3] 'A 45-year-old woman has developed increasing SOB on exertion and fatigue. She ha' → B
  [TEST] 'Does a febrile reaction to platelets predispose recipients to red blood cell all'

--- 1-0-2 | sample 0 | layer 3 ---
  [ICL 1] 'The differential diagnosis of micro-angiopathic anemia includes all Except:' → C
  [ICL 2] "I have red, itchy bumps all over my body. They're especially bad on my arms and " → 5
  [ICL 3] 'I have been feeling a lot of pain in my legs lately. It feels like a cramp and i' → 22
  [TEST] 'Coarse tremors of tongue is seen in all except:'

--- 1-0-2 | sample 1 | layer 3 ---
  [ICL 1] "My skin has been acting up recently, it's been itchy and I've been getting rashe" → 10
  [ICL 2] 'I have been experiencing abdominal pain for a few days now. It is really painful' → 20
  [ICL 3] 'Floating water lilly sign on chest x-ray is characteristic of-' → A
  [TEST] "Are the GFRUP's recommendations for withholding or withdrawing treatments in cri"

--- 1-0-2 | sample 2 | layer 3 ---
  [ICL 1] "I've been having chills, fatigue, and a cough for a few days. I've also been swe" → 18
  [ICL 2] "I've been having trouble breathing, and I've been coughing a lot. I've been coug" → 3
  [ICL 3] 'Anticipation phenomenon is seen in' → D
  [TEST] "I have to go to the bathroom a lot, but when I get there, I can't seem to empty "

--- 1-0-2 | sample 3 | layer 3 ---
  [ICL 1] 'All are useful for management of severe Clostridium difficle treatment except -' → B
  [ICL 2] "I've been feeling really sick lately. I've been having a lot of nausea and I fee" → 5
  [ICL 3] "I've been having diarrhea and constipation, which is really bothering me. I have" → 20
  [TEST] "Which of the following is not true about the salivary gland output in Sjogren's "

--- 1-0-2 | sample 4 | layer 3 ---
  [ICL 1] 'Alkaline phosphatase is found in all organs,except -a) Boneb) Heartc) Placentad)' → B
  [ICL 2] "I've been feeling really sick lately. I've been itchy and throwing up, and I've " → 14
  [ICL 3] "I have rashes that sometimes cause my skin to flake off. I'm more likely to get " → 9
  [TEST] 'Do nontriploid partial hydatidiform moles exist?'

--- 1-0-2 | sample 5 | layer 3 ---
  [ICL 1] "I have blood in my urine and a low-grade fever. I've also been having headaches " → 21
  [ICL 2] 'All the following are used for treatment of chronic Hepatitis B except?' → C
  [ICL 3] 'I have swelling in my legs and it is causing me to have difficulty fitting into ' → 22
  [TEST] 'I have a pretty irritating itch all over my body, and my skin also has a few red'

--- 1-0-2 | sample 6 | layer 3 ---
  [ICL 1] 'I have a burning pain in my stomach that comes and goes. I also have a lot of ga' → 17
  [ICL 2] "Not seen in cushing's syndrome: March 2009" → D
  [ICL 3] "I have trouble breathing, especially when I'm outside. I start to feel hot and s" → 8
  [TEST] 'Which of the following disease cause damage of vertebral body & intervertebral s'

--- 1-0-2 | sample 7 | layer 3 ---
  [ICL 1] "I've been feeling really tired and weak, and I can't seem to get enough sleep. I" → 7
  [ICL 2] 'I have a rash all over my body that is really itchy. I also have some bumps that' → 10
  [ICL 3] 'Immume complex mediated gloomerular damage is seen in all except -' → B
  [TEST] 'Xanthogranulomatous cholecystitis: a premalignant condition?'

--- 1-0-2 | sample 8 | layer 3 ---
  [ICL 1] "I've been having a lot of pain in my joints and my neck has been really tight. I" → 2
  [ICL 2] 'I have a sour taste in my mouth. I burp and belch a lot. I have pressure or full' → 17
  [ICL 3] 'A 38 year old male presents to OPD with history of progressive sholess of breath' → B
  [TEST] 'I have a hard time concentrating and my emotions are all over the place. I feel '

--- 1-0-2 | sample 9 | layer 3 ---
  [ICL 1] "I've been feeling really tired lately and have had this cough for a few days. It" → 3
  [ICL 2] "I have a fever and I can't breathe through my nose or mouth. I'm tired and I've " → 3
  [ICL 3] 'Peripheral resistance of arteries measures:' → B
  [TEST] 'Myocardial infarction; signs are all except'

--- 1-0-2 | sample 10 | layer 3 ---
  [ICL 1] "I've been vomiting and having diarrhea for a few days. I've also been having a f" → 20
  [ICL 2] 'Indications for use of cyclophosphamide in SLE is' → C
  [ICL 3] "I have a lot of pain in my neck and back. I also feel weak and lightheaded. I've" → 4
  [TEST] 'Does tranexamic acid reduce desmopressin-induced hyperfibrinolysis?'

--- 1-0-2 | sample 11 | layer 3 ---
  [ICL 1] 'I have been experiencing pain and swelling in my legs. The pain is worse when I ' → 22
  [ICL 2] 'Which laboratory determinations would be most helpful in distinguishing iron def' → D
  [ICL 3] "I've been feeling really sick for the past few days. I have a fever, I can't cat" → 18
  [TEST] 'I have been feeling really sick lately. I have been having chills and fever, and'

--- 1-0-2 | sample 12 | layer 3 ---
  [ICL 1] 'In hypokalaemia all ECG changes are seen except' → B
  [ICL 2] 'I have a lot of pain in my legs, especially when I stand for long periods of tim' → 22
  [ICL 3] "I have been feeling really cold, even though it's warm outside. My back hurts an" → 7
  [TEST] 'Features of cardiac rest pain are all, except'

--- 1-0-2 | sample 13 | layer 3 ---
  [ICL 1] 'I have been feeling very thirsty and hungry lately. I also feel very tired at ti' → 8
  [ICL 2] "I'm experiencing a high fever, chills, nausea, and severe itching. I also have a" → 15
  [ICL 3] 'Sentinel surveillance is done for: September 2003' → A
  [TEST] 'Do women residents delay childbearing due to perceived career threats?'

--- 1-0-2 | sample 14 | layer 3 ---
  [ICL 1] "I have a fever, headache, and swollen lymph nodes. I feel weak and fatigued. I'm" → 5
  [ICL 2] '42 yrs old man presented with dizziness on standing,SBP falls by 50 mm Hg and HR' → C
  [ICL 3] 'I have been having a lot of skin problems lately. I have red, scaly patches on m' → 19
  [TEST] 'I have a stomach ache and I am feeling feverish. I also have chills and a headac'

--- 1-0-2 | sample 15 | layer 3 ---
  [ICL 1] "I've had a high fever, vomiting, chills, and intense itching. I also have a head" → 15
  [ICL 2] 'I have mood swings and have trouble concentrating. My mind feels hazy and foggy ' → 8
  [ICL 3] 'Which of the following is selective myosin activator?' → B
  [TEST] 'Calculate the base deficit in a patient of weight 75 kg with a pH = 6.96, pCO2 ='

--- 1-0-2 | sample 16 | layer 3 ---
  [ICL 1] "I have to pee a lot, and it's hard to hold it in. I feel dizzy and confused. I c" → 8
  [ICL 2] 'Pancytopenia with cellular marrow is seen in all except -' → D
  [ICL 3] 'I feel tired all the time, and my throat feels tingly. I also have dry, flaky sk' → 1
  [TEST] 'Does the lipid-lowering peroxisome proliferator-activated receptors ligand bezaf'

--- 1-0-2 | sample 17 | layer 3 ---
  [ICL 1] 'The following is a marker of acute hepatitis B infection -' → A
  [ICL 2] "I've gained a lot of weight and am currently quite fat. I have many inclinations" → 9
  [ICL 3] 'I have a rash on my back and chest, and my entire body itches. My skin may be dr' → 9
  [TEST] 'I have been having a headache for the past week. It started out as a dull ache, '

--- 1-0-2 | sample 18 | layer 3 ---
  [ICL 1] "I've been experiencing a lot of itching, chills, vomiting, and a fever. I also h" → 15
  [ICL 2] 'All of the following statements about mitral valve prolapse are true except:' → B
  [ICL 3] 'I have had diarrhea for a few days now. It is very watery and smells bad. I also' → 20
  [TEST] 'Valvular lesion most often resulting from myocardial infarction is:'

--- 1-0-2 | sample 19 | layer 3 ---
  [ICL 1] 'I have noticed that my legs are swollen and the blood vessels are visible. I hav' → 22
  [ICL 2] "I have a rash all over my body, and it's really itchy. I have some bumps that ar" → 10
  [ICL 3] 'A 45-year-old woman has developed increasing SOB on exertion and fatigue. She ha' → B
  [TEST] 'Does a febrile reaction to platelets predispose recipients to red blood cell all'

--- 1-1-1 | sample 0 | layer 3 ---
  [ICL 1] 'The differential diagnosis of micro-angiopathic anemia includes all Except:' → C
  [ICL 2] "I have red, itchy bumps all over my body. They're especially bad on my arms and " → 5
  [ICL 3] 'Can infundibular height predict the clearance of lower pole calyceal stone after' → yes
  [TEST] 'Coarse tremors of tongue is seen in all except:'

--- 1-1-1 | sample 1 | layer 3 ---
  [ICL 1] 'I have rashes and skin irritations especially in the folds of my skin. My cuts a' → 8
  [ICL 2] 'Is fetal gender associated with emergency department visits for asthma during pr' → no
  [ICL 3] 'Floating water lilly sign on chest x-ray is characteristic of-' → A
  [TEST] "Are the GFRUP's recommendations for withholding or withdrawing treatments in cri"

--- 1-1-1 | sample 2 | layer 3 ---
  [ICL 1] "I've been having chills, fatigue, and a cough for a few days. I've also been swe" → 18
  [ICL 2] 'Is double-balloon enteroscopy an accurate method to diagnose small-bowel disorde' → yes
  [ICL 3] 'Anticipation phenomenon is seen in' → D
  [TEST] "I have to go to the bathroom a lot, but when I get there, I can't seem to empty "

--- 1-1-1 | sample 3 | layer 3 ---
  [ICL 1] 'All are useful for management of severe Clostridium difficle treatment except -' → B
  [ICL 2] "I've been feeling really sick lately. I've been having a lot of nausea and I fee" → 5
  [ICL 3] "Can ki-67 play a role in prediction of breast cancer patients' response to neoad" → yes
  [TEST] "Which of the following is not true about the salivary gland output in Sjogren's "

--- 1-1-1 | sample 4 | layer 3 ---
  [ICL 1] 'Alkaline phosphatase is found in all organs,except -a) Boneb) Heartc) Placentad)' → B
  [ICL 2] "I've been feeling really sick lately. I've been itchy and throwing up, and I've " → 14
  [ICL 3] 'Does menopausal transition affect the quality of life?' → no
  [TEST] 'Do nontriploid partial hydatidiform moles exist?'

--- 1-1-1 | sample 5 | layer 3 ---
  [ICL 1] 'Acute hepatitis C in Israel: a predominantly iatrogenic disease?' → yes
  [ICL 2] 'All the following are used for treatment of chronic Hepatitis B except?' → C
  [ICL 3] 'I have been experiencing pain in my legs, especially when I exercise. The veins ' → 22
  [TEST] 'I have a pretty irritating itch all over my body, and my skin also has a few red'

--- 1-1-1 | sample 6 | layer 3 ---
  [ICL 1] 'I have a burning pain in my stomach that comes and goes. I also have a lot of ga' → 17
  [ICL 2] "Not seen in cushing's syndrome: March 2009" → D
  [ICL 3] 'Has the prevalence of health care services use increased over the last decade (2' → yes
  [TEST] 'Which of the following disease cause damage of vertebral body & intervertebral s'

--- 1-1-1 | sample 7 | layer 3 ---
  [ICL 1] 'Does cognitive function predict frequency compressed speech recognition in liste' → no
  [ICL 2] 'I have a rash all over my body that is really itchy. I also have some bumps that' → 10
  [ICL 3] 'Immume complex mediated gloomerular damage is seen in all except -' → B
  [TEST] 'Xanthogranulomatous cholecystitis: a premalignant condition?'

--- 1-1-1 | sample 8 | layer 3 ---
  [ICL 1] 'Is low birth weight a risk indicator for congenital cytomegalovirus infection?' → no
  [ICL 2] 'I have a sour taste in my mouth. I burp and belch a lot. I have pressure or full' → 17
  [ICL 3] 'A 38 year old male presents to OPD with history of progressive sholess of breath' → B
  [TEST] 'I have a hard time concentrating and my emotions are all over the place. I feel '

--- 1-1-1 | sample 9 | layer 3 ---
  [ICL 1] 'Does ethnicity affect where people with cancer die?' → yes
  [ICL 2] "I have a fever and I can't breathe through my nose or mouth. I'm tired and I've " → 3
  [ICL 3] 'Peripheral resistance of arteries measures:' → B
  [TEST] 'Myocardial infarction; signs are all except'

--- 1-1-1 | sample 10 | layer 3 ---
  [ICL 1] 'Implementation of epidural analgesia for labor: is the standard of effective ana' → yes
  [ICL 2] 'Indications for use of cyclophosphamide in SLE is' → C
  [ICL 3] "I have a lot of pain in my neck and back. I also feel weak and lightheaded. I've" → 4
  [TEST] 'Does tranexamic acid reduce desmopressin-induced hyperfibrinolysis?'

--- 1-1-1 | sample 11 | layer 3 ---
  [ICL 1] 'Does elective re-siting of intravenous cannulae decrease peripheral thrombophleb' → yes
  [ICL 2] 'Which laboratory determinations would be most helpful in distinguishing iron def' → D
  [ICL 3] "I've been having a strange odor in my urine, it's been red or black, and both. M" → 21
  [TEST] 'I have been feeling really sick lately. I have been having chills and fever, and'

--- 1-1-1 | sample 12 | layer 3 ---
  [ICL 1] 'In hypokalaemia all ECG changes are seen except' → B
  [ICL 2] 'Prescriptions as a proxy for asthma in children: a good choice?' → no
  [ICL 3] "I have been feeling really cold, even though it's warm outside. My back hurts an" → 7
  [TEST] 'Features of cardiac rest pain are all, except'

--- 1-1-1 | sample 13 | layer 3 ---
  [ICL 1] 'Does multi-modal cervical physical therapy improve tinnitus in patients with cer' → yes
  [ICL 2] "I've been having headaches and chest pain for a while now, and it's been getting" → 12
  [ICL 3] 'Sentinel surveillance is done for: September 2003' → A
  [TEST] 'Do women residents delay childbearing due to perceived career threats?'

--- 1-1-1 | sample 14 | layer 3 ---
  [ICL 1] "I have these red and bumpy spots on my skin that are itchy. They're also a diffe" → 10
  [ICL 2] 'An HIV1/2 point of care test on sputum for screening TB/HIV co-infection in Cent' → yes
  [ICL 3] '42 yrs old man presented with dizziness on standing,SBP falls by 50 mm Hg and HR' → C
  [TEST] 'I have a stomach ache and I am feeling feverish. I also have chills and a headac'

--- 1-1-1 | sample 15 | layer 3 ---
  [ICL 1] 'Do some U.S. states have higher/lower injury mortality rates than others?' → yes
  [ICL 2] 'I have mood swings and have trouble concentrating. My mind feels hazy and foggy ' → 8
  [ICL 3] 'Which of the following is selective myosin activator?' → B
  [TEST] 'Calculate the base deficit in a patient of weight 75 kg with a pH = 6.96, pCO2 ='

--- 1-1-1 | sample 16 | layer 3 ---
  [ICL 1] "I have to pee a lot, and it's hard to hold it in. I feel dizzy and confused. I c" → 8
  [ICL 2] 'Pancytopenia with cellular marrow is seen in all except -' → D
  [ICL 3] 'Prostatic syndrome and pleural effusion: are they different diseases?' → maybe
  [TEST] 'Does the lipid-lowering peroxisome proliferator-activated receptors ligand bezaf'

--- 1-1-1 | sample 17 | layer 3 ---
  [ICL 1] 'I have a lot of heartburn and acid reflux. I also feel sick after eating and som' → 11
  [ICL 2] 'The following is a marker of acute hepatitis B infection -' → A
  [ICL 3] 'Upstream solutions: does the supplemental security income program reduce disabil' → yes
  [TEST] 'I have been having a headache for the past week. It started out as a dull ache, '

--- 1-1-1 | sample 18 | layer 3 ---
  [ICL 1] "I've been experiencing a lot of itching, chills, vomiting, and a fever. I also h" → 15
  [ICL 2] 'All of the following statements about mitral valve prolapse are true except:' → B
  [ICL 3] 'Is the international normalised ratio (INR) reliable?' → maybe
  [TEST] 'Valvular lesion most often resulting from myocardial infarction is:'

--- 1-1-1 | sample 19 | layer 3 ---
  [ICL 1] 'I have noticed that my legs are swollen and the blood vessels are visible. I hav' → 22
  [ICL 2] "Does Paget's disease exist in India?" → yes
  [ICL 3] 'A 45-year-old woman has developed increasing SOB on exertion and fatigue. She ha' → B
  [TEST] 'Does a febrile reaction to platelets predispose recipients to red blood cell all'


======================================================================
EXPERIMENT : behavioral_superposition — collect_contrast_vectors — layer 3
TIME       : 2026-05-15 11:07:13
======================================================================

--- MCQ | sample 0 | layer 3 ---
  [ICL 1] 'The differential diagnosis of micro-angiopathic anemia includes all Except:' → C
  [ICL 2] 'Aplastic anemia in sickle cell anemia is due to infection of -' → B
  [ICL 3] 'An 80 year old female presents with progressive loss of memory, difficulty in re' → A
  [TEST] 'Coarse tremors of tongue is seen in all except:'

--- MCQ | sample 1 | layer 3 ---
  [ICL 1] 'Floating water lilly sign on chest x-ray is characteristic of-' → A
  [ICL 2] "Which of the following is the established biological therapy for Crohn's disease" → A
  [ICL 3] 'A 64-year-old woman is admitted to the hospital with right lobar pneumonia and s' → C
  [TEST] 'A 55- year old diabetic patient presents with transient obscuration in vision fo'

--- MCQ | sample 2 | layer 3 ---
  [ICL 1] 'Anticipation phenomenon is seen in' → D
  [ICL 2] "Hepatitis B surface antigen in a patient's serum indicates" → B
  [ICL 3] 'Features of restrictive lung disease is-' → D
  [TEST] 'Which heart sound indicates stiffness of ventricular wall'

--- MCQ | sample 3 | layer 3 ---
  [ICL 1] 'All are useful for management of severe Clostridium difficle treatment except -' → B
  [ICL 2] 'Wide fixed splitting of the second hea sound is typical of-' → A
  [ICL 3] 'A cardiac patient must be asked to stop one of the following drugs when he is co' → C
  [TEST] "Which of the following is not true about the salivary gland output in Sjogren's "

--- MCQ | sample 4 | layer 3 ---
  [ICL 1] 'Alkaline phosphatase is found in all organs,except -a) Boneb) Heartc) Placentad)' → B
  [ICL 2] 'A female patient presents with upper respiratory tract infection. Two days after' → A
  [ICL 3] 'Esophageal adenocarcinoma is predisposed by' → B
  [TEST] "Which of the following is not true about the salivary gland output in Sjogren's "

--- MCQ | sample 5 | layer 3 ---
  [ICL 1] 'All the following are used for treatment of chronic Hepatitis B except?' → C
  [ICL 2] 'Patient presents with fasting sugar as 167mg/dl, skin pigmentation and hypogonad' → C
  [ICL 3] 'Sarcodiosis can be associated with' → A
  [TEST] 'First time causative agent of AIDS was discovered in:'

--- MCQ | sample 6 | layer 3 ---
  [ICL 1] "Not seen in cushing's syndrome: March 2009" → D
  [ICL 2] 'Occupational exposure which is yet NOT confirmed on causing a lung problem: Marc' → C
  [ICL 3] "Which of the following is the established biological therapy for Crohn's disease" → A
  [TEST] 'Which of the following disease cause damage of vertebral body & intervertebral s'

--- MCQ | sample 7 | layer 3 ---
  [ICL 1] 'Immume complex mediated gloomerular damage is seen in all except -' → B
  [ICL 2] '50 year old Dharma is admitted for chest discomfo. A right bundle branch block l' → D
  [ICL 3] 'Which of the following is associated with adult polycystic kidney disease -' → A
  [TEST] 'Lead cause following except'

--- MCQ | sample 8 | layer 3 ---
  [ICL 1] 'A 38 year old male presents to OPD with history of progressive sholess of breath' → B
  [ICL 2] '"Setting Sun" sign is seen in' → A
  [ICL 3] 'Most common inherited peripheral neuropathy is?' → B
  [TEST] "Which of the following is not true about the salivary gland output in Sjogren's "

--- MCQ | sample 9 | layer 3 ---
  [ICL 1] 'Peripheral resistance of arteries measures:' → B
  [ICL 2] 'Atherosclerosis is inversely proport- ionnal to:' → D
  [ICL 3] 'In hypokalaemia all ECG changes are seen except' → B
  [TEST] 'Myocardial infarction; signs are all except'

--- MCQ | sample 10 | layer 3 ---
  [ICL 1] 'Indications for use of cyclophosphamide in SLE is' → C
  [ICL 2] 'Most common cause of pleural effusion in AIDS patients' → A
  [ICL 3] 'All the following are manifestations of CMV infection following Lung transplant ' → D
  [TEST] 'Which of the following disease cause damage of vertebral body & intervertebral s'

--- MCQ | sample 11 | layer 3 ---
  [ICL 1] 'Which laboratory determinations would be most helpful in distinguishing iron def' → D
  [ICL 2] 'True about polycythemia rubra vera is all except -' → D
  [ICL 3] 'Pulses paradoxus is seen in:' → C
  [TEST] 'Myocardial infarction; signs are all except'

--- MCQ | sample 12 | layer 3 ---
  [ICL 1] 'In hypokalaemia all ECG changes are seen except' → B
  [ICL 2] 'Drug for management of hypeension in Phaeochromocytoma' → A
  [ICL 3] 'ECG with ST -elevation low BP. Best line of management is -' → C
  [TEST] 'Features of cardiac rest pain are all, except'

--- MCQ | sample 13 | layer 3 ---
  [ICL 1] 'Sentinel surveillance is done for: September 2003' → A
  [ICL 2] 'Regarding medullary sponge kidney-a) Autosomal dominantb) Nephrocalcinosisc) Min' → C
  [ICL 3] 'Generally speaking, the distal, burning, painful dysesthesias with reduced pinpr' → A
  [TEST] 'Which drug is not given in Wilson disease?'

--- MCQ | sample 14 | layer 3 ---
  [ICL 1] '42 yrs old man presented with dizziness on standing,SBP falls by 50 mm Hg and HR' → C
  [ICL 2] 'All are true regarding GB syndrome, Except -' → C
  [ICL 3] 'A 23-year-old male patient presented with a history of back pain, which is more ' → D
  [TEST] 'Staphylococcus aureus and pneumoniae are responsible for:'

--- MCQ | sample 15 | layer 3 ---
  [ICL 1] 'Which of the following is selective myosin activator?' → B
  [ICL 2] 'A 45-year-old woman has developed increasing SOB on exertion and fatigue. She ha' → B
  [ICL 3] 'All of the following are chromosomal breakage syndromes except -' → B
  [TEST] 'Calculate the base deficit in a patient of weight 75 kg with a pH = 6.96, pCO2 ='

--- MCQ | sample 16 | layer 3 ---
  [ICL 1] 'Pancytopenia with cellular marrow is seen in all except -' → D
  [ICL 2] 'All the following are manifestations of CMV infection following Lung transplant ' → D
  [ICL 3] 'A raised serum creatinine phosphokinase level in unusual in -' → C
  [TEST] 'Facial nerve injury during forceps delivery in labour is due to:'

--- MCQ | sample 17 | layer 3 ---
  [ICL 1] 'The following is a marker of acute hepatitis B infection -' → A
  [ICL 2] 'Alkaline phosphatase is found in all organs,except -a) Boneb) Heartc) Placentad)' → B
  [ICL 3] 'Investigation of choice for diagnosing primary hypothyroidism: March 2007, Septe' → C
  [TEST] 'A 29 yrs old woman with a pregnancy of 17 week has a 10 years old boy with down '

--- MCQ | sample 18 | layer 3 ---
  [ICL 1] 'All of the following statements about mitral valve prolapse are true except:' → B
  [ICL 2] 'Kespar Hauser syndrome is due to' → D
  [ICL 3] 'Right axis deviation is seen in all except' → B
  [TEST] 'Valvular lesion most often resulting from myocardial infarction is:'

--- MCQ | sample 19 | layer 3 ---
  [ICL 1] 'A 45-year-old woman has developed increasing SOB on exertion and fatigue. She ha' → B
  [ICL 2] 'Which cranial nerve(s) is/are not involved in "Locked in syndrome"?' → C
  [ICL 3] 'Which of the following is not a cause of cirrhosis?' → C
  [TEST] 'Which heart sound indicates stiffness of ventricular wall'

--- PubMedQA | sample 0 | layer 3 ---
  [ICL 1] 'Can infundibular height predict the clearance of lower pole calyceal stone after' → yes
  [ICL 2] 'The clinical significance of bile duct sludge: is it different from bile duct st' → no
  [ICL 3] 'Is pelvic pain associated with defecatory symptoms in women with pelvic organ pr' → yes
  [TEST] 'Does preoperative anemia adversely affect colon and rectal surgery outcomes?'

--- PubMedQA | sample 1 | layer 3 ---
  [ICL 1] 'Is the atopy patch test with house dust mites specific for atopic dermatitis?' → yes
  [ICL 2] 'Is fetal gender associated with emergency department visits for asthma during pr' → no
  [ICL 3] 'The colour of pain: can patients use colour to describe osteoarthritis pain?' → yes
  [TEST] "Are the GFRUP's recommendations for withholding or withdrawing treatments in cri"

--- PubMedQA | sample 2 | layer 3 ---
  [ICL 1] 'Does gestational age misclassification explain the difference in birthweights fo' → no
  [ICL 2] 'Is double-balloon enteroscopy an accurate method to diagnose small-bowel disorde' → yes
  [ICL 3] 'Can magnetic resonance-ultrasound fusion biopsy improve cancer detection in enla' → yes
  [TEST] 'Does a febrile reaction to platelets predispose recipients to red blood cell all'

--- PubMedQA | sample 3 | layer 3 ---
  [ICL 1] 'Are head and neck specific quality of life measures necessary?' → yes
  [ICL 2] "Can ki-67 play a role in prediction of breast cancer patients' response to neoad" → yes
  [ICL 3] 'Does prior benign prostate biopsy predict outcome for patients treated with radi' → yes
  [TEST] 'Do nontriploid partial hydatidiform moles exist?'

--- PubMedQA | sample 4 | layer 3 ---
  [ICL 1] 'Upstream solutions: does the supplemental security income program reduce disabil' → yes
  [ICL 2] 'Does menopausal transition affect the quality of life?' → no
  [ICL 3] 'Transient tachypnea of the newborn (TTN): a role for polymorphisms in the beta-a' → yes
  [TEST] 'Do nontriploid partial hydatidiform moles exist?'

--- PubMedQA | sample 5 | layer 3 ---
  [ICL 1] 'The colour of pain: can patients use colour to describe osteoarthritis pain?' → yes
  [ICL 2] 'Acute hepatitis C in Israel: a predominantly iatrogenic disease?' → yes
  [ICL 3] 'An HIV1/2 point of care test on sputum for screening TB/HIV co-infection in Cent' → yes
  [TEST] 'Advanced epithelial ovarian carcinoma in Thai women: should we continue to offer'

--- PubMedQA | sample 6 | layer 3 ---
  [ICL 1] 'Is amoxapine an atypical antipsychotic?' → yes
  [ICL 2] 'Has the prevalence of health care services use increased over the last decade (2' → yes
  [ICL 3] 'Does telmisartan prevent hepatic fibrosis in rats with alloxan-induced diabetes?' → yes
  [TEST] 'Does tranexamic acid reduce desmopressin-induced hyperfibrinolysis?'

--- PubMedQA | sample 7 | layer 3 ---
  [ICL 1] 'Do women with ovaries of polycystic morphology without any other features of PCO' → no
  [ICL 2] 'Does cognitive function predict frequency compressed speech recognition in liste' → no
  [ICL 3] 'Is there a relationship between homocysteine and vitiligo?' → yes
  [TEST] 'Xanthogranulomatous cholecystitis: a premalignant condition?'

--- PubMedQA | sample 8 | layer 3 ---
  [ICL 1] 'Do approved doctors and medical referees in the UK agree when assessing a seafar' → no
  [ICL 2] 'Is low birth weight a risk indicator for congenital cytomegalovirus infection?' → no
  [ICL 3] 'Steroids in aminoglycoside-containing ear drops: do they reduce cochlear toxicit' → yes
  [TEST] 'Do nontriploid partial hydatidiform moles exist?'

--- PubMedQA | sample 9 | layer 3 ---
  [ICL 1] 'Cycloplegic autorefraction in young adults: is it mandatory?' → maybe
  [ICL 2] 'Does ethnicity affect where people with cancer die?' → yes
  [ICL 3] 'Does the central venous pressure predict fluid responsiveness?' → no
  [TEST] 'Vaginal dose assessment in image-guided brachytherapy for cervical cancer: Can w'

--- PubMedQA | sample 10 | layer 3 ---
  [ICL 1] 'Mammographic screening in Sami speaking municipalities and a control group. Are ' → yes
  [ICL 2] 'Implementation of epidural analgesia for labor: is the standard of effective ana' → yes
  [ICL 3] 'Does short-term treatment with proton pump inhibitors cause rebound aggravation ' → no
  [TEST] 'Does tranexamic acid reduce desmopressin-induced hyperfibrinolysis?'

--- PubMedQA | sample 11 | layer 3 ---
  [ICL 1] 'Are opioid dependence and methadone maintenance treatment (MMT) documented in th' → maybe
  [ICL 2] 'Does elective re-siting of intravenous cannulae decrease peripheral thrombophleb' → yes
  [ICL 3] 'Scrotal approach to both palpable and impalpable undescended testes: should it b' → yes
  [TEST] 'Vaginal dose assessment in image-guided brachytherapy for cervical cancer: Can w'

--- PubMedQA | sample 12 | layer 3 ---
  [ICL 1] 'Do mitochondria play a role in remodelling lace plant leaves during programmed c' → yes
  [ICL 2] 'Prescriptions as a proxy for asthma in children: a good choice?' → no
  [ICL 3] 'Did the call for boycott by the Catholic bishops affect the polio vaccination co' → no
  [TEST] 'Are performance measurement systems useful?'

--- PubMedQA | sample 13 | layer 3 ---
  [ICL 1] 'Are even impaired fasting blood glucose levels preoperatively associated with in' → yes
  [ICL 2] 'Does multi-modal cervical physical therapy improve tinnitus in patients with cer' → yes
  [ICL 3] 'An HIV1/2 point of care test on sputum for screening TB/HIV co-infection in Cent' → yes
  [TEST] 'Do women residents delay childbearing due to perceived career threats?'

--- PubMedQA | sample 14 | layer 3 ---
  [ICL 1] 'Does maternal obesity have an influence on feeding behavior of obese children?' → no
  [ICL 2] 'An HIV1/2 point of care test on sputum for screening TB/HIV co-infection in Cent' → yes
  [ICL 3] 'Do African American women require fewer calories to maintain weight?' → no
  [TEST] 'PREVALENCE OF THE STREPTOCOCUS AGALACTIAE IN THE PREGNANT WOMAN FROM THE AUTONOM'

--- PubMedQA | sample 15 | layer 3 ---
  [ICL 1] 'Does high-dose radiotherapy benefit palliative lung cancer patients?' → no
  [ICL 2] 'Do some U.S. states have higher/lower injury mortality rates than others?' → yes
  [ICL 3] 'Subclavian steal syndrome: can the blood pressure difference between arms predic' → yes
  [TEST] 'Is portable ultrasonography accurate in the evaluation of Schanz pin placement d'

--- PubMedQA | sample 16 | layer 3 ---
  [ICL 1] 'Traumatic aortic injury: does the anatomy of the aortic arch influence aortic tr' → yes
  [ICL 2] 'Prostatic syndrome and pleural effusion: are they different diseases?' → maybe
  [ICL 3] 'Continuation of pregnancy after antenatal corticosteroid administration: opportu' → maybe
  [TEST] 'Does the lipid-lowering peroxisome proliferator-activated receptors ligand bezaf'

--- PubMedQA | sample 17 | layer 3 ---
  [ICL 1] 'Do microbiological factors account for poor pregnancy outcome among unmarried pr' → yes
  [ICL 2] 'Upstream solutions: does the supplemental security income program reduce disabil' → yes
  [ICL 3] 'Is specialty care associated with improved survival of patients with congestive ' → yes
  [TEST] 'Serum angiotensin-converting enzyme and frequency of severe hypoglycaemia in Typ'

--- PubMedQA | sample 18 | layer 3 ---
  [ICL 1] 'Percutaneous ethanol injection for benign cystic thyroid nodules: is aspiration ' → no
  [ICL 2] 'Is the international normalised ratio (INR) reliable?' → maybe
  [ICL 3] 'Does concomitant anterior/apical repair during midurethral sling improve the ove' → no
  [TEST] 'Household and food shopping environments: do they play a role in socioeconomic i'

--- PubMedQA | sample 19 | layer 3 ---
  [ICL 1] 'Does a family meetings intervention prevent depression and anxiety in family car' → no
  [ICL 2] "Does Paget's disease exist in India?" → yes
  [ICL 3] 'Juvenile osteochondritis dissecans: is it a growth disturbance of the secondary ' → yes
  [TEST] 'Does a febrile reaction to platelets predispose recipients to red blood cell all'

--- Symptom2Disease | sample 0 | layer 3 ---
  [ICL 1] 'I have a rash on my legs that is giving me a lot of pain. There appears to be a ' → 22
  [ICL 2] 'I have been feeling a lot of pain in my legs lately. It feels like a cramp and i' → 22
  [ICL 3] "I have red, itchy bumps all over my body. They're especially bad on my arms and " → 5
  [TEST] 'I have been having a lot of problems with my skin. It is constantly peeling and '

--- Symptom2Disease | sample 1 | layer 3 ---
  [ICL 1] 'I have a rash on my skin that is itchy and uncomfortable. There are also some od' → 10
  [ICL 2] 'I have been experiencing abdominal pain for a few days now. It is really painful' → 20
  [ICL 3] "My skin has been acting up recently, it's been itchy and I've been getting rashe" → 10
  [TEST] "I have red, irritated skin on my arms, face, and back. It's often itchy and unco"

--- Symptom2Disease | sample 2 | layer 3 ---
  [ICL 1] 'I have a lot of nausea and chest pain. My chest has been hurting for a while now' → 9
  [ICL 2] "I've been having trouble breathing, and I've been coughing a lot. I've been coug" → 3
  [ICL 3] "I've been having chills, fatigue, and a cough for a few days. I've also been swe" → 18
  [TEST] "I have to go to the bathroom a lot, but when I get there, I can't seem to empty "

--- Symptom2Disease | sample 3 | layer 3 ---
  [ICL 1] "I have these large, bulging veins on my legs that are really painful. They're re" → 22
  [ICL 2] "I've been having diarrhea and constipation, which is really bothering me. I have" → 20
  [ICL 3] "I've been feeling really sick lately. I've been having a lot of nausea and I fee" → 5
  [TEST] 'I have a hard time concentrating and my emotions are all over the place. I feel '

--- Symptom2Disease | sample 4 | layer 3 ---
  [ICL 1] "I've gained a lot of weight and am currently quite fat. I have many inclinations" → 9
  [ICL 2] "I have rashes that sometimes cause my skin to flake off. I'm more likely to get " → 9
  [ICL 3] "I've been feeling really sick lately. I've been itchy and throwing up, and I've " → 14
  [TEST] 'I have a hard time concentrating and my emotions are all over the place. I feel '

--- Symptom2Disease | sample 5 | layer 3 ---
  [ICL 1] 'I have rashes and skin irritations especially in the folds of my skin. My cuts a' → 8
  [ICL 2] "I have blood in my urine and a low-grade fever. I've also been having headaches " → 21
  [ICL 3] 'I have swelling in my legs and it is causing me to have difficulty fitting into ' → 22
  [TEST] 'I have a pretty irritating itch all over my body, and my skin also has a few red'

--- Symptom2Disease | sample 6 | layer 3 ---
  [ICL 1] "I've been feeling really sick and tired. I've lost weight and have a fever. My u" → 14
  [ICL 2] 'I have been having rashes on my skin for a while now. They are not healing and a' → 19
  [ICL 3] "I have trouble breathing, especially when I'm outside. I start to feel hot and s" → 8
  [TEST] "I've been experiencing stiffness and weakness in my neck muscles recently. I've "

--- Symptom2Disease | sample 7 | layer 3 ---
  [ICL 1] "I've been having trouble concentrating and focusing. I've also been experiencing" → 12
  [ICL 2] "I've been feeling really tired and weak, and I can't seem to get enough sleep. I" → 7
  [ICL 3] 'I have a rash all over my body that is really itchy. I also have some bumps that' → 10
  [TEST] "I have a rash that sometimes causes my skin to peel off. I'm more susceptible to"

--- Symptom2Disease | sample 8 | layer 3 ---
  [ICL 1] "My muscles are weak and I have back pain. I've been feeling lightheaded and dizz" → 4
  [ICL 2] "I've been having a lot of pain in my joints and my neck has been really tight. I" → 2
  [ICL 3] 'I have a sour taste in my mouth. I burp and belch a lot. I have pressure or full' → 17
  [TEST] 'I have a hard time concentrating and my emotions are all over the place. I feel '

--- Symptom2Disease | sample 9 | layer 3 ---
  [ICL 1] 'I have a lot of pain in my legs, especially when I stand or walk for a long time' → 22
  [ICL 2] "I've been feeling really tired lately and have had this cough for a few days. It" → 3
  [ICL 3] "I have a fever and I can't breathe through my nose or mouth. I'm tired and I've " → 3
  [TEST] 'I have been feeling really sick lately. I have been having chills and fever, and'

--- Symptom2Disease | sample 10 | layer 3 ---
  [ICL 1] "I've been having trouble breathing lately. I've been coughing a lot, and my ches" → 3
  [ICL 2] "I've been vomiting and having diarrhea for a few days. I've also been having a f" → 20
  [ICL 3] "I have a lot of pain in my neck and back. I also feel weak and lightheaded. I've" → 4
  [TEST] "I've been experiencing stiffness and weakness in my neck muscles recently. I've "

--- Symptom2Disease | sample 11 | layer 3 ---
  [ICL 1] "I'm having trouble breathing, and I have a really high fever. I'm sweating a lot" → 18
  [ICL 2] "I've been feeling really sick for the past few days. I have a fever, I can't cat" → 18
  [ICL 3] 'I have been experiencing pain and swelling in my legs. The pain is worse when I ' → 22
  [TEST] 'I have been feeling really sick lately. I have been having chills and fever, and'

--- Symptom2Disease | sample 12 | layer 3 ---
  [ICL 1] 'I have a high fever, chills, nausea, and severe itching. I also have a headache ' → 15
  [ICL 2] 'I have a lot of pain in my legs, especially when I stand for long periods of tim' → 22
  [ICL 3] "I have been feeling really cold, even though it's warm outside. My back hurts an" → 7
  [TEST] "I've been sneezing a lot and I'm really tired. My throat hurts and I have a lot "

--- Symptom2Disease | sample 13 | layer 3 ---
  [ICL 1] 'I feel weak and my lymph nodes are swollen. My eyes burn and my throat hurts. My' → 6
  [ICL 2] 'I have been feeling very thirsty and hungry lately. I also feel very tired at ti' → 8
  [ICL 3] "I'm experiencing a high fever, chills, nausea, and severe itching. I also have a" → 15
  [TEST] 'I have been feeling very tired and weak. I have also been vomiting and have deve'

--- Symptom2Disease | sample 14 | layer 3 ---
  [ICL 1] 'I have a constant hunger and appetite. Sometimes my stomach will cramp and spasm' → 17
  [ICL 2] "I have a fever, headache, and swollen lymph nodes. I feel weak and fatigued. I'm" → 5
  [ICL 3] 'I have been having a lot of skin problems lately. I have red, scaly patches on m' → 19
  [TEST] 'I have a stomach ache and I am feeling feverish. I also have chills and a headac'

--- Symptom2Disease | sample 15 | layer 3 ---
  [ICL 1] 'I have a rash on my skin that is itchy and uncomfortable. I have also noticed sm' → 19
  [ICL 2] "I've had a high fever, vomiting, chills, and intense itching. I also have a head" → 15
  [ICL 3] 'I have mood swings and have trouble concentrating. My mind feels hazy and foggy ' → 8
  [TEST] 'I have a skin rash that gets worse in the winter when the air is dry. I have to '

--- Symptom2Disease | sample 16 | layer 3 ---
  [ICL 1] 'I have been feeling dizzy and lightheaded, and I have also had trouble keeping m' → 12
  [ICL 2] 'I feel tired all the time, and my throat feels tingly. I also have dry, flaky sk' → 1
  [ICL 3] "I have to pee a lot, and it's hard to hold it in. I feel dizzy and confused. I c" → 8
  [TEST] "I've been feeling really sick and I have a rash all over my body. I'm worried ab"

--- Symptom2Disease | sample 17 | layer 3 ---
  [ICL 1] "I'm always tired, my taste is off, and my throat is really scratchy. I also have" → 1
  [ICL 2] 'I have a rash on my back and chest, and my entire body itches. My skin may be dr' → 9
  [ICL 3] "I've gained a lot of weight and am currently quite fat. I have many inclinations" → 9
  [TEST] 'I have been having a headache for the past week. It started out as a dull ache, '

--- Symptom2Disease | sample 18 | layer 3 ---
  [ICL 1] "I have a rash on my face and it's really painful. There are little blisters arou" → 13
  [ICL 2] 'I have had diarrhea for a few days now. It is very watery and smells bad. I also' → 20
  [ICL 3] "I've been experiencing a lot of itching, chills, vomiting, and a fever. I also h" → 15
  [TEST] "I've been feeling really sick lately. I've been throwing up and I'm itchy all ov"

--- Symptom2Disease | sample 19 | layer 3 ---
  [ICL 1] "I've been having a runny nose and a sore throat for a few days now. I also feel " → 6
  [ICL 2] "I've been feeling really sick lately. I've been getting chills and I'm always ti" → 18
  [ICL 3] "I have a rash all over my body, and it's really itchy. I have some bumps that ar" → 10
  [TEST] "I have to go to the bathroom a lot, but when I get there, I can't seem to empty "

--- Mixed | sample 0 | layer 3 ---
  [ICL 1] "I'm having trouble sleeping because of stomach pain. I'm also tired after using " → 17
  [ICL 2] 'Which of the following is not a cause of cirrhosis?' → C
  [ICL 3] 'Can homemade alcohol (Raksi) be useful for preserving dead bodies?' → yes
  [TEST] 'Coarse tremors of tongue is seen in all except:'

--- Mixed | sample 1 | layer 3 ---
  [ICL 1] 'The colour of pain: can patients use colour to describe osteoarthritis pain?' → yes
  [ICL 2] 'Which cranial nerve(s) is/are not involved in "Locked in syndrome"?' → C
  [ICL 3] "I've been having recurrent headaches and blurred vision. I also have acid reflux" → 16
  [TEST] "Are the GFRUP's recommendations for withholding or withdrawing treatments in cri"

--- Mixed | sample 2 | layer 3 ---
  [ICL 1] 'Can magnetic resonance-ultrasound fusion biopsy improve cancer detection in enla' → yes
  [ICL 2] 'I have been feeling really sick lately. I have been itching all over, and I have' → 14
  [ICL 3] 'All of the following are chromosomal breakage syndromes except -' → B
  [TEST] "I have to go to the bathroom a lot, but when I get there, I can't seem to empty "

--- Mixed | sample 3 | layer 3 ---
  [ICL 1] 'MR Diagnosis of Bone Metastases at 1.5 T and 3 T: Can STIR Imaging Be Omitted?' → yes
  [ICL 2] 'Cavernous respiration is seen in?' → A
  [ICL 3] 'I have been losing weight and having trouble gaining weight. I have pain and dis' → 17
  [TEST] "Which of the following is not true about the salivary gland output in Sjogren's "

--- Mixed | sample 4 | layer 3 ---
  [ICL 1] "I've been feeling really sick lately. I've been itchy and throwing up, and I've " → 14
  [ICL 2] '50 year old Dharma is admitted for chest discomfo. A right bundle branch block l' → D
  [ICL 3] 'Can the postoperative pain level be predicted preoperatively?' → yes
  [TEST] 'Do nontriploid partial hydatidiform moles exist?'

--- Mixed | sample 5 | layer 3 ---
  [ICL 1] 'A 63 year old man presents with a triad of angina, syncope and congestive hea fa' → C
  [ICL 2] "I've been feeling unwell for a while now. I have a headache, chest pain, and I f" → 12
  [ICL 3] 'An HIV1/2 point of care test on sputum for screening TB/HIV co-infection in Cent' → yes
  [TEST] 'I have a pretty irritating itch all over my body, and my skin also has a few red'

--- Mixed | sample 6 | layer 3 ---
  [ICL 1] 'I have a burning pain in my stomach that comes and goes. I also have a lot of ga' → 17
  [ICL 2] 'Does telmisartan prevent hepatic fibrosis in rats with alloxan-induced diabetes?' → yes
  [ICL 3] 'Which of the following statements on lymphoma is not Trne -' → D
  [TEST] 'Which of the following disease cause damage of vertebral body & intervertebral s'

--- Mixed | sample 7 | layer 3 ---
  [ICL 1] 'I have a rash all over my body that is really itchy. I also have some bumps that' → 10
  [ICL 2] 'Amblyopia: is visual loss permanent?' → no
  [ICL 3] 'Trachealization of oesophagus is seen in?' → A
  [TEST] 'Xanthogranulomatous cholecystitis: a premalignant condition?'

--- Mixed | sample 8 | layer 3 ---
  [ICL 1] 'Most common inherited peripheral neuropathy is?' → B
  [ICL 2] 'I have been having back pain, a cough, and weakness in my limbs. My neck is sore' → 4
  [ICL 3] 'Is irritable bowel syndrome a diagnosis of exclusion?' → maybe
  [TEST] 'I have a hard time concentrating and my emotions are all over the place. I feel '

--- Mixed | sample 9 | layer 3 ---
  [ICL 1] 'In hypokalaemia all ECG changes are seen except' → B
  [ICL 2] 'Serovar specific immunity to Neisseria gonorrhoeae: does it exist?' → no
  [ICL 3] 'I have a burning sensation in my chest and throat, and I often feel like I have ' → 11
  [TEST] 'Myocardial infarction; signs are all except'

--- Mixed | sample 10 | layer 3 ---
  [ICL 1] "I have a lot of pain in my neck and back. I also feel weak and lightheaded. I've" → 4
  [ICL 2] 'Can static foot posture measurements predict regional plantar surface area?' → yes
  [ICL 3] 'Which of the following is not associated with cafe-au-lait spots?' → B
  [TEST] 'Does tranexamic acid reduce desmopressin-induced hyperfibrinolysis?'

--- Mixed | sample 11 | layer 3 ---
  [ICL 1] 'A 54 year old male patient presents to the Neurology O.P with complaints of slow' → B
  [ICL 2] 'Sub-classification of low-grade cerebellar astrocytoma: is it clinically meaning' → no
  [ICL 3] "I've been feeling really sick. I have a high fever, chills, and a headache. I've" → 15
  [TEST] 'I have been feeling really sick lately. I have been having chills and fever, and'

--- Mixed | sample 12 | layer 3 ---
  [ICL 1] 'Features of pneumocystic carini pneumonia are:' → D
  [ICL 2] 'I have been having a lot of itching all over my body, and I have noticed some re' → 10
  [ICL 3] 'Does high-dose radiotherapy benefit palliative lung cancer patients?' → no
  [TEST] 'Features of cardiac rest pain are all, except'

--- Mixed | sample 13 | layer 3 ---
  [ICL 1] "I've been having headaches and chest pain for a while now, and it's been getting" → 12
  [ICL 2] 'All are seen in acute HIV syndrome Except' → A
  [ICL 3] 'Do older patients receive adequate stroke care?' → maybe
  [TEST] 'Do women residents delay childbearing due to perceived career threats?'

--- Mixed | sample 14 | layer 3 ---
  [ICL 1] 'Inpatient versus outpatient management of neutropenic fever in gynecologic oncol' → yes
  [ICL 2] 'All of the following are chromosomal breakage syndromes except -' → B
  [ICL 3] 'I have rashes and skin irritations especially in the folds of my skin. My cuts a' → 8
  [TEST] 'I have a stomach ache and I am feeling feverish. I also have chills and a headac'

--- Mixed | sample 15 | layer 3 ---
  [ICL 1] 'Some aspects of social exclusion: do they influence suicide mortality?' → yes
  [ICL 2] 'I have rashes all over my body. I also have a high fever, chills, headache, body' → 7
  [ICL 3] 'A 39-year-old man is brought to the emergency department because of abdominal pa' → C
  [TEST] 'Calculate the base deficit in a patient of weight 75 kg with a pH = 6.96, pCO2 ='

--- Mixed | sample 16 | layer 3 ---
  [ICL 1] 'A raised serum creatinine phosphokinase level in unusual in -' → C
  [ICL 2] 'I have terrible mental clarity and find it difficult to stay focused. I regularl' → 9
  [ICL 3] 'Do Web-based and clinic samples of gay men living with HIV differ on self-report' → maybe
  [TEST] 'Does the lipid-lowering peroxisome proliferator-activated receptors ligand bezaf'

--- Mixed | sample 17 | layer 3 ---
  [ICL 1] 'Investigation of choice for diagnosing primary hypothyroidism: March 2007, Septe' → C
  [ICL 2] 'I have a fever and chills, and my whole body is aching. I also have a loss of ap' → 7
  [ICL 3] 'Do general practice characteristics influence uptake of an information technolog' → no
  [TEST] 'I have been having a headache for the past week. It started out as a dull ache, '

--- Mixed | sample 18 | layer 3 ---
  [ICL 1] "I've been feeling really tired and nauseous. I've had a really bad cough and my " → 6
  [ICL 2] 'Profiling quality of care: Is there a role for peer review?' → yes
  [ICL 3] 'Bronchocentric granulomatosis commonly occurs due to?' → A
  [TEST] 'Valvular lesion most often resulting from myocardial infarction is:'

--- Mixed | sample 19 | layer 3 ---
  [ICL 1] 'Juvenile osteochondritis dissecans: is it a growth disturbance of the secondary ' → yes
  [ICL 2] 'Onion skin spleen is seen in:' → C
  [ICL 3] "My neck is really stiff, and my muscles are weak. My joints are swollen, and it'" → 2
  [TEST] 'Does a febrile reaction to platelets predispose recipients to red blood cell all'


======================================================================
EXPERIMENT : sweep_icl_ratios (specialization) — layer 14
TIME       : 2026-05-15 12:37:14
======================================================================

--- 3-0-0 | sample 0 | layer 14 ---
  [ICL 1] 'Ebstein anomaly of the tricuspid valve consists of-' → C
  [ICL 2] 'Most common cause of upper GI bleed is ?' → C
  [ICL 3] 'Kveim test is used for -' → C
  [TEST] 'In case of Fracture of mandible; alveolar border experiences which force'

--- 3-0-0 | sample 1 | layer 14 ---
  [ICL 1] 'CAGE scale is used in:' → A
  [ICL 2] 'Aery involved in 3rd cranial nerve lesion?' → C
  [ICL 3] 'All of the following are the electrocardiographic features of severe hyperkalemi' → B
  [TEST] 'Transfusion-associated malaria has a shoer incubation period because of the pres'

--- 3-0-0 | sample 2 | layer 14 ---
  [ICL 1] 'Which of the following is a contraindication to the use of Beta Blockers:' → C
  [ICL 2] 'Calcitonin is secreted from -' → C
  [ICL 3] 'All of the following are X-linked disorders except -' → D
  [TEST] 'Cherry red spot and Hollenhorst plaque are seen in:'

--- 3-0-0 | sample 3 | layer 14 ---
  [ICL 1] 'A patient has the following findings-splenomegaly, low RBC count, normal WBC, an' → D
  [ICL 2] 'Bence jones proteinuria is best detected by' → D
  [ICL 3] 'A 56-year-old woman presents with feeling light-headed when standing up and 3 da' → D
  [TEST] 'Which of the following techniques is based on RNA?'

--- 3-0-0 | sample 4 | layer 14 ---
  [ICL 1] 'A 56-year-old woman presents with feeling light-headed when standing up and 3 da' → D
  [ICL 2] 'Pigment gallstones usually not seen in:' → D
  [ICL 3] 'LBBB is seen with all except' → C
  [TEST] 'A study finds no significant association between two variables but truly there e'

--- 3-0-0 | sample 5 | layer 14 ---
  [ICL 1] 'Signs of chronic liver failure are all except -' → A
  [ICL 2] 'Which of the following is not a feature of pseudotumor cerebri?' → D
  [ICL 3] 'Elevated JVP is seen in' → A
  [TEST] 'Tooth in the mandibular arch which is most likely to be'

--- 3-0-0 | sample 6 | layer 14 ---
  [ICL 1] 'All are used for AIDS except-' → A
  [ICL 2] 'Which of the following is not used in diagnosis of insulinoma -' → D
  [ICL 3] 'Milk maid grip is seen in' → A
  [TEST] 'Zone of stimulation contains all except:'

--- 3-0-0 | sample 7 | layer 14 ---
  [ICL 1] "Cardiac anomaly seen in Noonan's syndrome is" → C
  [ICL 2] 'Hypophosphatemia is seen in -a) Pseudohypoparathyropdismb) CRFc) Ricketsd) Hyper' → B
  [ICL 3] 'Which of the following is false about WPW syndrome' → C
  [TEST] 'Dr Bernhard Giesenhagen gave which of the following'

--- 3-0-0 | sample 8 | layer 14 ---
  [ICL 1] 'Which of these does not cause crescentric glomerulonephritis -' → B
  [ICL 2] 'Membranous glomerulonephritis is associated with-a) Renal venous thrombosisb) Ho' → A
  [ICL 3] 'Cause of secondary hypeension includes -' → B
  [TEST] 'Pulpectomy and pulp capping are more successful in'

--- 3-0-0 | sample 9 | layer 14 ---
  [ICL 1] 'Clinical features of pneumonia are -' → B
  [ICL 2] 'HIV associated nephropathy is a type of:' → C
  [ICL 3] 'Safest anti TB drug in renal diseas -' → C
  [TEST] 'Muscles of mastication are supplied by:'

--- 3-0-0 | sample 10 | layer 14 ---
  [ICL 1] 'The drug of choice for absence seizure' → A
  [ICL 2] 'Which of the following is not used in diagnosis of insulinoma -' → D
  [ICL 3] 'A patient present with acute anterior wall infarction and hyotension. Which will' → D
  [TEST] 'Which of the following conditions is associated with polyhy dramnios?'

--- 3-0-0 | sample 11 | layer 14 ---
  [ICL 1] 'Reactive ahritis is usually caused by' → A
  [ICL 2] 'A 45-year-old man presents with a history of frequent falls. He has difficulty i' → D
  [ICL 3] 'Tumor induced hypoglycemia is seen in all , EXCEPT:' → D
  [TEST] 'In case of Fracture of mandible; alveolar border experiences which force'

--- 3-0-0 | sample 12 | layer 14 ---
  [ICL 1] 'All are true about salmonella hepatitis except:' → D
  [ICL 2] 'Bibasilar Velcro crackles occur in ?' → C
  [ICL 3] 'Following can lead to osteomalacia EXCEPT-' → B
  [TEST] 'Which of the following structures is not present on the internal surface of mand'

--- 3-0-0 | sample 13 | layer 14 ---
  [ICL 1] 'Most commonly involved organ in congenital tuberculosis is' → B
  [ICL 2] 'In severe aoic stenosis true finding is :' → C
  [ICL 3] 'Brain death is said to occur if there is' → C
  [TEST] 'A patient presented to emergency with overdose some drug. There were increased s'

--- 3-0-0 | sample 14 | layer 14 ---
  [ICL 1] 'A 50-year-old woman with SLE presents to the emergency depament with complaints ' → C
  [ICL 2] 'In shigella dysentery associated hemolytic uremic syndrome, the false statement ' → C
  [ICL 3] 'A Patient with history of shoness of breath has, Decreased FEVI/FVC Ratio, Norma' → A
  [TEST] 'According to American association of Endodontics, which of following terminology'

--- 3-0-0 | sample 15 | layer 14 ---
  [ICL 1] 'All are seen in Addison disease Except' → D
  [ICL 2] 'Primary pulmonary hypertension has following features on ECG except -' → B
  [ICL 3] 'Backwash ileitis is seen in' → A
  [TEST] 'All of the following are synthetic sharpening stone except:'

--- 3-0-0 | sample 16 | layer 14 ---
  [ICL 1] 'Simple partial motor seizure is diagnosed by the following' → C
  [ICL 2] 'A 56-year-old female presents with severe chest pain and breathlessness after co' → D
  [ICL 3] 'HIV-E is more common' → D
  [TEST] 'Modulus of elasticity of which cement is best to support under complex amalgam r'

--- 3-0-0 | sample 17 | layer 14 ---
  [ICL 1] 'Backwash ileitis is seen in' → A
  [ICL 2] 'Pigment gallstones usually not seen in:' → D
  [ICL 3] 'Trachealization of oesophagus is seen in?' → A
  [TEST] 'A 50 years old patient presented with progressive jaundice. Liver function test '

--- 3-0-0 | sample 18 | layer 14 ---
  [ICL 1] 'Destination therapy is given in which condition?' → B
  [ICL 2] 'All of the following are true in motor aphasia, EXCEPT' → B
  [ICL 3] 'Gene responsible for resistance to rifampicin' → A
  [TEST] 'A 2 year old boy has vitamin D refractory rickets. Investigations show serum cal'

--- 3-0-0 | sample 19 | layer 14 ---
  [ICL 1] 'All of the following statements about chronic constrictive pericarditis are true' → A
  [ICL 2] 'Backwash ileitis is seen in' → A
  [ICL 3] 'Best test for Small intestine malabsorption of carbohydrates is -' → C
  [TEST] 'A radiograph is shown below. This type of root morphology has highest incidence '

--- 0-3-0 | sample 0 | layer 14 ---
  [ICL 1] "Not a complication of Colles' fracture" → D
  [ICL 2] "Which of the following is content of Littre's hernia?" → B
  [ICL 3] 'What should be the approach for doing laparotomy for intra-abdominal injuries?' → B
  [TEST] 'In case of Fracture of mandible; alveolar border experiences which force'

--- 0-3-0 | sample 1 | layer 14 ---
  [ICL 1] 'The most common complication after thoracic injury is:' → C
  [ICL 2] 'Scrambled egg appearance is seen in -' → C
  [ICL 3] 'An elderly male present with history of dysphagia, regurgitation, foul breath an' → B
  [TEST] 'Transfusion-associated malaria has a shoer incubation period because of the pres'

--- 0-3-0 | sample 2 | layer 14 ---
  [ICL 1] 'True regarding breast carcinoma is: March 2008' → C
  [ICL 2] 'Felon is:' → A
  [ICL 3] 'The most useful method to diagnose upper GI haemorrhage is -' → D
  [TEST] 'Cherry red spot and Hollenhorst plaque are seen in:'

--- 0-3-0 | sample 3 | layer 14 ---
  [ICL 1] 'In a 38 year old male patient with history of road traffic accident, multiple ri' → A
  [ICL 2] 'Extradural hemorrhage test is-' → A
  [ICL 3] 'Commonest symptom of carcinoma bronchus is ?' → C
  [TEST] 'Which of the following techniques is based on RNA?'

--- 0-3-0 | sample 4 | layer 14 ---
  [ICL 1] 'Commonest symptom of carcinoma bronchus is ?' → C
  [ICL 2] 'Feline esophagus is seen in:' → A
  [ICL 3] 'Most common site of lentigo maligna melanoma is' → A
  [TEST] 'A study finds no significant association between two variables but truly there e'

--- 0-3-0 | sample 5 | layer 14 ---
  [ICL 1] 'Which of the following is false about watermelon stomach' → D
  [ICL 2] 'A 45 yrs old man presents with progressive cervical lymph nodes enlargement, sin' → C
  [ICL 3] 'Complications of fracture () radius are:' → D
  [TEST] 'Tooth in the mandibular arch which is most likely to be'

--- 0-3-0 | sample 6 | layer 14 ---
  [ICL 1] 'A man with blunt injury abdomen after road side accident has a blood pressure of' → B
  [ICL 2] 'A 50 year old male known case of ulcerative colitis presents with distention of ' → A
  [ICL 3] 'Acute bacterial prostatitis most common organism involved is:' → C
  [TEST] 'Zone of stimulation contains all except:'

--- 0-3-0 | sample 7 | layer 14 ---
  [ICL 1] 'Fructose absence in semen analysis suggests:' → B
  [ICL 2] 'A 41 year old obese female patient comes with acute abdominal pain in the right ' → C
  [ICL 3] 'What is the treatment of choice for cystosarcoma phylloides?' → A
  [TEST] 'Dr Bernhard Giesenhagen gave which of the following'

--- 0-3-0 | sample 8 | layer 14 ---
  [ICL 1] 'Which of the following drugs cause relaxation of LES? 1. Nitrates 2. Histamine b' → B
  [ICL 2] 'Sentinel lymph node biopsy in carcinoma breast is done if -' → B
  [ICL 3] 'Paradoxical aciduria seen in?' → B
  [TEST] 'Pulpectomy and pulp capping are more successful in'

--- 0-3-0 | sample 9 | layer 14 ---
  [ICL 1] 'True about cystic hygroma -' → A
  [ICL 2] "As per 'Rule of Nine', each lower limb accounts for how much % of total body sur" → C
  [ICL 3] 'False about chest trauma' → D
  [TEST] 'Muscles of mastication are supplied by:'

--- 0-3-0 | sample 10 | layer 14 ---
  [ICL 1] 'Osteoporosis is caused by all except ?' → A
  [ICL 2] 'A 50 year old male known case of ulcerative colitis presents with distention of ' → A
  [ICL 3] 'Which of the following is NOT an indication for surgical interventation in acute' → D
  [TEST] 'Which of the following conditions is associated with polyhy dramnios?'

--- 0-3-0 | sample 11 | layer 14 ---
  [ICL 1] 'All are true about cystic hygroma except' → A
  [ICL 2] 'Operations for varicose veins are best accomplished by-' → A
  [ICL 3] 'Milan Criteria is used for' → A
  [TEST] 'In case of Fracture of mandible; alveolar border experiences which force'

--- 0-3-0 | sample 12 | layer 14 ---
  [ICL 1] 'Treatment of rectal prolapse in childhood is -' → C
  [ICL 2] 'Turn-buckle cast is used for ?' → C
  [ICL 3] 'A 25 year male presents with ophthalmologic signs of Thyrotoxicosis. All are pos' → C
  [TEST] 'Which of the following structures is not present on the internal surface of mand'

--- 0-3-0 | sample 13 | layer 14 ---
  [ICL 1] 'Gall blader stone formation in influenced by A/E ?' → D
  [ICL 2] 'Fibroadenoma of the breast are' → D
  [ICL 3] 'Tumor marker for Ca colon for follow up' → A
  [TEST] 'A patient presented to emergency with overdose some drug. There were increased s'

--- 0-3-0 | sample 14 | layer 14 ---
  [ICL 1] 'Pringle manoeuvre may be required for treatment of' → D
  [ICL 2] 'In a patient with head injury black eye associated with subconjunctival haemorrh' → A
  [ICL 3] 'All are features of Hypernephroma except' → D
  [TEST] 'According to American association of Endodontics, which of following terminology'

--- 0-3-0 | sample 15 | layer 14 ---
  [ICL 1] 'Most desirable structure to anastomose with esophagus is:' → A
  [ICL 2] 'Not a feature of acute arterial Occlusion -' → A
  [ICL 3] 'Following are premalignant except -' → B
  [TEST] 'All of the following are synthetic sharpening stone except:'

--- 0-3-0 | sample 16 | layer 14 ---
  [ICL 1] 'Which of the following advises is not given to a 35-year-old female patient with' → D
  [ICL 2] 'Potato nodes are feature of?' → A
  [ICL 3] "One of the following is associated with Volkmann's ischaemic contractrue" → A
  [TEST] 'Modulus of elasticity of which cement is best to support under complex amalgam r'

--- 0-3-0 | sample 17 | layer 14 ---
  [ICL 1] 'Following are premalignant except -' → B
  [ICL 2] 'Feline esophagus is seen in:' → A
  [ICL 3] 'Commonest site of thromboangitis obliterans is' → D
  [TEST] 'A 50 years old patient presented with progressive jaundice. Liver function test '

--- 0-3-0 | sample 18 | layer 14 ---
  [ICL 1] 'Causes of raised J.V.P. with hypotension are allexcept' → D
  [ICL 2] "Froment's sign is positive in cases of weakness of ?" → A
  [ICL 3] 'In transoral sialolithotomy of the submandibular duct, the incision for removal ' → A
  [TEST] 'A 2 year old boy has vitamin D refractory rickets. Investigations show serum cal'

--- 0-3-0 | sample 19 | layer 14 ---
  [ICL 1] 'Most common cause of inseional tendonitis of tendoachilles is:' → A
  [ICL 2] 'Following are premalignant except -' → B
  [ICL 3] 'Major hazard of having an ectopic testis:' → C
  [TEST] 'A radiograph is shown below. This type of root morphology has highest incidence '

--- 0-0-3 | sample 0 | layer 14 ---
  [ICL 1] 'Which of the following drug is used for radical cure-' → B
  [ICL 2] 'Methimazole differ from propylthiouracil in all except-' → C
  [ICL 3] 'Non-selective serotonin and nor-adrenaline reuptake inhibitor is:' → C
  [TEST] 'In case of Fracture of mandible; alveolar border experiences which force'

--- 0-0-3 | sample 1 | layer 14 ---
  [ICL 1] 'Nephrotoxicity is seen with :' → B
  [ICL 2] 'Which of the following drugs have narrow therapeutic index' → D
  [ICL 3] 'Cough is an adverse reaction seen with intake of:' → C
  [TEST] 'Transfusion-associated malaria has a shoer incubation period because of the pres'

--- 0-0-3 | sample 2 | layer 14 ---
  [ICL 1] 'Which of the following metabolic reactions require vitamin B12 but not folate?' → A
  [ICL 2] 'Which of the following is an enzyme inhibitor' → B
  [ICL 3] 'A female presents with placenta previa with active bleeding and blood pressure o' → B
  [TEST] 'Cherry red spot and Hollenhorst plaque are seen in:'

--- 0-0-3 | sample 3 | layer 14 ---
  [ICL 1] 'True about orphan drug is ?' → A
  [ICL 2] 'True about Acetazolamide is ?' → A
  [ICL 3] 'Antiandrogen pill contains ?' → A
  [TEST] 'Which of the following techniques is based on RNA?'

--- 0-0-3 | sample 4 | layer 14 ---
  [ICL 1] 'Antiandrogen pill contains ?' → A
  [ICL 2] 'Treatment of choice for SIADH is ?' → D
  [ICL 3] 'Therapeutic level of phenytoin is' → B
  [TEST] 'A study finds no significant association between two variables but truly there e'

--- 0-0-3 | sample 5 | layer 14 ---
  [ICL 1] 'Secukinumab is' → C
  [ICL 2] 'Drug used in the treatment of gastric ulcer due to H. pylori is:' → C
  [ICL 3] 'A 25-year-old man has bronchospasm that is exercise induced, paicularly in the c' → C
  [TEST] 'Tooth in the mandibular arch which is most likely to be'

--- 0-0-3 | sample 6 | layer 14 ---
  [ICL 1] 'Fetal hydantoin syndrome is seen if following drug is used in pregnancy?' → A
  [ICL 2] 'Duration of action of omeprazole is -' → D
  [ICL 3] 'Drug of choice  for hypertension with osteoporosis:' → C
  [TEST] 'Zone of stimulation contains all except:'

--- 0-0-3 | sample 7 | layer 14 ---
  [ICL 1] 'Which one of the following statements is false regarding vincristine -' → C
  [ICL 2] 'The drug of choice for mushroom poisoning-' → C
  [ICL 3] 'Bone resorption is enhanced by:' → C
  [TEST] 'Dr Bernhard Giesenhagen gave which of the following'

--- 0-0-3 | sample 8 | layer 14 ---
  [ICL 1] 'Digoxin action is not affected in' → A
  [ICL 2] 'True statement regarding Bupivacaine is :' → B
  [ICL 3] 'This drug has activity against many strains of P. aeruginosa. However, when it i' → C
  [TEST] 'Pulpectomy and pulp capping are more successful in'

--- 0-0-3 | sample 9 | layer 14 ---
  [ICL 1] 'Longest lag period in bacterial growth is associated with ?' → D
  [ICL 2] 'Which of the following is an anticoagulant drug ?' → D
  [ICL 3] 'Drug not used in CHF is:' → B
  [TEST] 'Muscles of mastication are supplied by:'

--- 0-0-3 | sample 10 | layer 14 ---
  [ICL 1] 'Venlafaxine comes under which class of drugs:' → B
  [ICL 2] 'Duration of action of omeprazole is -' → D
  [ICL 3] 'Thiazides and loop diuretics both have opposite action on which of the following' → C
  [TEST] 'Which of the following conditions is associated with polyhy dramnios?'

--- 0-0-3 | sample 11 | layer 14 ---
  [ICL 1] 'Which of the following is a common side effect of cisplatin?' → B
  [ICL 2] 'Enalapril increases the levels of which of the  following ?' → A
  [ICL 3] 'Drug of choice for Hay fever:' → A
  [TEST] 'In case of Fracture of mandible; alveolar border experiences which force'

--- 0-0-3 | sample 12 | layer 14 ---
  [ICL 1] 'First generation cephalosporins are active against-' → B
  [ICL 2] 'Fluconazole is more effective than itraconazole in the following systemic fungal' → B
  [ICL 3] 'Ezetimibe acts by' → B
  [TEST] 'Which of the following structures is not present on the internal surface of mand'

--- 0-0-3 | sample 13 | layer 14 ---
  [ICL 1] 'Alpha la blocker ?' → A
  [ICL 2] 'Therapeutic drug monitoring is not needed for?' → A
  [ICL 3] 'Which of the following regimen of antenatal steroids is preferred for Fetal lung' → A
  [TEST] 'A patient presented to emergency with overdose some drug. There were increased s'

--- 0-0-3 | sample 14 | layer 14 ---
  [ICL 1] 'A patient having a fungal infection of sinuses and periorbital region with signi' → B
  [ICL 2] 'All are pharmacogenetic conditions except:' → A
  [ICL 3] 'Antidote of heparin is' → B
  [TEST] 'According to American association of Endodontics, which of following terminology'

--- 0-0-3 | sample 15 | layer 14 ---
  [ICL 1] 'Which of following statements about extrapyramidal effects of antipsychotic drug' → D
  [ICL 2] 'The rationale for sucralfate therapy in peptic ulcers does not include :' → A
  [ICL 3] 'Which one of the following is a prodrug?' → B
  [TEST] 'All of the following are synthetic sharpening stone except:'

--- 0-0-3 | sample 16 | layer 14 ---
  [ICL 1] 'Hormone replacement therapy is contraindicated in-' → B
  [ICL 2] 'Ivacaftor was approved by FDA in 2018 for' → A
  [ICL 3] 'All are dihydropyridines except:' → C
  [TEST] 'Modulus of elasticity of which cement is best to support under complex amalgam r'

--- 0-0-3 | sample 17 | layer 14 ---
  [ICL 1] 'Which one of the following is a prodrug?' → B
  [ICL 2] 'Treatment of choice for SIADH is ?' → D
  [ICL 3] 'Methylphenindate is drug of choice for:' → B
  [TEST] 'A 50 years old patient presented with progressive jaundice. Liver function test '

--- 0-0-3 | sample 18 | layer 14 ---
  [ICL 1] 'Which of the following is NOT an adverse effect of cyclosporine?' → D
  [ICL 2] 'Drug of choice for neutropenia due to cancer chemotherapy is :' → C
  [ICL 3] 'Alpha methyldopa primarily used for' → A
  [TEST] 'A 2 year old boy has vitamin D refractory rickets. Investigations show serum cal'

--- 0-0-3 | sample 19 | layer 14 ---
  [ICL 1] 'Which of the following drugs can cause malignant hypehermia?' → D
  [ICL 2] 'Which one of the following is a prodrug?' → B
  [ICL 3] 'Hormonal therapy used in breast cancer are: a) Danazol b) Cyproterone acetate c)' → D
  [TEST] 'A radiograph is shown below. This type of root morphology has highest incidence '

--- 2-1-0 | sample 0 | layer 14 ---
  [ICL 1] "Not a complication of Colles' fracture" → D
  [ICL 2] 'Most common cause of upper GI bleed is ?' → C
  [ICL 3] 'Kveim test is used for -' → C
  [TEST] 'In case of Fracture of mandible; alveolar border experiences which force'

--- 2-1-0 | sample 1 | layer 14 ---
  [ICL 1] 'The most common complication after thoracic injury is:' → C
  [ICL 2] 'Aery involved in 3rd cranial nerve lesion?' → C
  [ICL 3] 'All of the following are the electrocardiographic features of severe hyperkalemi' → B
  [TEST] 'Transfusion-associated malaria has a shoer incubation period because of the pres'

--- 2-1-0 | sample 2 | layer 14 ---
  [ICL 1] 'True regarding breast carcinoma is: March 2008' → C
  [ICL 2] 'Calcitonin is secreted from -' → C
  [ICL 3] 'All of the following are X-linked disorders except -' → D
  [TEST] 'Cherry red spot and Hollenhorst plaque are seen in:'

--- 2-1-0 | sample 3 | layer 14 ---
  [ICL 1] 'In a 38 year old male patient with history of road traffic accident, multiple ri' → A
  [ICL 2] 'Bence jones proteinuria is best detected by' → D
  [ICL 3] 'A 56-year-old woman presents with feeling light-headed when standing up and 3 da' → D
  [TEST] 'Which of the following techniques is based on RNA?'

--- 2-1-0 | sample 4 | layer 14 ---
  [ICL 1] 'A 56-year-old woman presents with feeling light-headed when standing up and 3 da' → D
  [ICL 2] 'Pigment gallstones usually not seen in:' → D
  [ICL 3] 'Most common site of lentigo maligna melanoma is' → A
  [TEST] 'A study finds no significant association between two variables but truly there e'

--- 2-1-0 | sample 5 | layer 14 ---
  [ICL 1] 'Which of the following is false about watermelon stomach' → D
  [ICL 2] 'Which of the following is not a feature of pseudotumor cerebri?' → D
  [ICL 3] 'Elevated JVP is seen in' → A
  [TEST] 'Tooth in the mandibular arch which is most likely to be'

--- 2-1-0 | sample 6 | layer 14 ---
  [ICL 1] 'A man with blunt injury abdomen after road side accident has a blood pressure of' → B
  [ICL 2] 'Which of the following is not used in diagnosis of insulinoma -' → D
  [ICL 3] 'Milk maid grip is seen in' → A
  [TEST] 'Zone of stimulation contains all except:'

--- 2-1-0 | sample 7 | layer 14 ---
  [ICL 1] "Cardiac anomaly seen in Noonan's syndrome is" → C
  [ICL 2] 'Hypophosphatemia is seen in -a) Pseudohypoparathyropdismb) CRFc) Ricketsd) Hyper' → B
  [ICL 3] 'What is the treatment of choice for cystosarcoma phylloides?' → A
  [TEST] 'Dr Bernhard Giesenhagen gave which of the following'

--- 2-1-0 | sample 8 | layer 14 ---
  [ICL 1] 'Which of these does not cause crescentric glomerulonephritis -' → B
  [ICL 2] 'Sentinel lymph node biopsy in carcinoma breast is done if -' → B
  [ICL 3] 'Cause of secondary hypeension includes -' → B
  [TEST] 'Pulpectomy and pulp capping are more successful in'

--- 2-1-0 | sample 9 | layer 14 ---
  [ICL 1] 'True about cystic hygroma -' → A
  [ICL 2] 'HIV associated nephropathy is a type of:' → C
  [ICL 3] 'Safest anti TB drug in renal diseas -' → C
  [TEST] 'Muscles of mastication are supplied by:'

--- 2-1-0 | sample 10 | layer 14 ---
  [ICL 1] 'Osteoporosis is caused by all except ?' → A
  [ICL 2] 'Which of the following is not used in diagnosis of insulinoma -' → D
  [ICL 3] 'A patient present with acute anterior wall infarction and hyotension. Which will' → D
  [TEST] 'Which of the following conditions is associated with polyhy dramnios?'

--- 2-1-0 | sample 11 | layer 14 ---
  [ICL 1] 'Reactive ahritis is usually caused by' → A
  [ICL 2] 'Operations for varicose veins are best accomplished by-' → A
  [ICL 3] 'Tumor induced hypoglycemia is seen in all , EXCEPT:' → D
  [TEST] 'In case of Fracture of mandible; alveolar border experiences which force'

--- 2-1-0 | sample 12 | layer 14 ---
  [ICL 1] 'All are true about salmonella hepatitis except:' → D
  [ICL 2] 'Bibasilar Velcro crackles occur in ?' → C
  [ICL 3] 'A 25 year male presents with ophthalmologic signs of Thyrotoxicosis. All are pos' → C
  [TEST] 'Which of the following structures is not present on the internal surface of mand'

--- 2-1-0 | sample 13 | layer 14 ---
  [ICL 1] 'Most commonly involved organ in congenital tuberculosis is' → B
  [ICL 2] 'In severe aoic stenosis true finding is :' → C
  [ICL 3] 'Tumor marker for Ca colon for follow up' → A
  [TEST] 'A patient presented to emergency with overdose some drug. There were increased s'

--- 2-1-0 | sample 14 | layer 14 ---
  [ICL 1] 'A 50-year-old woman with SLE presents to the emergency depament with complaints ' → C
  [ICL 2] 'In shigella dysentery associated hemolytic uremic syndrome, the false statement ' → C
  [ICL 3] 'All are features of Hypernephroma except' → D
  [TEST] 'According to American association of Endodontics, which of following terminology'

--- 2-1-0 | sample 15 | layer 14 ---
  [ICL 1] 'All are seen in Addison disease Except' → D
  [ICL 2] 'Primary pulmonary hypertension has following features on ECG except -' → B
  [ICL 3] 'Following are premalignant except -' → B
  [TEST] 'All of the following are synthetic sharpening stone except:'

--- 2-1-0 | sample 16 | layer 14 ---
  [ICL 1] 'Simple partial motor seizure is diagnosed by the following' → C
  [ICL 2] 'Potato nodes are feature of?' → A
  [ICL 3] 'HIV-E is more common' → D
  [TEST] 'Modulus of elasticity of which cement is best to support under complex amalgam r'

--- 2-1-0 | sample 17 | layer 14 ---
  [ICL 1] 'Backwash ileitis is seen in' → A
  [ICL 2] 'Feline esophagus is seen in:' → A
  [ICL 3] 'Trachealization of oesophagus is seen in?' → A
  [TEST] 'A 50 years old patient presented with progressive jaundice. Liver function test '

--- 2-1-0 | sample 18 | layer 14 ---
  [ICL 1] 'Destination therapy is given in which condition?' → B
  [ICL 2] "Froment's sign is positive in cases of weakness of ?" → A
  [ICL 3] 'Gene responsible for resistance to rifampicin' → A
  [TEST] 'A 2 year old boy has vitamin D refractory rickets. Investigations show serum cal'

--- 2-1-0 | sample 19 | layer 14 ---
  [ICL 1] 'All of the following statements about chronic constrictive pericarditis are true' → A
  [ICL 2] 'Following are premalignant except -' → B
  [ICL 3] 'Best test for Small intestine malabsorption of carbohydrates is -' → C
  [TEST] 'A radiograph is shown below. This type of root morphology has highest incidence '

--- 1-2-0 | sample 0 | layer 14 ---
  [ICL 1] "Not a complication of Colles' fracture" → D
  [ICL 2] "Which of the following is content of Littre's hernia?" → B
  [ICL 3] 'Kveim test is used for -' → C
  [TEST] 'In case of Fracture of mandible; alveolar border experiences which force'

--- 1-2-0 | sample 1 | layer 14 ---
  [ICL 1] 'The most common complication after thoracic injury is:' → C
  [ICL 2] 'Scrambled egg appearance is seen in -' → C
  [ICL 3] 'All of the following are the electrocardiographic features of severe hyperkalemi' → B
  [TEST] 'Transfusion-associated malaria has a shoer incubation period because of the pres'

--- 1-2-0 | sample 2 | layer 14 ---
  [ICL 1] 'True regarding breast carcinoma is: March 2008' → C
  [ICL 2] 'Calcitonin is secreted from -' → C
  [ICL 3] 'The most useful method to diagnose upper GI haemorrhage is -' → D
  [TEST] 'Cherry red spot and Hollenhorst plaque are seen in:'

--- 1-2-0 | sample 3 | layer 14 ---
  [ICL 1] 'In a 38 year old male patient with history of road traffic accident, multiple ri' → A
  [ICL 2] 'Extradural hemorrhage test is-' → A
  [ICL 3] 'A 56-year-old woman presents with feeling light-headed when standing up and 3 da' → D
  [TEST] 'Which of the following techniques is based on RNA?'

--- 1-2-0 | sample 4 | layer 14 ---
  [ICL 1] 'A 56-year-old woman presents with feeling light-headed when standing up and 3 da' → D
  [ICL 2] 'Feline esophagus is seen in:' → A
  [ICL 3] 'Most common site of lentigo maligna melanoma is' → A
  [TEST] 'A study finds no significant association between two variables but truly there e'

--- 1-2-0 | sample 5 | layer 14 ---
  [ICL 1] 'Which of the following is false about watermelon stomach' → D
  [ICL 2] 'Which of the following is not a feature of pseudotumor cerebri?' → D
  [ICL 3] 'Complications of fracture () radius are:' → D
  [TEST] 'Tooth in the mandibular arch which is most likely to be'

--- 1-2-0 | sample 6 | layer 14 ---
  [ICL 1] 'A man with blunt injury abdomen after road side accident has a blood pressure of' → B
  [ICL 2] 'Which of the following is not used in diagnosis of insulinoma -' → D
  [ICL 3] 'Acute bacterial prostatitis most common organism involved is:' → C
  [TEST] 'Zone of stimulation contains all except:'

--- 1-2-0 | sample 7 | layer 14 ---
  [ICL 1] 'Fructose absence in semen analysis suggests:' → B
  [ICL 2] 'Hypophosphatemia is seen in -a) Pseudohypoparathyropdismb) CRFc) Ricketsd) Hyper' → B
  [ICL 3] 'What is the treatment of choice for cystosarcoma phylloides?' → A
  [TEST] 'Dr Bernhard Giesenhagen gave which of the following'

--- 1-2-0 | sample 8 | layer 14 ---
  [ICL 1] 'Which of the following drugs cause relaxation of LES? 1. Nitrates 2. Histamine b' → B
  [ICL 2] 'Sentinel lymph node biopsy in carcinoma breast is done if -' → B
  [ICL 3] 'Cause of secondary hypeension includes -' → B
  [TEST] 'Pulpectomy and pulp capping are more successful in'

--- 1-2-0 | sample 9 | layer 14 ---
  [ICL 1] 'True about cystic hygroma -' → A
  [ICL 2] 'HIV associated nephropathy is a type of:' → C
  [ICL 3] 'False about chest trauma' → D
  [TEST] 'Muscles of mastication are supplied by:'

--- 1-2-0 | sample 10 | layer 14 ---
  [ICL 1] 'Osteoporosis is caused by all except ?' → A
  [ICL 2] 'Which of the following is not used in diagnosis of insulinoma -' → D
  [ICL 3] 'Which of the following is NOT an indication for surgical interventation in acute' → D
  [TEST] 'Which of the following conditions is associated with polyhy dramnios?'

--- 1-2-0 | sample 11 | layer 14 ---
  [ICL 1] 'Reactive ahritis is usually caused by' → A
  [ICL 2] 'Operations for varicose veins are best accomplished by-' → A
  [ICL 3] 'Milan Criteria is used for' → A
  [TEST] 'In case of Fracture of mandible; alveolar border experiences which force'

--- 1-2-0 | sample 12 | layer 14 ---
  [ICL 1] 'All are true about salmonella hepatitis except:' → D
  [ICL 2] 'Turn-buckle cast is used for ?' → C
  [ICL 3] 'A 25 year male presents with ophthalmologic signs of Thyrotoxicosis. All are pos' → C
  [TEST] 'Which of the following structures is not present on the internal surface of mand'

--- 1-2-0 | sample 13 | layer 14 ---
  [ICL 1] 'Gall blader stone formation in influenced by A/E ?' → D
  [ICL 2] 'In severe aoic stenosis true finding is :' → C
  [ICL 3] 'Tumor marker for Ca colon for follow up' → A
  [TEST] 'A patient presented to emergency with overdose some drug. There were increased s'

--- 1-2-0 | sample 14 | layer 14 ---
  [ICL 1] 'Pringle manoeuvre may be required for treatment of' → D
  [ICL 2] 'In shigella dysentery associated hemolytic uremic syndrome, the false statement ' → C
  [ICL 3] 'All are features of Hypernephroma except' → D
  [TEST] 'According to American association of Endodontics, which of following terminology'

--- 1-2-0 | sample 15 | layer 14 ---
  [ICL 1] 'Most desirable structure to anastomose with esophagus is:' → A
  [ICL 2] 'Primary pulmonary hypertension has following features on ECG except -' → B
  [ICL 3] 'Following are premalignant except -' → B
  [TEST] 'All of the following are synthetic sharpening stone except:'

--- 1-2-0 | sample 16 | layer 14 ---
  [ICL 1] 'Simple partial motor seizure is diagnosed by the following' → C
  [ICL 2] 'Potato nodes are feature of?' → A
  [ICL 3] "One of the following is associated with Volkmann's ischaemic contractrue" → A
  [TEST] 'Modulus of elasticity of which cement is best to support under complex amalgam r'

--- 1-2-0 | sample 17 | layer 14 ---
  [ICL 1] 'Backwash ileitis is seen in' → A
  [ICL 2] 'Feline esophagus is seen in:' → A
  [ICL 3] 'Commonest site of thromboangitis obliterans is' → D
  [TEST] 'A 50 years old patient presented with progressive jaundice. Liver function test '

--- 1-2-0 | sample 18 | layer 14 ---
  [ICL 1] 'Destination therapy is given in which condition?' → B
  [ICL 2] "Froment's sign is positive in cases of weakness of ?" → A
  [ICL 3] 'In transoral sialolithotomy of the submandibular duct, the incision for removal ' → A
  [TEST] 'A 2 year old boy has vitamin D refractory rickets. Investigations show serum cal'

--- 1-2-0 | sample 19 | layer 14 ---
  [ICL 1] 'Most common cause of inseional tendonitis of tendoachilles is:' → A
  [ICL 2] 'Following are premalignant except -' → B
  [ICL 3] 'Best test for Small intestine malabsorption of carbohydrates is -' → C
  [TEST] 'A radiograph is shown below. This type of root morphology has highest incidence '

--- 0-2-1 | sample 0 | layer 14 ---
  [ICL 1] 'Which of the following drug is used for radical cure-' → B
  [ICL 2] "Which of the following is content of Littre's hernia?" → B
  [ICL 3] 'What should be the approach for doing laparotomy for intra-abdominal injuries?' → B
  [TEST] 'In case of Fracture of mandible; alveolar border experiences which force'

--- 0-2-1 | sample 1 | layer 14 ---
  [ICL 1] 'Nephrotoxicity is seen with :' → B
  [ICL 2] 'Scrambled egg appearance is seen in -' → C
  [ICL 3] 'An elderly male present with history of dysphagia, regurgitation, foul breath an' → B
  [TEST] 'Transfusion-associated malaria has a shoer incubation period because of the pres'

--- 0-2-1 | sample 2 | layer 14 ---
  [ICL 1] 'Which of the following metabolic reactions require vitamin B12 but not folate?' → A
  [ICL 2] 'Felon is:' → A
  [ICL 3] 'The most useful method to diagnose upper GI haemorrhage is -' → D
  [TEST] 'Cherry red spot and Hollenhorst plaque are seen in:'

--- 0-2-1 | sample 3 | layer 14 ---
  [ICL 1] 'True about orphan drug is ?' → A
  [ICL 2] 'Extradural hemorrhage test is-' → A
  [ICL 3] 'Commonest symptom of carcinoma bronchus is ?' → C
  [TEST] 'Which of the following techniques is based on RNA?'

--- 0-2-1 | sample 4 | layer 14 ---
  [ICL 1] 'Commonest symptom of carcinoma bronchus is ?' → C
  [ICL 2] 'Feline esophagus is seen in:' → A
  [ICL 3] 'Therapeutic level of phenytoin is' → B
  [TEST] 'A study finds no significant association between two variables but truly there e'

--- 0-2-1 | sample 5 | layer 14 ---
  [ICL 1] 'Secukinumab is' → C
  [ICL 2] 'A 45 yrs old man presents with progressive cervical lymph nodes enlargement, sin' → C
  [ICL 3] 'Complications of fracture () radius are:' → D
  [TEST] 'Tooth in the mandibular arch which is most likely to be'

--- 0-2-1 | sample 6 | layer 14 ---
  [ICL 1] 'Fetal hydantoin syndrome is seen if following drug is used in pregnancy?' → A
  [ICL 2] 'A 50 year old male known case of ulcerative colitis presents with distention of ' → A
  [ICL 3] 'Acute bacterial prostatitis most common organism involved is:' → C
  [TEST] 'Zone of stimulation contains all except:'

--- 0-2-1 | sample 7 | layer 14 ---
  [ICL 1] 'Fructose absence in semen analysis suggests:' → B
  [ICL 2] 'A 41 year old obese female patient comes with acute abdominal pain in the right ' → C
  [ICL 3] 'Bone resorption is enhanced by:' → C
  [TEST] 'Dr Bernhard Giesenhagen gave which of the following'

--- 0-2-1 | sample 8 | layer 14 ---
  [ICL 1] 'Which of the following drugs cause relaxation of LES? 1. Nitrates 2. Histamine b' → B
  [ICL 2] 'True statement regarding Bupivacaine is :' → B
  [ICL 3] 'Paradoxical aciduria seen in?' → B
  [TEST] 'Pulpectomy and pulp capping are more successful in'

--- 0-2-1 | sample 9 | layer 14 ---
  [ICL 1] 'Longest lag period in bacterial growth is associated with ?' → D
  [ICL 2] "As per 'Rule of Nine', each lower limb accounts for how much % of total body sur" → C
  [ICL 3] 'False about chest trauma' → D
  [TEST] 'Muscles of mastication are supplied by:'

--- 0-2-1 | sample 10 | layer 14 ---
  [ICL 1] 'Venlafaxine comes under which class of drugs:' → B
  [ICL 2] 'A 50 year old male known case of ulcerative colitis presents with distention of ' → A
  [ICL 3] 'Which of the following is NOT an indication for surgical interventation in acute' → D
  [TEST] 'Which of the following conditions is associated with polyhy dramnios?'

--- 0-2-1 | sample 11 | layer 14 ---
  [ICL 1] 'All are true about cystic hygroma except' → A
  [ICL 2] 'Enalapril increases the levels of which of the  following ?' → A
  [ICL 3] 'Milan Criteria is used for' → A
  [TEST] 'In case of Fracture of mandible; alveolar border experiences which force'

--- 0-2-1 | sample 12 | layer 14 ---
  [ICL 1] 'Treatment of rectal prolapse in childhood is -' → C
  [ICL 2] 'Turn-buckle cast is used for ?' → C
  [ICL 3] 'Ezetimibe acts by' → B
  [TEST] 'Which of the following structures is not present on the internal surface of mand'

--- 0-2-1 | sample 13 | layer 14 ---
  [ICL 1] 'Gall blader stone formation in influenced by A/E ?' → D
  [ICL 2] 'Fibroadenoma of the breast are' → D
  [ICL 3] 'Which of the following regimen of antenatal steroids is preferred for Fetal lung' → A
  [TEST] 'A patient presented to emergency with overdose some drug. There were increased s'

--- 0-2-1 | sample 14 | layer 14 ---
  [ICL 1] 'Pringle manoeuvre may be required for treatment of' → D
  [ICL 2] 'In a patient with head injury black eye associated with subconjunctival haemorrh' → A
  [ICL 3] 'Antidote of heparin is' → B
  [TEST] 'According to American association of Endodontics, which of following terminology'

--- 0-2-1 | sample 15 | layer 14 ---
  [ICL 1] 'Most desirable structure to anastomose with esophagus is:' → A
  [ICL 2] 'Not a feature of acute arterial Occlusion -' → A
  [ICL 3] 'Which one of the following is a prodrug?' → B
  [TEST] 'All of the following are synthetic sharpening stone except:'

--- 0-2-1 | sample 16 | layer 14 ---
  [ICL 1] 'Which of the following advises is not given to a 35-year-old female patient with' → D
  [ICL 2] 'Ivacaftor was approved by FDA in 2018 for' → A
  [ICL 3] "One of the following is associated with Volkmann's ischaemic contractrue" → A
  [TEST] 'Modulus of elasticity of which cement is best to support under complex amalgam r'

--- 0-2-1 | sample 17 | layer 14 ---
  [ICL 1] 'Following are premalignant except -' → B
  [ICL 2] 'Treatment of choice for SIADH is ?' → D
  [ICL 3] 'Commonest site of thromboangitis obliterans is' → D
  [TEST] 'A 50 years old patient presented with progressive jaundice. Liver function test '

--- 0-2-1 | sample 18 | layer 14 ---
  [ICL 1] 'Causes of raised J.V.P. with hypotension are allexcept' → D
  [ICL 2] 'Drug of choice for neutropenia due to cancer chemotherapy is :' → C
  [ICL 3] 'In transoral sialolithotomy of the submandibular duct, the incision for removal ' → A
  [TEST] 'A 2 year old boy has vitamin D refractory rickets. Investigations show serum cal'

--- 0-2-1 | sample 19 | layer 14 ---
  [ICL 1] 'Most common cause of inseional tendonitis of tendoachilles is:' → A
  [ICL 2] 'Which one of the following is a prodrug?' → B
  [ICL 3] 'Major hazard of having an ectopic testis:' → C
  [TEST] 'A radiograph is shown below. This type of root morphology has highest incidence '

--- 0-1-2 | sample 0 | layer 14 ---
  [ICL 1] 'Which of the following drug is used for radical cure-' → B
  [ICL 2] 'Methimazole differ from propylthiouracil in all except-' → C
  [ICL 3] 'What should be the approach for doing laparotomy for intra-abdominal injuries?' → B
  [TEST] 'In case of Fracture of mandible; alveolar border experiences which force'

--- 0-1-2 | sample 1 | layer 14 ---
  [ICL 1] 'Nephrotoxicity is seen with :' → B
  [ICL 2] 'Which of the following drugs have narrow therapeutic index' → D
  [ICL 3] 'An elderly male present with history of dysphagia, regurgitation, foul breath an' → B
  [TEST] 'Transfusion-associated malaria has a shoer incubation period because of the pres'

--- 0-1-2 | sample 2 | layer 14 ---
  [ICL 1] 'Which of the following metabolic reactions require vitamin B12 but not folate?' → A
  [ICL 2] 'Felon is:' → A
  [ICL 3] 'A female presents with placenta previa with active bleeding and blood pressure o' → B
  [TEST] 'Cherry red spot and Hollenhorst plaque are seen in:'

--- 0-1-2 | sample 3 | layer 14 ---
  [ICL 1] 'True about orphan drug is ?' → A
  [ICL 2] 'True about Acetazolamide is ?' → A
  [ICL 3] 'Commonest symptom of carcinoma bronchus is ?' → C
  [TEST] 'Which of the following techniques is based on RNA?'

--- 0-1-2 | sample 4 | layer 14 ---
  [ICL 1] 'Commonest symptom of carcinoma bronchus is ?' → C
  [ICL 2] 'Treatment of choice for SIADH is ?' → D
  [ICL 3] 'Therapeutic level of phenytoin is' → B
  [TEST] 'A study finds no significant association between two variables but truly there e'

--- 0-1-2 | sample 5 | layer 14 ---
  [ICL 1] 'Secukinumab is' → C
  [ICL 2] 'A 45 yrs old man presents with progressive cervical lymph nodes enlargement, sin' → C
  [ICL 3] 'A 25-year-old man has bronchospasm that is exercise induced, paicularly in the c' → C
  [TEST] 'Tooth in the mandibular arch which is most likely to be'

--- 0-1-2 | sample 6 | layer 14 ---
  [ICL 1] 'Fetal hydantoin syndrome is seen if following drug is used in pregnancy?' → A
  [ICL 2] 'A 50 year old male known case of ulcerative colitis presents with distention of ' → A
  [ICL 3] 'Drug of choice  for hypertension with osteoporosis:' → C
  [TEST] 'Zone of stimulation contains all except:'

--- 0-1-2 | sample 7 | layer 14 ---
  [ICL 1] 'Which one of the following statements is false regarding vincristine -' → C
  [ICL 2] 'A 41 year old obese female patient comes with acute abdominal pain in the right ' → C
  [ICL 3] 'Bone resorption is enhanced by:' → C
  [TEST] 'Dr Bernhard Giesenhagen gave which of the following'

--- 0-1-2 | sample 8 | layer 14 ---
  [ICL 1] 'Digoxin action is not affected in' → A
  [ICL 2] 'True statement regarding Bupivacaine is :' → B
  [ICL 3] 'Paradoxical aciduria seen in?' → B
  [TEST] 'Pulpectomy and pulp capping are more successful in'

--- 0-1-2 | sample 9 | layer 14 ---
  [ICL 1] 'Longest lag period in bacterial growth is associated with ?' → D
  [ICL 2] "As per 'Rule of Nine', each lower limb accounts for how much % of total body sur" → C
  [ICL 3] 'Drug not used in CHF is:' → B
  [TEST] 'Muscles of mastication are supplied by:'

--- 0-1-2 | sample 10 | layer 14 ---
  [ICL 1] 'Venlafaxine comes under which class of drugs:' → B
  [ICL 2] 'A 50 year old male known case of ulcerative colitis presents with distention of ' → A
  [ICL 3] 'Thiazides and loop diuretics both have opposite action on which of the following' → C
  [TEST] 'Which of the following conditions is associated with polyhy dramnios?'

--- 0-1-2 | sample 11 | layer 14 ---
  [ICL 1] 'All are true about cystic hygroma except' → A
  [ICL 2] 'Enalapril increases the levels of which of the  following ?' → A
  [ICL 3] 'Drug of choice for Hay fever:' → A
  [TEST] 'In case of Fracture of mandible; alveolar border experiences which force'

--- 0-1-2 | sample 12 | layer 14 ---
  [ICL 1] 'Treatment of rectal prolapse in childhood is -' → C
  [ICL 2] 'Fluconazole is more effective than itraconazole in the following systemic fungal' → B
  [ICL 3] 'Ezetimibe acts by' → B
  [TEST] 'Which of the following structures is not present on the internal surface of mand'

--- 0-1-2 | sample 13 | layer 14 ---
  [ICL 1] 'Alpha la blocker ?' → A
  [ICL 2] 'Fibroadenoma of the breast are' → D
  [ICL 3] 'Which of the following regimen of antenatal steroids is preferred for Fetal lung' → A
  [TEST] 'A patient presented to emergency with overdose some drug. There were increased s'

--- 0-1-2 | sample 14 | layer 14 ---
  [ICL 1] 'A patient having a fungal infection of sinuses and periorbital region with signi' → B
  [ICL 2] 'In a patient with head injury black eye associated with subconjunctival haemorrh' → A
  [ICL 3] 'Antidote of heparin is' → B
  [TEST] 'According to American association of Endodontics, which of following terminology'

--- 0-1-2 | sample 15 | layer 14 ---
  [ICL 1] 'Which of following statements about extrapyramidal effects of antipsychotic drug' → D
  [ICL 2] 'Not a feature of acute arterial Occlusion -' → A
  [ICL 3] 'Which one of the following is a prodrug?' → B
  [TEST] 'All of the following are synthetic sharpening stone except:'

--- 0-1-2 | sample 16 | layer 14 ---
  [ICL 1] 'Which of the following advises is not given to a 35-year-old female patient with' → D
  [ICL 2] 'Ivacaftor was approved by FDA in 2018 for' → A
  [ICL 3] 'All are dihydropyridines except:' → C
  [TEST] 'Modulus of elasticity of which cement is best to support under complex amalgam r'

--- 0-1-2 | sample 17 | layer 14 ---
  [ICL 1] 'Following are premalignant except -' → B
  [ICL 2] 'Treatment of choice for SIADH is ?' → D
  [ICL 3] 'Methylphenindate is drug of choice for:' → B
  [TEST] 'A 50 years old patient presented with progressive jaundice. Liver function test '

--- 0-1-2 | sample 18 | layer 14 ---
  [ICL 1] 'Causes of raised J.V.P. with hypotension are allexcept' → D
  [ICL 2] 'Drug of choice for neutropenia due to cancer chemotherapy is :' → C
  [ICL 3] 'Alpha methyldopa primarily used for' → A
  [TEST] 'A 2 year old boy has vitamin D refractory rickets. Investigations show serum cal'

--- 0-1-2 | sample 19 | layer 14 ---
  [ICL 1] 'Which of the following drugs can cause malignant hypehermia?' → D
  [ICL 2] 'Which one of the following is a prodrug?' → B
  [ICL 3] 'Major hazard of having an ectopic testis:' → C
  [TEST] 'A radiograph is shown below. This type of root morphology has highest incidence '

--- 1-1-1 | sample 0 | layer 14 ---
  [ICL 1] 'Which of the following drug is used for radical cure-' → B
  [ICL 2] "Which of the following is content of Littre's hernia?" → B
  [ICL 3] 'Kveim test is used for -' → C
  [TEST] 'In case of Fracture of mandible; alveolar border experiences which force'

--- 1-1-1 | sample 1 | layer 14 ---
  [ICL 1] 'Nephrotoxicity is seen with :' → B
  [ICL 2] 'Scrambled egg appearance is seen in -' → C
  [ICL 3] 'All of the following are the electrocardiographic features of severe hyperkalemi' → B
  [TEST] 'Transfusion-associated malaria has a shoer incubation period because of the pres'

--- 1-1-1 | sample 2 | layer 14 ---
  [ICL 1] 'Which of the following metabolic reactions require vitamin B12 but not folate?' → A
  [ICL 2] 'Calcitonin is secreted from -' → C
  [ICL 3] 'The most useful method to diagnose upper GI haemorrhage is -' → D
  [TEST] 'Cherry red spot and Hollenhorst plaque are seen in:'

--- 1-1-1 | sample 3 | layer 14 ---
  [ICL 1] 'True about orphan drug is ?' → A
  [ICL 2] 'Extradural hemorrhage test is-' → A
  [ICL 3] 'A 56-year-old woman presents with feeling light-headed when standing up and 3 da' → D
  [TEST] 'Which of the following techniques is based on RNA?'

--- 1-1-1 | sample 4 | layer 14 ---
  [ICL 1] 'A 56-year-old woman presents with feeling light-headed when standing up and 3 da' → D
  [ICL 2] 'Feline esophagus is seen in:' → A
  [ICL 3] 'Therapeutic level of phenytoin is' → B
  [TEST] 'A study finds no significant association between two variables but truly there e'

--- 1-1-1 | sample 5 | layer 14 ---
  [ICL 1] 'Secukinumab is' → C
  [ICL 2] 'Which of the following is not a feature of pseudotumor cerebri?' → D
  [ICL 3] 'Complications of fracture () radius are:' → D
  [TEST] 'Tooth in the mandibular arch which is most likely to be'

--- 1-1-1 | sample 6 | layer 14 ---
  [ICL 1] 'Fetal hydantoin syndrome is seen if following drug is used in pregnancy?' → A
  [ICL 2] 'Which of the following is not used in diagnosis of insulinoma -' → D
  [ICL 3] 'Acute bacterial prostatitis most common organism involved is:' → C
  [TEST] 'Zone of stimulation contains all except:'

--- 1-1-1 | sample 7 | layer 14 ---
  [ICL 1] 'Fructose absence in semen analysis suggests:' → B
  [ICL 2] 'Hypophosphatemia is seen in -a) Pseudohypoparathyropdismb) CRFc) Ricketsd) Hyper' → B
  [ICL 3] 'Bone resorption is enhanced by:' → C
  [TEST] 'Dr Bernhard Giesenhagen gave which of the following'

--- 1-1-1 | sample 8 | layer 14 ---
  [ICL 1] 'Which of the following drugs cause relaxation of LES? 1. Nitrates 2. Histamine b' → B
  [ICL 2] 'True statement regarding Bupivacaine is :' → B
  [ICL 3] 'Cause of secondary hypeension includes -' → B
  [TEST] 'Pulpectomy and pulp capping are more successful in'

--- 1-1-1 | sample 9 | layer 14 ---
  [ICL 1] 'Longest lag period in bacterial growth is associated with ?' → D
  [ICL 2] 'HIV associated nephropathy is a type of:' → C
  [ICL 3] 'False about chest trauma' → D
  [TEST] 'Muscles of mastication are supplied by:'

--- 1-1-1 | sample 10 | layer 14 ---
  [ICL 1] 'Venlafaxine comes under which class of drugs:' → B
  [ICL 2] 'Which of the following is not used in diagnosis of insulinoma -' → D
  [ICL 3] 'Which of the following is NOT an indication for surgical interventation in acute' → D
  [TEST] 'Which of the following conditions is associated with polyhy dramnios?'

--- 1-1-1 | sample 11 | layer 14 ---
  [ICL 1] 'Reactive ahritis is usually caused by' → A
  [ICL 2] 'Enalapril increases the levels of which of the  following ?' → A
  [ICL 3] 'Milan Criteria is used for' → A
  [TEST] 'In case of Fracture of mandible; alveolar border experiences which force'

--- 1-1-1 | sample 12 | layer 14 ---
  [ICL 1] 'All are true about salmonella hepatitis except:' → D
  [ICL 2] 'Turn-buckle cast is used for ?' → C
  [ICL 3] 'Ezetimibe acts by' → B
  [TEST] 'Which of the following structures is not present on the internal surface of mand'

--- 1-1-1 | sample 13 | layer 14 ---
  [ICL 1] 'Gall blader stone formation in influenced by A/E ?' → D
  [ICL 2] 'In severe aoic stenosis true finding is :' → C
  [ICL 3] 'Which of the following regimen of antenatal steroids is preferred for Fetal lung' → A
  [TEST] 'A patient presented to emergency with overdose some drug. There were increased s'

--- 1-1-1 | sample 14 | layer 14 ---
  [ICL 1] 'Pringle manoeuvre may be required for treatment of' → D
  [ICL 2] 'In shigella dysentery associated hemolytic uremic syndrome, the false statement ' → C
  [ICL 3] 'Antidote of heparin is' → B
  [TEST] 'According to American association of Endodontics, which of following terminology'

--- 1-1-1 | sample 15 | layer 14 ---
  [ICL 1] 'Most desirable structure to anastomose with esophagus is:' → A
  [ICL 2] 'Primary pulmonary hypertension has following features on ECG except -' → B
  [ICL 3] 'Which one of the following is a prodrug?' → B
  [TEST] 'All of the following are synthetic sharpening stone except:'

--- 1-1-1 | sample 16 | layer 14 ---
  [ICL 1] 'Simple partial motor seizure is diagnosed by the following' → C
  [ICL 2] 'Ivacaftor was approved by FDA in 2018 for' → A
  [ICL 3] "One of the following is associated with Volkmann's ischaemic contractrue" → A
  [TEST] 'Modulus of elasticity of which cement is best to support under complex amalgam r'

--- 1-1-1 | sample 17 | layer 14 ---
  [ICL 1] 'Backwash ileitis is seen in' → A
  [ICL 2] 'Treatment of choice for SIADH is ?' → D
  [ICL 3] 'Commonest site of thromboangitis obliterans is' → D
  [TEST] 'A 50 years old patient presented with progressive jaundice. Liver function test '

--- 1-1-1 | sample 18 | layer 14 ---
  [ICL 1] 'Destination therapy is given in which condition?' → B
  [ICL 2] 'Drug of choice for neutropenia due to cancer chemotherapy is :' → C
  [ICL 3] 'In transoral sialolithotomy of the submandibular duct, the incision for removal ' → A
  [TEST] 'A 2 year old boy has vitamin D refractory rickets. Investigations show serum cal'

--- 1-1-1 | sample 19 | layer 14 ---
  [ICL 1] 'Most common cause of inseional tendonitis of tendoachilles is:' → A
  [ICL 2] 'Which one of the following is a prodrug?' → B
  [ICL 3] 'Best test for Small intestine malabsorption of carbohydrates is -' → C
  [TEST] 'A radiograph is shown below. This type of root morphology has highest incidence '

